Date,sp500,vix,realized
1996-10-07,703.3400268554688,15.109999656677246,
1996-10-08,700.6400146484375,15.579999923706055,9.074936172554384
1996-10-09,696.739990234375,16.09000015258789,8.725783152795223
1996-10-10,694.6099853515625,16.260000228881836,8.552807398581074
1996-10-11,700.6599731445312,15.069999694824219,8.248198003454924
1996-10-14,703.5399780273438,15.130000114440918,8.40557854581056
1996-10-15,702.5700073242188,15.829999923706055,8.329666811023783
1996-10-16,704.4099731445312,15.600000381469727,8.47762255148436
1996-10-17,706.989990234375,15.40999984741211,8.459166631856863
1996-10-18,710.8200073242188,15.079999923706055,8.41991872574704
1996-10-21,709.8499755859375,15.979999542236328,8.52755015373729
1996-10-22,706.5700073242188,16.399999618530273,8.166382032601124
1996-10-23,707.27001953125,16.450000762939453,8.274366206812143
1996-10-24,702.2899780273438,16.889999389648438,7.749215545050378
1996-10-25,700.9199829101562,17.290000915527344,7.993875269282594
1996-10-28,697.260009765625,18.34000015258789,7.555266083045097
1996-10-29,701.5,18.280000686645508,7.710046105331313
1996-10-30,700.9000244140625,18.479999542236328,7.554220813151804
1996-10-31,705.27001953125,18.110000610351562,7.633647421764746
1996-11-01,703.77001953125,17.889999389648438,8.94227052395423
1996-11-04,706.72998046875,18.040000915527344,9.26411568040177
1996-11-05,714.1400146484375,17.649999618530273,8.870462512844867
1996-11-06,724.5900268554688,16.969999313354492,8.069802742403551
1996-11-07,727.6500244140625,17.209999084472656,9.137038286487563
1996-11-08,730.8200073242188,15.779999732971191,9.19338064415755
1996-11-11,731.8699951171875,14.039999961853027,9.849500866915927
1996-11-12,729.5599975585938,15.359999656677246,11.27353324102761
1996-11-13,731.1300048828125,14.890000343322754,11.24919997906582
1996-11-14,735.8800048828125,13.789999961853027,11.527921658948346
1996-11-15,737.6199951171875,14.359999656677246,11.80514183795997
1996-11-18,737.02001953125,15.119999885559082,12.149991667143231
1996-11-19,742.1599731445312,15.229999542236328,13.727008109957485
1996-11-20,743.9500122070312,15.9399995803833,13.775393267181016
1996-11-21,742.75,15.770000457763672,13.797184420779468
1996-11-22,748.72998046875,14.920000076293945,13.645001633277351
1996-11-25,757.030029296875,15.90999984741211,13.266724976295945
1996-11-26,755.9600219726562,16.969999313354492,13.265341846667955
1996-11-27,755.0,16.959999084472656,13.329220109337713
1996-11-29,757.02001953125,17.139999389648438,14.585170483593465
1996-12-02,756.5599975585938,17.93000030517578,14.649742966540536
1996-12-03,748.280029296875,18.68000030517578,15.206009247662644
1996-12-04,745.0999755859375,17.93000030517578,15.129457814399053
1996-12-05,744.3800048828125,18.139999389648438,15.32908940561308
1996-12-06,739.5999755859375,18.81999969482422,15.32779481452547
1996-12-09,749.760009765625,17.75,14.87625407798394
1996-12-10,747.5399780273438,17.8799991607666,14.95694332237291
1996-12-11,740.72998046875,19.68000030517578,14.522665192270601
1996-12-12,729.2999877929688,20.450000762939453,13.64985867983921
1996-12-13,728.6400146484375,21.09000015258789,13.696373517050265
1996-12-16,720.97998046875,21.989999771118164,12.851246895049389
1996-12-17,726.0399780273438,20.770000457763672,12.909025800827367
1996-12-18,731.5399780273438,19.420000076293945,12.83519732932375
1996-12-19,745.760009765625,18.770000457763672,11.534466543680454
1996-12-20,748.8699951171875,18.850000381469727,11.541322704396002
1996-12-23,746.9199829101562,19.5,12.343466514363984
1996-12-24,751.030029296875,18.68000030517578,12.835463199478129
1996-12-26,755.8200073242188,18.59000015258789,13.007010591484766
1996-12-27,756.7899780273438,19.1299991607666,13.005822051780955
1996-12-30,753.8499755859375,19.510000228881836,13.277412221548301
1996-12-31,740.739990234375,20.920000076293945,12.24506352586721
1997-01-02,737.010009765625,21.139999389648438,11.916818537873661
1997-01-03,748.030029296875,19.1299991607666,11.138350883517283
1997-01-06,747.6500244140625,19.889999389648438,11.090320524081474
1997-01-07,753.22998046875,19.350000381469727,12.32625397539477
1997-01-08,748.4099731445312,20.239999771118164,11.980830427601026
1997-01-09,754.8499755859375,20.90999984741211,12.273030212022718
1997-01-10,759.5,19.6299991607666,12.438059162466935
1997-01-13,759.510009765625,19.84000015258789,12.487272423656092
1997-01-14,768.8599853515625,19.270000457763672,13.018232448331965
1997-01-15,767.2000122070312,19.399999618530273,13.293694998200667
1997-01-16,769.75,19.610000610351562,13.497856699711095
1997-01-17,776.1699829101562,18.6299991607666,13.578092488348654
1997-01-20,776.7000122070312,18.600000381469727,13.78812147565963
1997-01-21,782.719970703125,17.809999465942383,14.459118765694596
1997-01-22,786.22998046875,17.09000015258789,14.432693216417672
1997-01-23,777.5599975585938,18.469999313354492,14.105327725166388
1997-01-24,770.52001953125,19.329999923706055,13.520286905125234
1997-01-27,765.02001953125,20.15999984741211,13.584097717162082
1997-01-28,765.02001953125,20.739999771118164,14.623731959321558
1997-01-29,772.5,20.229999542236328,14.531164417869219
1997-01-30,784.1699829101562,19.469999313354492,13.74660484755162
1997-01-31,786.1599731445312,19.469999313354492,13.890280730888577
1997-02-03,786.72998046875,19.579999923706055,14.665947235423033
1997-02-04,789.260009765625,19.43000030517578,14.747771531029342
1997-02-05,778.280029296875,21.059999465942383,13.957897052805942
1997-02-06,780.1500244140625,20.15999984741211,14.31107384539928
1997-02-07,789.5599975585938,18.899999618530273,13.923945688912545
1997-02-10,785.4299926757812,20.649999618530273,14.183261796868724
1997-02-11,789.5900268554688,19.969999313354492,15.617051649190863
1997-02-12,802.77001953125,19.479999542236328,14.529822259524947
1997-02-13,811.8200073242188,19.229999542236328,13.965204283077123
1997-02-14,808.47998046875,19.18000030517578,14.11761907669453
1997-02-18,816.2899780273438,19.700000762939453,13.614363254804887
1997-02-19,812.489990234375,20.610000610351562,13.598292533620693
1997-02-20,802.7999877929688,21.40999984741211,13.125353500682962
1997-02-21,801.77001953125,20.549999237060547,13.551668667230482
1997-02-24,810.280029296875,19.84000015258789,12.929404536700728
1997-02-25,812.030029296875,19.979999542236328,12.918397644606472
1997-02-26,805.6799926757812,20.739999771118164,14.512490204787177
1997-02-27,795.0700073242188,21.079999923706055,15.628542401250206
1997-02-28,790.8200073242188,21.100000381469727,15.705619917860423
1997-03-03,795.3099975585938,20.889999389648438,15.870633958635876
1997-03-04,790.9500122070312,20.6200008392334,15.87247371190004
1997-03-05,801.989990234375,19.489999771118164,15.425913864247082
1997-03-06,798.5599975585938,20.479999542236328,15.673214341378111
1997-03-07,804.969970703125,19.31999969482422,15.47357252902716
1997-03-10,813.6500244140625,19.0,14.796362637044568
1997-03-11,811.3400268554688,19.25,14.796018944031008
1997-03-12,804.260009765625,19.610000610351562,16.976355619424123
1997-03-13,789.5599975585938,19.790000915527344,16.649354039139837
1997-03-14,793.1699829101562,19.809999465942383,17.559336341393443
1997-03-17,795.7100219726562,20.950000762939453,18.12741114069833
1997-03-18,789.6599731445312,21.260000228881836,18.011157912323885
1997-03-19,785.77001953125,21.739999771118164,18.161307999593657
1997-03-20,782.6500244140625,21.219999313354492,18.28394068480242
1997-03-21,784.0999755859375,19.690000534057617,19.52853433656749
1997-03-24,790.8900146484375,20.059999465942383,19.23969321254548
1997-03-25,789.0700073242188,19.260000228881836,19.24934505241394
1997-03-26,790.5,18.31999969482422,19.34486045654763
1997-03-27,773.8800048828125,20.5,18.32637905164397
1997-03-31,757.1199951171875,22.139999389648438,18.792461847740036
1997-04-01,759.6400146484375,20.84000015258789,18.94101701836528
1997-04-02,750.1099853515625,21.299999237060547,18.272730687782452
1997-04-03,750.3200073242188,21.190000534057617,18.953685388480373
1997-04-04,757.9000244140625,19.229999542236328,19.777832332728398
1997-04-07,762.1300048828125,18.510000228881836,19.935416082952614
1997-04-08,766.1199951171875,18.440000534057617,20.950248090773623
1997-04-09,760.5999755859375,18.559999465942383,20.632132693128945
1997-04-10,758.3400268554688,19.010000228881836,20.500427668505523
1997-04-11,737.6500244140625,19.760000228881836,17.30417675816775
1997-04-14,743.72998046875,19.09000015258789,17.729406707237093
1997-04-15,754.719970703125,18.25,17.413593829828628
1997-04-16,763.530029296875,17.639999389648438,17.260983346535255
1997-04-17,761.77001953125,18.709999084472656,18.363636581768112
1997-04-18,766.3400268554688,18.75,18.350697727993104
1997-04-21,760.3699951171875,20.100000381469727,17.94028157903112
1997-04-22,774.6099853515625,19.520000457763672,17.397401771883118
1997-04-23,773.6400146484375,20.479999542236328,17.546939298101876
1997-04-24,771.1799926757812,20.829999923706055,17.677754953753528
1997-04-25,765.3699951171875,21.149999618530273,17.140444850175403
1997-04-28,772.9600219726562,21.34000015258789,17.254243318938034
1997-04-29,794.0499877929688,19.809999465942383,15.36904897849396
1997-04-30,801.3400268554688,20.059999465942383,15.223178550974067
1997-05-01,798.530029296875,19.8700008392334,15.164971487701301
1997-05-02,812.969970703125,17.510000228881836,14.16767149721308
1997-05-05,830.2899780273438,20.1299991607666,12.579303920781342
1997-05-06,827.760009765625,20.850000381469727,12.559647581434973
1997-05-07,815.6199951171875,21.34000015258789,12.407999266271123
1997-05-08,820.260009765625,21.260000228881836,12.408722591973426
1997-05-09,824.780029296875,20.110000610351562,12.359075232079928
1997-05-12,837.6599731445312,20.25,11.44479069789782
1997-05-13,833.1300048828125,20.809999465942383,12.11050325611645
1997-05-14,836.0399780273438,21.09000015258789,12.443326526576167
1997-05-15,841.8800048828125,19.90999984741211,12.39069828939376
1997-05-16,829.75,21.56999969482422,10.714736544934562
1997-05-19,833.27001953125,21.479999542236328,11.211424194492693
1997-05-20,841.6599731445312,19.260000228881836,11.209545024875165
1997-05-21,839.3499755859375,19.280000686645508,11.043313395692994
1997-05-22,835.6599731445312,18.770000457763672,14.027644560790135
1997-05-23,847.030029296875,18.079999923706055,14.827888124243524
1997-05-27,849.7100219726562,19.360000610351562,15.300596280580598
1997-05-28,847.2100219726562,19.280000686645508,15.46389526450495
1997-05-29,844.0800170898438,19.020000457763672,15.336494779150225
1997-05-30,848.280029296875,19.190000534057617,15.393457083180722
1997-06-02,846.3599853515625,20.850000381469727,15.389508283893136
1997-06-03,845.47998046875,20.010000228881836,15.877888166408841
1997-06-04,840.1099853515625,20.100000381469727,15.912990376475378
1997-06-05,843.4299926757812,20.360000610351562,16.23824956672771
1997-06-06,858.010009765625,18.940000534057617,15.553529958476412
1997-06-09,862.9099731445312,19.459999084472656,16.420364532536944
1997-06-10,865.27001953125,19.040000915527344,16.49269376921469
1997-06-11,869.5700073242188,18.850000381469727,16.472074923968176
1997-06-12,883.4600219726562,18.510000228881836,15.741790310169248
1997-06-13,893.27001953125,19.270000457763672,15.552132850410882
1997-06-16,893.9000244140625,19.770000457763672,15.920120114108693
1997-06-17,894.4199829101562,20.170000076293945,16.127287311061234
1997-06-18,889.0599975585938,20.450000762939453,17.31258680974433
1997-06-19,897.989990234375,20.100000381469727,17.07104960797513
1997-06-20,898.7000122070312,20.200000762939453,18.69476871609768
1997-06-23,878.6199951171875,21.190000534057617,16.44817256269411
1997-06-24,896.3400268554688,20.739999771118164,15.26509354888714
1997-06-25,888.989990234375,21.5,14.857164926648112
1997-06-26,883.6799926757812,21.81999969482422,14.650537335578184
1997-06-27,887.2999877929688,21.219999313354492,14.693314161098476
1997-06-30,885.1400146484375,21.530000686645508,14.79180940196461
1997-07-01,891.030029296875,21.0,14.753274986384243
1997-07-02,904.030029296875,19.700000762939453,14.615558691012746
1997-07-03,916.9199829101562,17.81999969482422,13.968041285250713
1997-07-07,912.2000122070312,19.1299991607666,13.743200401677788
1997-07-08,918.75,18.760000228881836,13.803108503835379
1997-07-09,907.5399780273438,20.399999618530273,13.473806649667994
1997-07-10,913.780029296875,19.920000076293945,15.176441418364394
1997-07-11,916.6799926757812,19.059999465942383,15.187028414651039
1997-07-14,918.3800048828125,19.579999923706055,15.7651089028704
1997-07-15,925.760009765625,19.0,15.615284369704066
1997-07-16,936.5900268554688,19.360000610351562,15.067878500831483
1997-07-17,931.6099853515625,20.540000915527344,17.44913381133004
1997-07-18,915.2999877929688,22.280000686645508,17.1114589102322
1997-07-21,912.9400024414062,23.510000228881836,17.83432862734769
1997-07-22,933.97998046875,21.770000457763672,16.71653384991392
1997-07-23,936.5599975585938,21.299999237060547,17.533239850162953
1997-07-24,940.2999877929688,20.959999084472656,17.4564099059498
1997-07-25,938.7899780273438,20.81999969482422,17.482127517557903
1997-07-28,936.4500122070312,21.84000015258789,17.636443425976456
1997-07-29,942.2899780273438,22.020000457763672,17.447075414730325
1997-07-30,952.2899780273438,21.389999389648438,17.173484615389267
1997-07-31,954.3099975585938,21.479999542236328,17.104371994346476
1997-08-01,947.1400146484375,22.290000915527344,20.569838323564476
1997-08-04,950.2999877929688,21.940000534057617,20.51629389998988
1997-08-05,952.3699951171875,20.639999389648438,20.54121433627131
1997-08-06,960.3200073242188,20.049999237060547,20.25512045949623
1997-08-07,951.1900024414062,19.770000457763672,20.082667970184566
1997-08-08,933.5399780273438,22.459999084472656,19.043801530002696
1997-08-11,937.0,22.770000457763672,19.74716958242908
1997-08-12,926.530029296875,23.75,19.522879812447716
1997-08-13,922.02001953125,24.520000457763672,19.966112714802712
1997-08-14,924.77001953125,23.110000610351562,19.99795501578847
1997-08-15,900.8099975585938,24.450000762939453,19.90128420395839
1997-08-18,912.489990234375,24.3700008392334,19.590736183715713
1997-08-19,926.010009765625,22.639999389648438,19.040195548577074
1997-08-20,939.3499755859375,21.09000015258789,18.451652316576542
1997-08-21,925.0499877929688,23.829999923706055,17.57107641976089
1997-08-22,923.5399780273438,24.739999771118164,17.631456253806196
1997-08-25,920.1599731445312,24.100000381469727,17.842920397661143
1997-08-26,913.02001953125,24.729999542236328,17.79344219903648
1997-08-27,913.7000122070312,24.260000228881836,17.932381908352152
1997-08-28,903.6699829101562,24.510000228881836,17.468867012659782
1997-08-29,899.469970703125,24.760000228881836,17.568044446529527
1997-09-02,927.5800170898438,24.530000686645508,14.46945654730316
1997-09-03,927.8599853515625,24.950000762939453,14.523919312227651
1997-09-04,930.8699951171875,25.270000457763672,14.554143238683311
1997-09-05,929.0499877929688,24.309999465942383,14.641283407589539
1997-09-08,931.2000122070312,24.399999618530273,14.933416502950342
1997-09-09,933.6199951171875,23.889999389648438,15.507451361847874
1997-09-10,919.030029296875,24.639999389648438,14.26115741802536
1997-09-11,912.5900268554688,25.989999771118164,14.02562005391356
1997-09-12,923.9099731445312,25.170000076293945,13.592241823824564
1997-09-15,919.77001953125,25.739999771118164,13.37137692791267
1997-09-16,945.6400146484375,23.770000457763672,9.957072377075413
1997-09-17,943.0,24.100000381469727,10.713557176464246
1997-09-18,947.2899780273438,23.479999542236328,11.414902335222923
1997-09-19,950.510009765625,22.739999771118164,12.126474556115188
1997-09-22,955.4299926757812,22.079999923706055,13.405793177588244
1997-09-23,951.9299926757812,22.0,13.416012999643295
1997-09-24,944.47998046875,22.639999389648438,14.734161553811276
1997-09-25,937.9099731445312,22.959999084472656,14.921347459234163
1997-09-26,945.219970703125,22.260000228881836,28.616696755057692
1997-09-29,953.3400268554688,22.229999542236328,33.914350387775045
1997-09-30,947.280029296875,22.90999984741211,33.874123938744106
1997-10-01,955.4099731445312,22.31999969482422,34.08020685474365
1997-10-02,960.4600219726562,22.270000457763672,34.35761954514762
1997-10-03,965.030029296875,21.540000915527344,35.70145859747915
1997-10-06,972.6900024414062,21.610000610351562,35.56642066165086
1997-10-07,983.1199951171875,20.290000915527344,35.31778393025471
1997-10-08,973.8400268554688,20.770000457763672,35.23239407690609
1997-10-09,970.6199951171875,22.309999465942383,35.38367652872322
1997-10-10,966.97998046875,19.75,35.41828420006262
1997-10-13,968.0999755859375,20.260000228881836,35.44443652004316
1997-10-14,970.280029296875,19.989999771118164,35.894661675401544
1997-10-15,965.719970703125,20.049999237060547,36.26180378925557
1997-10-16,955.25,20.530000686645508,36.49101280098386
1997-10-17,944.1599731445312,21.690000534057617,36.945668256110544
1997-10-20,955.6099853515625,20.719999313354492,36.79261028740377
1997-10-21,972.280029296875,19.530000686645508,36.314946275705964
1997-10-22,968.489990234375,19.860000610351562,36.74343665400905
1997-10-23,950.6900024414062,22.989999771118164,36.174631134139084
1997-10-24,941.6400146484375,23.170000076293945,36.5400278334003
1997-10-27,876.989990234375,31.1200008392334,25.711978762696795
1997-10-28,921.8499755859375,31.219999313354492,19.512913780088446
1997-10-29,919.1599731445312,33.75,19.461087595885523
1997-10-30,903.6799926757812,38.20000076293945,19.17578665743385
1997-10-31,914.6199951171875,35.09000015258789,19.05697463811547
1997-11-03,938.989990234375,32.09000015258789,17.091480920671582
1997-11-04,940.760009765625,32.2400016784668,17.20288744330887
1997-11-05,942.760009765625,32.18000030517578,17.50362214741857
1997-11-06,938.030029296875,32.56999969482422,17.364965359026183
1997-11-07,927.510009765625,36.27000045776367,16.987596672450746
1997-11-10,921.1300048828125,36.630001068115234,16.938009412468638
1997-11-11,923.780029296875,36.380001068115234,18.032075973655864
1997-11-12,905.9600219726562,37.84000015258789,16.39086590763338
1997-11-13,916.6599731445312,36.63999938964844,16.303321270502714
1997-11-14,928.3499755859375,33.65999984741211,15.899797651750468
1997-11-17,946.2000122070312,31.579999923706055,14.69703996685808
1997-11-18,938.22998046875,31.549999237060547,14.893518383731518
1997-11-19,944.5900268554688,29.93000030517578,15.102871955063854
1997-11-20,958.97998046875,27.31999969482422,14.346631525613121
1997-11-21,963.0900268554688,26.649999618530273,15.15782913209405
1997-11-24,946.6699829101562,29.799999237060547,14.17494500758989
1997-11-25,950.8200073242188,28.950000762939453,14.159600924138688
1997-11-26,951.6400146484375,28.950000762939453,15.557342005919809
1997-11-28,955.4000244140625,27.43000030517578,16.738930201673224
1997-12-01,974.77001953125,26.010000228881836,15.194609857210436
1997-12-02,971.6799926757812,25.65999984741211,15.247423600491878
1997-12-03,976.77001953125,23.920000076293945,15.154550602083253
1997-12-04,973.0999755859375,23.84000015258789,15.565513068330642
1997-12-05,983.7899780273438,22.649999618530273,15.03124433179647
1997-12-08,982.3699951171875,23.219999313354492,15.243637331108326
1997-12-09,975.780029296875,23.360000610351562,18.16624909377681
1997-12-10,969.7899780273438,24.549999237060547,18.804053369522943
1997-12-11,954.9400024414062,27.6299991607666,18.7930884166223
1997-12-12,953.3900146484375,27.920000076293945,18.9061765147065
1997-12-15,963.3900146484375,27.3700008392334,18.708378992868248
1997-12-16,968.0399780273438,26.110000610351562,19.07550042976097
1997-12-17,965.5399780273438,26.329999923706055,20.03331034210542
1997-12-18,955.2999877929688,27.190000534057617,19.864159504227015
1997-12-19,946.780029296875,29.18000030517578,19.809730538063516
1997-12-22,953.7000122070312,28.559999465942383,19.78488695997517
1997-12-23,939.1300048828125,29.860000610351562,18.963484606625446
1997-12-24,932.7000122070312,30.270000457763672,19.152685105382332
1997-12-26,936.4600219726562,29.270000457763672,19.28732667981336
1997-12-29,953.3499755859375,26.790000915527344,18.563293861495076
1997-12-30,970.8400268554688,24.3799991607666,17.678453935539604
1997-12-31,970.4299926757812,24.010000228881836,19.072239113686457
1998-01-02,975.0399780273438,23.420000076293945,19.071675613617355
1998-01-05,977.0700073242188,24.360000610351562,19.071466056232474
1998-01-06,966.5800170898438,25.65999984741211,18.639350999559063
1998-01-07,964.0,25.06999969482422,18.719172890119236
1998-01-08,956.0499877929688,26.010000228881836,18.38472213823779
1998-01-09,927.6900024414062,28.690000534057617,14.063706246001168
1998-01-12,939.2100219726562,28.020000457763672,13.81097376522834
1998-01-13,952.1199951171875,25.170000076293945,13.352193696651222
1998-01-14,957.9400024414062,23.75,13.556277168238337
1998-01-15,950.72998046875,23.450000762939453,13.005781966379503
1998-01-16,961.510009765625,21.649999618530273,12.860916623228787
1998-01-20,978.5999755859375,21.649999618530273,11.974681086302432
1998-01-21,970.8099975585938,22.530000686645508,11.411029462962986
1998-01-22,963.0399780273438,23.15999984741211,10.680286760317411
1998-01-23,957.5900268554688,23.31999969482422,10.874289220372646
1998-01-26,956.9500122070312,23.969999313354492,11.136359156462348
1998-01-27,969.02001953125,22.270000457763672,10.724070466884804
1998-01-28,977.4600219726562,22.059999465942383,10.621157701959364
1998-01-29,985.489990234375,21.649999618530273,10.60243999571317
1998-01-30,980.280029296875,21.469999313354492,10.176280561089355
1998-02-02,1001.27001953125,21.360000610351562,8.204314887868177
1998-02-03,1006.0,20.670000076293945,9.4505694276037
1998-02-04,1006.9000244140625,20.549999237060547,11.391339396696578
1998-02-05,1003.5399780273438,21.290000915527344,11.383023292835588
1998-02-06,1012.4600219726562,20.510000228881836,11.589832727336654
1998-02-09,1010.739990234375,21.549999237060547,11.504529362730509
1998-02-10,1019.010009765625,20.65999984741211,11.334451570271769
1998-02-11,1020.010009765625,20.3799991607666,11.392941418333045
1998-02-12,1024.1400146484375,19.729999542236328,11.690222297964192
1998-02-13,1020.0900268554688,19.84000015258789,11.467329352671428
1998-02-17,1022.760009765625,20.760000228881836,11.486875087203817
1998-02-18,1032.0799560546875,19.65999984741211,11.270541602254598
1998-02-19,1028.280029296875,19.8799991607666,11.212355635939069
1998-02-20,1034.2099609375,19.0,11.386617183568362
1998-02-23,1038.1400146484375,18.989999771118164,11.599867992877211
1998-02-24,1030.56005859375,19.350000381469727,11.230983427525896
1998-02-25,1042.9000244140625,18.6200008392334,10.853656204003013
1998-02-26,1048.6700439453125,18.6299991607666,11.09331879750299
1998-02-27,1049.3399658203125,18.549999237060547,11.160139653062567
1998-03-02,1047.699951171875,19.190000534057617,11.235898353070162
1998-03-03,1052.02001953125,19.040000915527344,11.283163856105363
1998-03-04,1047.3299560546875,19.579999923706055,11.325898277723066
1998-03-05,1035.050048828125,20.93000030517578,9.94173326572719
1998-03-06,1055.68994140625,19.139999389648438,8.226290233956034
1998-03-09,1052.31005859375,20.229999542236328,9.250911889319829
1998-03-10,1064.25,19.43000030517578,9.2546636078121
1998-03-11,1068.469970703125,18.889999389648438,9.497820902676139
1998-03-12,1069.9200439453125,18.25,9.543885347648388
1998-03-13,1068.6099853515625,18.709999084472656,9.56268975589654
1998-03-16,1079.27001953125,18.510000228881836,9.139552039204037
1998-03-17,1080.449951171875,18.65999984741211,10.006230249337936
1998-03-18,1085.52001953125,18.290000915527344,10.76292209980064
1998-03-19,1089.739990234375,17.760000228881836,10.733507888234664
1998-03-20,1099.1600341796875,18.690000534057617,10.428278132342975
1998-03-23,1095.550048828125,19.979999542236328,10.324872977094577
1998-03-24,1105.6500244140625,20.510000228881836,10.627309612361199
1998-03-25,1101.9300537109375,22.540000915527344,11.230835193777738
1998-03-26,1100.800048828125,22.809999465942383,13.149464055043858
1998-03-27,1095.43994140625,23.469999313354492,13.061636444275532
1998-03-30,1093.5999755859375,24.65999984741211,13.430469764111344
1998-03-31,1101.75,24.219999313354492,14.259313544157548
1998-04-01,1108.1500244140625,23.3700008392334,14.402902715141169
1998-04-02,1120.010009765625,21.979999542236328,13.93039878191975
1998-04-03,1122.699951171875,21.81999969482422,14.051618952423905
1998-04-06,1121.3800048828125,22.469999313354492,14.410166313426364
1998-04-07,1109.550048828125,23.65999984741211,14.27330347325394
1998-04-08,1101.6500244140625,23.170000076293945,14.685318309053342
1998-04-09,1110.6700439453125,21.510000228881836,14.409691735214198
1998-04-13,1109.68994140625,22.770000457763672,14.696368219953602
1998-04-14,1115.75,21.610000610351562,14.605855119885652
1998-04-15,1119.3199462890625,20.889999389648438,14.570422195353613
1998-04-16,1108.1700439453125,22.059999465942383,14.397146636137236
1998-04-17,1122.719970703125,20.760000228881836,13.613603321240014
1998-04-20,1123.6500244140625,20.389999389648438,13.677322469716547
1998-04-21,1126.6700439453125,19.90999984741211,14.002949482702471
1998-04-22,1130.5400390625,19.440000534057617,13.987367617258903
1998-04-23,1119.5799560546875,20.600000381469727,13.647780712110519
1998-04-24,1107.9000244140625,21.969999313354492,14.13915499524949
1998-04-27,1086.5400390625,26.09000015258789,12.381004540542035
1998-04-28,1085.1099853515625,24.170000076293945,12.469135693397702
1998-04-29,1094.6199951171875,22.780000686645508,12.30595268974094
1998-04-30,1111.75,21.18000030517578,10.90855083459253
1998-05-01,1121.0,19.34000015258789,10.451407217059089
1998-05-04,1122.0699462890625,20.31999969482422,10.81510624295814
1998-05-05,1115.5,21.459999084472656,11.56403821953511
1998-05-06,1104.9200439453125,22.790000915527344,12.704715776210293
1998-05-07,1095.1400146484375,23.389999389648438,12.251969373886181
1998-05-08,1108.1400146484375,20.56999969482422,11.613102546019233
1998-05-11,1106.6400146484375,21.049999237060547,11.781111673781309
1998-05-12,1115.7900390625,20.979999542236328,12.67356009393526
1998-05-13,1118.8599853515625,20.440000534057617,12.720970488608593
1998-05-14,1117.3699951171875,19.639999389648438,14.358610120834166
1998-05-15,1108.72998046875,20.440000534057617,14.714448608194482
1998-05-18,1105.8199462890625,21.690000534057617,16.05402653216817
1998-05-19,1109.52001953125,20.389999389648438,16.010677636065157
1998-05-20,1119.06005859375,19.889999389648438,15.776208899774113
1998-05-21,1114.6400146484375,19.3799991607666,15.76733462967228
1998-05-22,1110.469970703125,18.989999771118164,16.55665208798532
1998-05-26,1094.02001953125,22.06999969482422,16.029767143230693
1998-05-27,1092.22998046875,22.59000015258789,16.078707799794202
1998-05-28,1097.5999755859375,20.739999771118164,16.049009265380363
1998-05-29,1090.8199462890625,21.31999969482422,15.830413212739991
1998-06-01,1090.97998046875,22.829999923706055,15.961767252217687
1998-06-02,1093.219970703125,22.0,16.416152424650832
1998-06-03,1082.72998046875,22.850000381469727,15.913623744138159
1998-06-04,1094.8299560546875,21.219999313354492,15.814384167557687
1998-06-05,1113.8599853515625,19.780000686645508,14.96923670600154
1998-06-08,1115.719970703125,20.579999923706055,15.24834789484685
1998-06-09,1118.4100341796875,20.520000457763672,15.551538831858839
1998-06-10,1112.280029296875,21.479999542236328,15.364512349350814
1998-06-11,1094.5799560546875,23.56999969482422,13.885823420067123
1998-06-12,1098.8399658203125,22.780000686645508,14.132312903418805
1998-06-15,1077.010009765625,25.940000534057617,11.536680945013794
1998-06-16,1087.5899658203125,24.799999237060547,11.434237402656148
1998-06-17,1107.1099853515625,22.889999389648438,10.28955779901276
1998-06-18,1106.3699951171875,22.399999618530273,10.379776337528329
1998-06-19,1100.6500244140625,21.920000076293945,12.069736197832729
1998-06-22,1103.2099609375,21.940000534057617,12.132397746770227
1998-06-23,1119.489990234375,20.170000076293945,13.847249611534709
1998-06-24,1132.8800048828125,20.020000457763672,13.254420358366131
1998-06-25,1129.280029296875,20.25,13.312612351815222
1998-06-26,1133.199951171875,19.360000610351562,14.330090426215495
1998-06-29,1138.489990234375,19.56999969482422,14.294760602043443
1998-06-30,1133.8399658203125,19.709999084472656,15.280831000412745
1998-07-01,1148.56005859375,18.0,16.06633350741518
1998-07-02,1146.4200439453125,17.670000076293945,16.208902768418408
1998-07-06,1157.3299560546875,18.6299991607666,19.836634188800257
1998-07-07,1154.6600341796875,18.6200008392334,20.287283938211942
1998-07-08,1166.3800048828125,17.81999969482422,20.096592005337257
1998-07-09,1158.56005859375,18.15999984741211,20.081730481738823
1998-07-10,1164.3299560546875,17.920000076293945,19.893894881738326
1998-07-13,1165.18994140625,18.260000228881836,20.107315670676954
1998-07-14,1177.5799560546875,17.8799991607666,20.471450683488953
1998-07-15,1174.81005859375,17.889999389648438,20.525658603987974
1998-07-16,1183.989990234375,16.969999313354492,20.182710726284046
1998-07-17,1186.75,16.229999542236328,21.795024924387338
1998-07-20,1184.0999755859375,17.34000015258789,22.90782610561294
1998-07-21,1165.0699462890625,20.100000381469727,22.433829220563073
1998-07-22,1164.0799560546875,20.31999969482422,22.446145336333885
1998-07-23,1139.75,23.010000228881836,21.61494264093375
1998-07-24,1140.800048828125,23.010000228881836,21.805059315644144
1998-07-27,1147.27001953125,23.1299991607666,21.748853000386973
1998-07-28,1130.239990234375,25.25,21.368073424566127
1998-07-29,1125.2099609375,24.790000915527344,24.948996724490982
1998-07-30,1142.949951171875,22.65999984741211,24.209885584703578
1998-07-31,1120.6700439453125,24.799999237060547,32.89245603821576
1998-08-03,1112.43994140625,25.979999542236328,36.46091231786166
1998-08-04,1072.1199951171875,31.059999465942383,34.60553834191084
1998-08-05,1081.4300537109375,29.829999923706055,34.33665609572258
1998-08-06,1089.6300048828125,28.200000762939453,34.071838000625384
1998-08-07,1089.449951171875,27.020000457763672,39.03431084882642
1998-08-10,1083.1400146484375,28.75,39.32842672498916
1998-08-11,1068.97998046875,31.90999984741211,39.98486346264882
1998-08-12,1084.219970703125,28.549999237060547,41.15652611876937
1998-08-13,1074.9100341796875,29.920000076293945,41.90639781975295
1998-08-14,1062.75,34.34000015258789,41.89221445145544
1998-08-17,1083.6700439453125,31.860000610351562,41.35020971922785
1998-08-18,1101.199951171875,28.399999618530273,41.625002449223715
1998-08-19,1098.06005859375,28.690000534057617,41.659019996295214
1998-08-20,1091.5999755859375,30.0,41.72260150015109
1998-08-21,1081.239990234375,33.13999938964844,41.75531313277489
1998-08-24,1088.1400146484375,31.799999237060547,43.62133160358144
1998-08-25,1092.8499755859375,30.329999923706055,44.177572406182655
1998-08-26,1084.18994140625,31.139999389648438,44.14917949764437
1998-08-27,1042.5899658203125,38.54999923706055,42.024895740288244
1998-08-28,1027.1400146484375,39.599998474121094,41.66002715734691
1998-08-31,957.280029296875,44.279998779296875,34.815279862492076
1998-09-01,994.260009765625,36.47999954223633,34.211757399542115
1998-09-02,990.47998046875,36.7599983215332,34.66388232424382
1998-09-03,982.260009765625,41.43000030517578,34.90752842802394
1998-09-04,973.8900146484375,43.310001373291016,34.79766087804508
1998-09-08,1023.4600219726562,37.900001525878906,30.161675423202304
1998-09-09,1006.2000122070312,39.65999984741211,29.89320698831665
1998-09-10,980.1900024414062,45.290000915527344,30.061609655891374
1998-09-11,1009.0599975585938,43.7400016784668,28.62922943586498
1998-09-14,1029.719970703125,38.56999969482422,27.61477288367635
1998-09-15,1037.6800537109375,36.58000183105469,27.76337174727083
1998-09-16,1045.47998046875,35.939998626708984,31.308924016312666
1998-09-17,1018.8699951171875,39.22999954223633,29.962288370653557
1998-09-18,1020.0900268554688,38.630001068115234,29.99189314565796
1998-09-21,1023.8900146484375,38.58000183105469,29.985192406889166
1998-09-22,1029.6300048828125,36.619998931884766,29.98557097499096
1998-09-23,1066.0899658203125,32.470001220703125,27.615201094033935
1998-09-24,1042.719970703125,34.65999984741211,26.532157266115185
1998-09-25,1044.75,34.54999923706055,26.531209811615103
1998-09-28,1048.68994140625,34.869998931884766,26.647238217931495
1998-09-29,1049.02001953125,36.08000183105469,26.654111826097743
1998-09-30,1017.010009765625,40.95000076293945,24.49821627225916
1998-10-01,986.3900146484375,43.47999954223633,21.345178963669063
1998-10-02,1002.5999755859375,40.470001220703125,21.100036215416946
1998-10-05,988.5599975585938,42.810001373291016,20.06272179418511
1998-10-06,984.5900268554688,41.20000076293945,19.760953640221175
1998-10-07,970.6799926757812,43.5099983215332,18.46137598582843
1998-10-08,959.4400024414062,45.7400016784668,17.127113729631606
1998-10-09,984.3900146484375,42.20000076293945,16.95507991535369
1998-10-12,997.7100219726562,40.06999969482422,16.995057844821435
1998-10-13,994.7999877929688,40.22999954223633,17.269352104845982
1998-10-14,1005.530029296875,38.959999084472656,17.414427642877616
1998-10-15,1047.489990234375,33.34000015258789,11.62332571803508
1998-10-16,1056.4200439453125,34.81999969482422,11.651225938993893
1998-10-19,1062.3900146484375,33.130001068115234,11.624657473212787
1998-10-20,1063.9300537109375,33.11000061035156,11.610722450787646
1998-10-21,1069.9200439453125,33.209999084472656,11.655705080667524
1998-10-22,1078.47998046875,31.530000686645508,11.737349287696135
1998-10-23,1070.6700439453125,32.27000045776367,12.490584248997298
1998-10-26,1072.3199462890625,32.380001068115234,12.859805072805516
1998-10-27,1065.3399658203125,32.95000076293945,12.215504235138093
1998-10-28,1068.0899658203125,32.41999816894531,12.182089524406644
1998-10-29,1085.9300537109375,29.5,15.252001736300718
1998-10-30,1098.6700439453125,28.049999237060547,15.14532235898999
1998-11-02,1111.5999755859375,27.260000228881836,14.982892282417792
1998-11-03,1110.8399658203125,27.760000228881836,16.590654525516683
1998-11-04,1118.6700439453125,27.3700008392334,18.077292196974533
1998-11-05,1133.8499755859375,26.010000228881836,17.80945707042534
1998-11-06,1141.010009765625,25.700000762939453,17.928600646659255
1998-11-09,1130.199951171875,28.09000015258789,17.462396918702872
1998-11-10,1128.260009765625,28.170000076293945,18.501524257048732
1998-11-11,1120.969970703125,28.469999313354492,18.272316615391677
1998-11-12,1117.68994140625,29.280000686645508,20.002081091096503
1998-11-13,1125.719970703125,29.030000686645508,20.840720008697296
1998-11-16,1135.8699951171875,28.899999618530273,20.67558521680674
1998-11-17,1139.3199462890625,27.950000762939453,21.258886520741775
1998-11-18,1144.47998046875,27.1299991607666,21.311997832282113
1998-11-19,1152.6099853515625,25.5,21.55638994782494
1998-11-20,1163.550048828125,22.469999313354492,21.39009131671218
1998-11-23,1188.2099609375,21.84000015258789,21.34063799794632
1998-11-24,1182.989990234375,23.280000686645508,21.268508911436513
1998-11-25,1186.8699951171875,22.149999618530273,21.275431663458672
1998-11-27,1192.3299560546875,22.09000015258789,21.639635662318682
1998-11-30,1163.6300048828125,26.010000228881836,19.79681346759525
1998-12-01,1175.280029296875,24.969999313354492,19.68374077940426
1998-12-02,1171.25,25.43000030517578,19.6131854264937
1998-12-03,1150.1400146484375,28.700000762939453,18.49024970295387
1998-12-04,1176.739990234375,25.309999465942383,18.367228693272118
1998-12-07,1187.699951171875,24.899999618530273,18.354891757347712
1998-12-08,1181.3800048828125,25.579999923706055,18.092879727301785
1998-12-09,1183.489990234375,25.65999984741211,18.596321075176242
1998-12-10,1165.02001953125,26.809999465942383,19.1123061585402
1998-12-11,1166.4599609375,27.719999313354492,19.262830969628027
1998-12-14,1141.199951171875,31.309999465942383,18.697000247087143
1998-12-15,1162.8299560546875,29.420000076293945,19.516012161305063
1998-12-16,1161.93994140625,29.959999084472656,19.503465855440226
1998-12-17,1179.97998046875,27.959999084472656,19.0227341802803
1998-12-18,1188.030029296875,25.040000915527344,20.201553809074827
1998-12-21,1202.8399658203125,23.860000610351562,20.101928403934302
1998-12-22,1203.5699462890625,22.780000686645508,20.218267231290103
1998-12-23,1228.5400390625,20.209999084472656,19.610617264508402
1998-12-24,1226.27001953125,21.479999542236328,19.798631071747696
1998-12-28,1225.489990234375,23.5,20.648973146513256
1998-12-29,1241.81005859375,22.18000030517578,20.516431617794485
1998-12-30,1231.9300537109375,23.34000015258789,20.377559086325736
1998-12-31,1229.22998046875,24.420000076293945,20.650609784194152
1999-01-04,1228.0999755859375,26.170000076293945,20.761551117964554
1999-01-05,1244.780029296875,24.459999084472656,21.438121941670165
1999-01-06,1272.3399658203125,23.34000015258789,20.045488277950234
1999-01-07,1269.72998046875,24.3700008392334,20.11017373081293
1999-01-08,1275.0899658203125,23.280000686645508,21.328156905664216
1999-01-11,1263.8800048828125,25.459999084472656,21.374006874400152
1999-01-12,1239.510009765625,28.100000381469727,22.156586020108243
1999-01-13,1234.4000244140625,30.110000610351562,23.155997541608933
1999-01-14,1212.18994140625,32.97999954223633,22.418573894731605
1999-01-15,1243.260009765625,29.239999771118164,21.220769887912816
1999-01-19,1252.0,29.239999771118164,21.432747421983738
1999-01-20,1256.6199951171875,28.600000381469727,21.392410987058867
1999-01-21,1235.1600341796875,30.920000076293945,22.423400319178597
1999-01-22,1225.18994140625,31.950000762939453,22.17382197974727
1999-01-25,1233.97998046875,31.1299991607666,22.735284954223445
1999-01-26,1252.31005859375,29.229999542236328,22.280973590260995
1999-01-27,1243.1700439453125,29.729999542236328,22.213771174116204
1999-01-28,1265.3699951171875,28.110000610351562,21.24107981658646
1999-01-29,1279.6400146484375,26.25,20.900932521200556
1999-02-01,1273.0,27.670000076293945,20.90883976841195
1999-02-02,1261.989990234375,28.15999984741211,21.544904702075048
1999-02-03,1272.0699462890625,27.8799991607666,22.867553014123555
1999-02-04,1248.489990234375,29.479999542236328,21.875185131985457
1999-02-05,1239.4000244140625,29.670000076293945,21.69431462930115
1999-02-08,1243.77001953125,30.270000457763672,21.727014761051272
1999-02-09,1216.1400146484375,31.360000610351562,19.97557146740719
1999-02-10,1223.550048828125,30.450000762939453,20.031177401983737
1999-02-11,1254.0400390625,27.420000076293945,18.590586443010523
1999-02-12,1230.1300048828125,29.760000228881836,16.959881522235325
1999-02-16,1241.8699951171875,29.649999618530273,17.081117828838664
1999-02-17,1224.030029296875,30.649999618530273,16.463559896456516
1999-02-18,1237.280029296875,30.450000762939453,17.20156653791173
1999-02-19,1239.219970703125,29.299999237060547,17.258537750302686
1999-02-22,1272.1400146484375,25.8700008392334,17.802198823969047
1999-02-23,1271.1800537109375,26.489999771118164,17.90164846644174
1999-02-24,1253.4100341796875,27.209999084472656,18.050418968949003
1999-02-25,1245.02001953125,28.010000228881836,17.990928763088316
1999-02-26,1238.3299560546875,27.8799991607666,19.0382516815406
1999-03-01,1236.1600341796875,28.3700008392334,19.29107280343321
1999-03-02,1225.5,29.219999313354492,19.486664761404832
1999-03-03,1227.699951171875,29.040000915527344,19.520566563392254
1999-03-04,1246.6400146484375,26.670000076293945,20.07792720812938
1999-03-05,1275.469970703125,24.079999923706055,18.756281182603548
1999-03-08,1282.72998046875,24.540000915527344,18.791591925756183
1999-03-09,1279.8399658203125,25.020000457763672,19.121845759569354
1999-03-10,1286.8399658203125,24.790000915527344,19.091637458943275
1999-03-11,1297.6800537109375,24.3700008392334,19.061313922429683
1999-03-12,1294.5899658203125,24.84000015258789,19.23846201068508
1999-03-15,1307.260009765625,25.239999771118164,19.98018234655028
1999-03-16,1306.3800048828125,25.149999618530273,20.049914219867986
1999-03-17,1297.8199462890625,25.56999969482422,19.924693035294386
1999-03-18,1316.550048828125,24.1299991607666,20.84851583736371
1999-03-19,1299.2900390625,24.31999969482422,20.880090620127874
1999-03-22,1297.010009765625,25.0,22.253543290905235
1999-03-23,1262.1400146484375,27.270000457763672,20.248642539201835
1999-03-24,1268.5899658203125,26.600000381469727,20.311112951860935
1999-03-25,1289.989990234375,24.329999923706055,19.706393571220033
1999-03-26,1282.800048828125,24.040000915527344,19.486981158393373
1999-03-29,1310.1700439453125,23.540000915527344,18.697377036826868
1999-03-30,1300.75,22.729999542236328,18.630886340782286
1999-03-31,1286.3699951171875,23.260000228881836,18.259561765978592
1999-04-01,1293.719970703125,22.059999465942383,18.742922814484693
1999-04-05,1321.1199951171875,22.190000534057617,18.547488599780404
1999-04-06,1317.8900146484375,22.649999618530273,18.899475676015257
1999-04-07,1326.8900146484375,22.809999465942383,19.249336856101237
1999-04-08,1343.97998046875,22.59000015258789,19.020572646246027
1999-04-09,1348.3499755859375,21.770000457763672,19.020689484274307
1999-04-12,1358.6300048828125,21.93000030517578,19.26027002847682
1999-04-13,1349.8199462890625,22.729999542236328,19.230092501557138
1999-04-14,1328.43994140625,24.940000534057617,18.279361474236232
1999-04-15,1322.8499755859375,23.93000030517578,19.929476485602994
1999-04-16,1319.0,23.899999618530273,19.89086459413231
1999-04-19,1289.47998046875,26.420000076293945,18.124487004321754
1999-04-20,1306.1700439453125,25.020000457763672,17.82647465887092
1999-04-21,1336.1199951171875,23.309999465942383,16.124238203821864
1999-04-22,1358.8199462890625,22.6200008392334,15.056994510136235
1999-04-23,1356.8499755859375,22.760000228881836,16.159544526053427
1999-04-26,1360.0400390625,23.530000686645508,16.925844377288666
1999-04-27,1362.800048828125,23.360000610351562,18.039234108736473
1999-04-28,1350.9100341796875,24.399999618530273,18.74708872436404
1999-04-29,1342.8299560546875,25.059999465942383,19.733601036135102
1999-04-30,1335.1800537109375,25.06999969482422,19.737067999123745
1999-05-03,1354.6300048828125,24.149999618530273,18.889030621117687
1999-05-04,1332.0,25.6200008392334,18.201568499808126
1999-05-05,1347.31005859375,25.190000534057617,19.37315820165937
1999-05-06,1332.050048828125,27.440000534057617,19.065471542414432
1999-05-07,1345.0,25.360000610351562,19.24330834720788
1999-05-10,1340.300048828125,26.6200008392334,19.232404530757233
1999-05-11,1355.6099853515625,25.6200008392334,19.081743523271097
1999-05-12,1364.0,26.1299991607666,18.927573120185354
1999-05-13,1367.56005859375,25.020000457763672,18.86516301678301
1999-05-14,1337.800048828125,26.860000610351562,17.67632317741767
1999-05-17,1339.489990234375,27.280000686645508,19.464647046987395
1999-05-18,1333.3199462890625,27.260000228881836,19.562323605796035
1999-05-19,1344.22998046875,25.079999923706055,19.366490324130957
1999-05-20,1338.8299560546875,24.459999084472656,19.37321791584935
1999-05-21,1330.2900390625,24.399999618530273,19.555957117368894
1999-05-24,1306.6500244140625,27.6200008392334,18.444303966657557
1999-05-25,1284.4000244140625,28.899999618530273,17.98280925580705
1999-05-26,1304.760009765625,27.56999969482422,17.18539787976845
1999-05-27,1281.4100341796875,28.1200008392334,16.259789808841795
1999-05-28,1301.8399658203125,25.389999389648438,16.17176540006635
1999-06-01,1294.260009765625,26.6200008392334,16.599438431107572
1999-06-02,1294.81005859375,26.209999084472656,16.61099772162869
1999-06-03,1299.5400390625,26.200000762939453,16.67830785424488
1999-06-04,1327.75,23.43000030517578,15.385172899464939
1999-06-07,1334.52001953125,23.780000686645508,15.39758125907708
1999-06-08,1317.3299560546875,24.020000457763672,14.448244904288535
1999-06-09,1318.6400146484375,23.899999618530273,14.486777860889227
1999-06-10,1302.8199462890625,25.31999969482422,13.614458810911009
1999-06-11,1293.6400146484375,25.899999618530273,13.353782509818076
1999-06-14,1294.0,26.510000228881836,13.301614925127552
1999-06-15,1301.1600341796875,25.90999984741211,13.378533467702706
1999-06-16,1330.4100341796875,22.399999618530273,11.646745779392448
1999-06-17,1339.9000244140625,21.950000762939453,12.13723542122431
1999-06-18,1342.8399658203125,21.75,14.770233252774378
1999-06-21,1349.0,21.809999465942383,14.720335671217901
1999-06-22,1335.8800048828125,21.700000762939453,15.101709767970059
1999-06-23,1333.06005859375,21.31999969482422,15.12590678105599
1999-06-24,1315.780029296875,23.059999465942383,14.545813663464113
1999-06-25,1315.31005859375,21.760000228881836,14.93530666538401
1999-06-28,1331.3499755859375,22.6299991607666,14.447475130124232
1999-06-29,1351.449951171875,22.510000228881836,14.992387691069228
1999-06-30,1372.7099609375,21.09000015258789,14.099063395502395
1999-07-01,1380.9599609375,19.690000534057617,13.838330291753637
1999-07-02,1391.219970703125,18.65999984741211,13.441772873533106
1999-07-06,1388.1199951171875,20.729999542236328,13.915359134201996
1999-07-07,1395.8599853515625,20.350000381469727,13.982713027794546
1999-07-08,1394.4200439453125,20.239999771118164,14.192668279073969
1999-07-09,1403.280029296875,17.959999084472656,13.766332191205585
1999-07-12,1399.0999755859375,19.729999542236328,14.107516415639992
1999-07-13,1393.56005859375,19.950000762939453,15.726735596377717
1999-07-14,1398.1700439453125,19.709999084472656,15.547423910281893
1999-07-15,1409.6199951171875,18.68000030517578,17.566282717059426
1999-07-16,1418.780029296875,17.420000076293945,17.345929492672056
1999-07-19,1407.6500244140625,19.06999969482422,17.819127025540258
1999-07-20,1377.0999755859375,21.790000915527344,16.499961300845715
1999-07-21,1379.2900390625,21.459999084472656,16.560485511950855
1999-07-22,1360.969970703125,23.049999237060547,16.493437761172487
1999-07-23,1356.93994140625,23.31999969482422,17.64876026717982
1999-07-26,1347.760009765625,24.979999542236328,17.48227000439781
1999-07-27,1362.8399658203125,23.229999542236328,17.665407847250734
1999-07-28,1365.4000244140625,22.850000381469727,18.409874494451678
1999-07-29,1341.030029296875,24.520000457763672,17.63159416620372
1999-07-30,1328.719970703125,24.639999389648438,18.48680933594002
1999-08-02,1328.050048828125,25.59000015258789,18.507969537018266
1999-08-03,1322.1800537109375,26.270000457763672,18.658753927669807
1999-08-04,1305.3299560546875,27.399999618530273,18.365551335881484
1999-08-05,1313.7099609375,27.010000228881836,20.705893001758753
1999-08-06,1300.2900390625,26.600000381469727,20.405864823980128
1999-08-09,1297.800048828125,27.65999984741211,20.491434845578638
1999-08-10,1281.4300537109375,28.450000762939453,19.814250445918876
1999-08-11,1301.9300537109375,25.389999389648438,19.20360564811669
1999-08-12,1298.1600341796875,25.030000686645508,19.308455195034867
1999-08-13,1327.6800537109375,22.309999465942383,17.90083167163223
1999-08-16,1330.77001953125,23.06999969482422,18.532678485461066
1999-08-17,1344.1600341796875,21.670000076293945,18.14325683503239
1999-08-18,1332.8399658203125,23.299999237060547,18.517855563955425
1999-08-19,1323.5899658203125,24.389999389648438,18.339554271738564
1999-08-20,1336.6099853515625,22.950000762939453,19.44788366939066
1999-08-23,1360.219970703125,22.549999237060547,18.29745718952911
1999-08-24,1363.5,22.399999618530273,19.664490846671605
1999-08-25,1381.7900390625,20.959999084472656,18.75376165409033
1999-08-26,1362.010009765625,21.209999084472656,18.548027537283104
1999-08-27,1348.27001953125,21.829999923706055,18.36512796017938
1999-08-30,1324.02001953125,24.6299991607666,17.739076004202474
1999-08-31,1320.4100341796875,24.450000762939453,18.321825558534492
1999-09-01,1331.0699462890625,22.93000030517578,18.010977695768336
1999-09-02,1319.1099853515625,24.530000686645508,18.903066445065136
1999-09-03,1357.239990234375,20.979999542236328,15.681824606656674
1999-09-07,1350.449951171875,23.440000534057617,17.132096371301866
1999-09-08,1344.1500244140625,23.81999969482422,17.17035389833088
1999-09-09,1347.6600341796875,23.010000228881836,17.890575995783184
1999-09-10,1351.6600341796875,22.030000686645508,17.848366880716814
1999-09-13,1344.1300048828125,22.889999389648438,18.64319905659372
1999-09-14,1336.2900390625,23.770000457763672,19.848411730152314
1999-09-15,1317.969970703125,24.559999465942383,19.36625681533104
1999-09-16,1318.47998046875,25.25,21.51498363510124
1999-09-17,1335.4200439453125,23.299999237060547,20.994094241845342
1999-09-20,1335.530029296875,24.030000686645508,21.18784074025911
1999-09-21,1307.5799560546875,25.649999618530273,21.73047323372589
1999-09-22,1310.510009765625,25.190000534057617,21.742866760600883
1999-09-23,1280.4100341796875,27.84000015258789,20.741797289350345
1999-09-24,1277.3599853515625,27.790000915527344,20.85620749878312
1999-09-27,1283.31005859375,26.399999618530273,21.06301511479853
1999-09-28,1282.199951171875,26.059999465942383,21.433770975104334
1999-09-29,1268.3699951171875,26.489999771118164,24.028592770711672
1999-09-30,1282.7099609375,25.40999984741211,24.240641553671683
1999-10-01,1282.81005859375,24.93000030517578,24.44230048917037
1999-10-04,1304.5999755859375,24.459999084472656,23.993744901423327
1999-10-05,1301.3499755859375,24.790000915527344,23.98052528982563
1999-10-06,1325.4000244140625,22.059999465942383,23.28155429694483
1999-10-07,1317.6400146484375,23.579999923706055,23.173060915885845
1999-10-08,1336.02001953125,20.489999771118164,22.794555239421765
1999-10-11,1335.2099609375,20.6299991607666,23.049300233518625
1999-10-12,1313.0400390625,22.84000015258789,22.164734765649335
1999-10-13,1285.550048828125,25.959999084472656,20.49871056595526
1999-10-14,1283.4200439453125,26.049999237060547,20.55185388915353
1999-10-15,1247.4100341796875,28.75,16.986155920236335
1999-10-18,1254.1300048828125,28.190000534057617,17.568379904560654
1999-10-19,1261.3199462890625,26.559999465942383,18.0973490682543
1999-10-20,1289.4300537109375,23.899999618530273,17.153783939787136
1999-10-21,1283.6099853515625,24.020000457763672,17.00666493224246
1999-10-22,1301.6500244140625,21.639999389648438,16.778602560770402
1999-10-25,1293.6300048828125,23.600000381469727,17.290043536007303
1999-10-26,1281.9100341796875,24.260000228881836,16.693599649552777
1999-10-27,1296.7099609375,24.200000762939453,16.596690410250336
1999-10-28,1342.43994140625,21.34000015258789,12.741265330491233
1999-10-29,1362.9300537109375,22.200000762939453,12.958653167633003
1999-11-01,1354.1199951171875,22.09000015258789,12.79760825549004
1999-11-02,1347.739990234375,23.100000381469727,12.77974738394992
1999-11-03,1354.9300537109375,23.15999984741211,13.76128611135226
1999-11-04,1362.6400146484375,23.0,14.107924801369345
1999-11-05,1370.22998046875,21.65999984741211,14.643185382631676
1999-11-08,1377.010009765625,21.8700008392334,14.683534183870508
1999-11-09,1365.280029296875,22.700000762939453,14.28429889278931
1999-11-10,1373.4599609375,22.260000228881836,14.298635972663709
1999-11-11,1381.4599609375,22.06999969482422,14.239592501149168
1999-11-12,1396.06005859375,21.649999618530273,14.191388711234515
1999-11-15,1394.3900146484375,22.739999771118164,14.381795680454552
1999-11-16,1420.0699462890625,20.729999542236328,12.954846687669427
1999-11-17,1410.7099609375,20.959999084472656,12.740501164007817
1999-11-18,1424.93994140625,19.760000228881836,12.26164600918173
1999-11-19,1422.0,19.110000610351562,12.812159952297003
1999-11-22,1420.93994140625,19.979999542236328,12.815369613656683
1999-11-23,1404.6400146484375,21.0,13.014229755947627
1999-11-24,1417.0799560546875,20.260000228881836,12.785040384371985
1999-11-26,1416.6199951171875,22.329999923706055,12.775861977702135
1999-11-29,1407.8299560546875,23.56999969482422,12.498419419779548
1999-11-30,1388.9100341796875,24.18000030517578,11.19722496856825
1999-12-01,1397.719970703125,22.229999542236328,11.116200307878179
1999-12-02,1409.0400390625,21.770000457763672,11.64808212130625
1999-12-03,1433.300048828125,19.31999969482422,17.157734259982096
1999-12-06,1423.3299560546875,20.579999923706055,17.05264810239543
1999-12-07,1409.1700439453125,21.09000015258789,16.720247471433208
1999-12-08,1403.8800048828125,21.25,19.07144779742789
1999-12-09,1408.1099853515625,21.190000534057617,19.370390402605484
1999-12-10,1417.0400390625,21.479999542236328,19.943822201206483
1999-12-13,1415.219970703125,21.719999313354492,20.012182356363066
1999-12-14,1403.1700439453125,23.059999465942383,20.104454157711245
1999-12-15,1413.3299560546875,22.030000686645508,20.259014650960737
1999-12-16,1418.780029296875,21.90999984741211,20.455339510174078
1999-12-17,1421.030029296875,21.350000381469727,20.456166105377648
1999-12-20,1418.0899658203125,23.780000686645508,20.630530841593597
1999-12-21,1433.4300537109375,22.65999984741211,20.35023300851597
1999-12-22,1436.1300048828125,22.43000030517578,22.566420656140814
1999-12-23,1458.3399658203125,21.1200008392334,21.930189545295868
1999-12-27,1457.0999755859375,23.06999969482422,21.94667881601423
1999-12-28,1457.6600341796875,22.969999313354492,21.944519339300285
1999-12-29,1463.4599609375,23.09000015258789,23.56622587057722
1999-12-30,1464.469970703125,24.760000228881836,25.5188414550479
1999-12-31,1469.25,24.639999389648438,25.844404149294895
2000-01-03,1455.219970703125,24.209999084472656,25.700911653786502
2000-01-04,1399.4200439453125,27.010000228881836,22.089200006876357
2000-01-05,1402.1099853515625,26.40999984741211,22.089950769592182
2000-01-06,1403.449951171875,25.729999542236328,22.091700717653826
2000-01-07,1441.469970703125,21.719999313354492,20.44661103243028
2000-01-10,1457.5999755859375,21.709999084472656,21.26202509828233
2000-01-11,1438.56005859375,22.5,20.89716552109407
2000-01-12,1432.25,22.84000015258789,22.047321370201832
2000-01-13,1449.6800537109375,21.709999084472656,21.533528201306837
2000-01-14,1465.1500244140625,19.65999984741211,21.40037256475298
2000-01-18,1455.1400146484375,21.5,21.530205152287675
2000-01-19,1455.9000244140625,21.719999313354492,21.528649989136408
2000-01-20,1445.5699462890625,21.75,23.66571566246946
2000-01-21,1441.3599853515625,20.81999969482422,23.823812279833895
2000-01-24,1401.530029296875,24.06999969482422,22.199899673637372
2000-01-25,1410.030029296875,23.020000457763672,22.06833990510827
2000-01-26,1404.0899658203125,23.030000686645508,22.515133596991035
2000-01-27,1398.56005859375,23.540000915527344,22.978412456208993
2000-01-28,1360.1600341796875,26.139999389648438,21.480650067482333
2000-01-31,1394.4599609375,24.950000762939453,19.838558350414367
2000-02-01,1409.280029296875,23.450000762939453,19.45037523671334
2000-02-02,1409.1199951171875,23.1200008392334,20.718711413958108
2000-02-03,1424.969970703125,22.010000228881836,20.75174167198592
2000-02-04,1424.3699951171875,21.540000915527344,22.456891797901225
2000-02-07,1424.239990234375,22.790000915527344,22.74071099603536
2000-02-08,1441.719970703125,21.25,24.173510993011877
2000-02-09,1411.7099609375,22.899999618530273,23.13750673041165
2000-02-10,1416.8299560546875,23.06999969482422,23.231847572099063
2000-02-11,1387.1199951171875,24.420000076293945,22.893983210724045
2000-02-14,1389.93994140625,24.3799991607666,24.46549297971505
2000-02-15,1402.050048828125,22.920000076293945,29.201618011978788
2000-02-16,1387.6700439453125,23.510000228881836,28.868588352215426
2000-02-17,1388.260009765625,23.170000076293945,28.992177603181133
2000-02-18,1346.0899658203125,26.0,27.380894071194884
2000-02-22,1352.1700439453125,25.860000610351562,27.38086334380944
2000-02-23,1360.68994140625,23.889999389648438,27.73050634190117
2000-02-24,1353.4300537109375,24.3799991607666,27.52602242170086
2000-02-25,1333.3599853515625,25.200000762939453,26.665491551181088
2000-02-28,1348.050048828125,24.68000030517578,27.239725068435845
2000-02-29,1366.4200439453125,23.3700008392334,27.11857535203236
2000-03-01,1379.18994140625,21.639999389648438,27.79415651249537
2000-03-02,1381.760009765625,21.059999465942383,27.812358740022468
2000-03-03,1409.1700439453125,19.209999084472656,27.221300455733083
2000-03-06,1391.280029296875,21.5,26.89091012586009
2000-03-07,1355.6199951171875,24.309999465942383,24.90963745715518
2000-03-08,1366.699951171875,23.81999969482422,24.93590097814131
2000-03-09,1401.68994140625,22.209999084472656,23.866788389674067
2000-03-10,1395.0699462890625,21.239999771118164,24.03143297053011
2000-03-13,1383.6199951171875,22.850000381469727,23.75842796226533
2000-03-14,1359.1500244140625,24.40999984741211,24.34518062679306
2000-03-15,1392.1400146484375,22.34000015258789,24.303934696581166
2000-03-16,1458.469970703125,20.770000457763672,27.340463127366615
2000-03-17,1464.469970703125,22.3700008392334,29.978797871510242
2000-03-20,1456.6300048828125,22.959999084472656,31.728453763409796
2000-03-21,1493.8699951171875,21.700000762939453,30.44470759947395
2000-03-22,1500.6400146484375,21.489999771118164,30.456646994789477
2000-03-23,1527.3499755859375,22.260000228881836,29.594044297151072
2000-03-24,1527.4599609375,23.309999465942383,32.09783595001098
2000-03-27,1523.8599853515625,24.530000686645508,32.27020162947179
2000-03-28,1507.72998046875,24.860000610351562,32.15088904122848
2000-03-29,1508.52001953125,24.100000381469727,32.2373546488927
2000-03-30,1487.9200439453125,25.469999313354492,32.21435186739972
2000-03-31,1498.5799560546875,24.110000610351562,32.45690803447622
2000-04-03,1505.969970703125,24.030000686645508,33.08501302131609
2000-04-04,1494.72998046875,27.1200008392334,33.04651610728095
2000-04-05,1487.3699951171875,28.40999984741211,33.68072548040831
2000-04-06,1501.3399658203125,27.149999618530273,33.45935456496298
2000-04-07,1516.3499755859375,24.389999389648438,33.202659833322315
2000-04-10,1504.4599609375,25.989999771118164,33.7214533739323
2000-04-11,1500.5899658203125,27.25,34.554476214927924
2000-04-12,1467.1700439453125,28.979999542236328,34.0482140765758
2000-04-13,1440.510009765625,29.399999618530273,34.392519009970954
2000-04-14,1356.56005859375,33.4900016784668,26.531075030968427
2000-04-17,1401.43994140625,28.950000762939453,24.898859566327253
2000-04-18,1441.6099853515625,26.1200008392334,23.074099733358622
2000-04-19,1427.469970703125,27.020000457763672,24.000524883817416
2000-04-20,1434.5400390625,25.850000381469727,23.943136013687738
2000-04-24,1429.8599853515625,27.3700008392334,24.758889305496925
2000-04-25,1477.43994140625,25.239999771118164,22.612575811993736
2000-04-26,1460.989990234375,26.969999313354492,22.685447501176988
2000-04-27,1464.9200439453125,26.190000534057617,22.602252607760498
2000-04-28,1452.4300537109375,26.200000762939453,25.462355827340584
2000-05-01,1468.25,25.8799991607666,25.0965596350252
2000-05-02,1446.2900390625,28.5,25.621351422887685
2000-05-03,1415.0999755859375,31.6299991607666,25.16234988438632
2000-05-04,1409.5699462890625,30.770000457763672,25.25696403517751
2000-05-05,1432.6300048828125,27.530000686645508,24.86623368711128
2000-05-08,1424.1700439453125,28.200000762939453,24.901746139648402
2000-05-09,1412.1400146484375,28.93000030517578,24.814840103090766
2000-05-10,1383.050048828125,29.8700008392334,23.523938881049297
2000-05-11,1407.81005859375,27.760000228881836,23.083206420341266
2000-05-12,1420.9599609375,26.049999237060547,23.496138767684545
2000-05-15,1452.3599853515625,24.860000610351562,22.310740321556338
2000-05-16,1466.0400390625,24.34000015258789,22.159964828831473
2000-05-17,1447.800048828125,23.979999542236328,21.97322860260506
2000-05-18,1437.2099609375,23.959999084472656,22.293348435528383
2000-05-19,1406.949951171875,25.440000534057617,20.944554631606458
2000-05-22,1400.719970703125,26.0,20.802157123463807
2000-05-23,1373.8599853515625,25.8700008392334,20.67498548818067
2000-05-24,1399.050048828125,24.31999969482422,20.145430330231406
2000-05-25,1381.52001953125,24.579999923706055,19.657162148978617
2000-05-26,1378.02001953125,24.469999313354492,19.682583845019387
2000-05-30,1422.449951171875,23.6200008392334,16.563877358376786
2000-05-31,1420.5999755859375,23.649999618530273,16.884115645166354
2000-06-01,1448.81005859375,22.360000610351562,15.703632472311243
2000-06-02,1477.260009765625,21.479999542236328,14.561687267852022
2000-06-05,1467.6300048828125,22.709999084472656,15.418698509125075
2000-06-06,1457.8399658203125,23.049999237060547,15.48875589555605
2000-06-07,1471.3599853515625,22.479999542236328,16.05970861842286
2000-06-08,1461.6700439453125,22.770000457763672,15.89496207182767
2000-06-09,1456.949951171875,22.139999389648438,15.870597001443418
2000-06-12,1446.0,22.31999969482422,15.762002345914095
2000-06-13,1469.43994140625,21.670000076293945,14.851172948234554
2000-06-14,1470.5400390625,21.479999542236328,15.143968724943454
2000-06-15,1478.72998046875,20.68000030517578,15.065225189333036
2000-06-16,1464.4599609375,20.5,15.203242603727524
2000-06-19,1486.0,20.6299991607666,14.645163123209162
2000-06-20,1475.949951171875,20.8799991607666,14.771822206850882
2000-06-21,1479.1300048828125,20.610000610351562,15.235804273702424
2000-06-22,1452.1800537109375,22.0,14.276263140512748
2000-06-23,1441.47998046875,22.34000015258789,14.153075675634883
2000-06-26,1455.31005859375,22.450000762939453,14.84841012604045
2000-06-27,1450.550048828125,21.799999237060547,14.819357074011139
2000-06-28,1454.8199462890625,20.290000915527344,16.403909190112106
2000-06-29,1442.3900146484375,19.700000762939453,16.44350738282296
2000-06-30,1454.5999755859375,19.540000915527344,16.256689174903585
2000-07-03,1469.5400390625,19.829999923706055,15.786924260293281
2000-07-05,1446.22998046875,21.15999984741211,15.204640155265897
2000-07-06,1456.6700439453125,20.940000534057617,15.200083942723431
2000-07-07,1478.9000244140625,19.219999313354492,14.761077945331982
2000-07-10,1475.6199951171875,20.329999923706055,14.758829424598524
2000-07-11,1480.8800048828125,20.110000610351562,14.89568571248466
2000-07-12,1492.9200439453125,20.030000686645508,14.838770856206201
2000-07-13,1495.8399658203125,20.030000686645508,15.13111692116696
2000-07-14,1509.97998046875,19.31999969482422,15.517162981059629
2000-07-17,1510.489990234375,19.450000762939453,15.580360388960418
2000-07-18,1493.739990234375,19.75,15.15179111657951
2000-07-19,1481.9599609375,19.649999618530273,15.382966610956206
2000-07-20,1495.5699462890625,18.940000534057617,15.088824841483591
2000-07-21,1480.18994140625,18.940000534057617,14.718534595214214
2000-07-24,1464.2900390625,19.920000076293945,14.139131172204342
2000-07-25,1474.469970703125,19.389999389648438,14.062390937450662
2000-07-26,1452.4200439453125,19.670000076293945,12.789679314572611
2000-07-27,1449.6199951171875,19.600000381469727,12.766379036942007
2000-07-28,1419.8900146484375,20.84000015258789,9.808956044572103
2000-07-31,1430.8299560546875,20.739999771118164,9.859603865290046
2000-08-01,1438.0999755859375,20.549999237060547,10.133224573174292
2000-08-02,1438.699951171875,20.0,10.47143520569974
2000-08-03,1452.56005859375,19.989999771118164,10.153415384022683
2000-08-04,1462.9300537109375,18.6200008392334,10.693439793078015
2000-08-07,1479.3199462890625,19.030000686645508,10.764814639095544
2000-08-08,1482.800048828125,18.790000915527344,10.977679509074713
2000-08-09,1472.8699951171875,19.18000030517578,10.871600825770582
2000-08-10,1460.25,19.190000534057617,10.457974466851514
2000-08-11,1471.8399658203125,18.549999237060547,10.322313225373847
2000-08-14,1491.56005859375,17.8799991607666,9.213177298671573
2000-08-15,1484.4300537109375,17.979999542236328,9.110986906355075
2000-08-16,1479.8499755859375,18.020000457763672,9.719113479787229
2000-08-17,1496.0699462890625,17.479999542236328,9.982555022564462
2000-08-18,1491.719970703125,17.049999237060547,10.831670791080438
2000-08-21,1499.47998046875,17.350000381469727,10.709396744072532
2000-08-22,1498.1300048828125,17.469999313354492,10.70676157765827
2000-08-23,1505.969970703125,17.3799991607666,10.43327354705734
2000-08-24,1508.31005859375,17.040000915527344,10.486718291773862
2000-08-25,1506.449951171875,16.530000686645508,10.681669779642531
2000-08-28,1514.0899658203125,16.540000915527344,10.351137324025075
2000-08-29,1509.8399658203125,16.889999389648438,13.458025324551665
2000-08-30,1502.5899658203125,17.690000534057617,14.206894516919313
2000-08-31,1517.6800537109375,16.84000015258789,13.532864393878455
2000-09-01,1520.77001953125,17.530000686645508,13.496376732304569
2000-09-05,1507.0799560546875,19.81999969482422,13.6218221165446
2000-09-06,1492.25,20.790000915527344,13.393666712941837
2000-09-07,1502.510009765625,19.420000076293945,14.276977094569322
2000-09-08,1494.5,18.459999084472656,14.269691340625082
2000-09-11,1489.260009765625,18.399999618530273,14.518757012033568
2000-09-12,1481.989990234375,18.59000015258789,15.190441008406866
2000-09-13,1484.9100341796875,18.31999969482422,16.799219462360774
2000-09-14,1480.8699951171875,18.260000228881836,21.368989381939144
2000-09-15,1465.81005859375,18.520000457763672,21.26689682828661
2000-09-18,1444.510009765625,20.25,21.536083030420947
2000-09-19,1459.9000244140625,19.540000915527344,20.951580067557803
2000-09-20,1451.3399658203125,19.93000030517578,24.746213801646057
2000-09-21,1449.050048828125,20.18000030517578,24.899825036725222
2000-09-22,1448.719970703125,20.739999771118164,24.896108055639495
2000-09-25,1439.030029296875,21.40999984741211,24.856079245297956
2000-09-26,1427.2099609375,21.8799991607666,25.984432645335183
2000-09-27,1426.5699462890625,21.670000076293945,25.98536727257892
2000-09-28,1458.2900390625,19.469999313354492,24.96137257476766
2000-09-29,1436.510009765625,20.56999969482422,25.149638467088227
2000-10-02,1436.22998046875,21.229999542236328,26.385468507701525
2000-10-03,1426.4599609375,21.850000381469727,26.35389313587829
2000-10-04,1434.3199462890625,21.540000915527344,26.340612404170184
2000-10-05,1436.280029296875,21.030000686645508,26.336159625587197
2000-10-06,1408.989990234375,22.709999084472656,25.451122392587607
2000-10-09,1402.030029296875,24.020000457763672,25.369575676999656
2000-10-10,1387.02001953125,24.860000610351562,25.72977118184082
2000-10-11,1364.5899658203125,26.56999969482422,25.12799918107249
2000-10-12,1329.780029296875,30.510000228881836,24.97588713423145
2000-10-13,1374.1700439453125,27.600000381469727,22.480243041787773
2000-10-16,1374.6199951171875,26.790000915527344,23.969441213138147
2000-10-17,1349.969970703125,27.84000015258789,23.054429686779248
2000-10-18,1342.1300048828125,28.719999313354492,23.44243104803032
2000-10-19,1388.760009765625,25.09000015258789,20.13866214058885
2000-10-20,1396.9300537109375,24.239999771118164,20.890692493291805
2000-10-23,1395.780029296875,24.690000534057617,20.972510585931627
2000-10-24,1398.1300048828125,24.280000686645508,21.73725868808521
2000-10-25,1364.9000244140625,26.649999618530273,21.053044159117302
2000-10-26,1364.43994140625,28.6200008392334,21.16122905661573
2000-10-27,1379.5799560546875,26.469999313354492,20.94458759996946
2000-10-30,1398.6600341796875,25.459999084472656,20.326588568889786
2000-10-31,1429.4000244140625,23.6299991607666,19.341445139714615
2000-11-01,1421.219970703125,24.280000686645508,19.382861975712828
2000-11-02,1428.3199462890625,23.920000076293945,19.53506400888385
2000-11-03,1426.68994140625,23.670000076293945,24.317147162273866
2000-11-06,1432.18994140625,24.520000457763672,24.890665426245388
2000-11-07,1431.8699951171875,24.90999984741211,24.8949376883788
2000-11-08,1409.280029296875,25.65999984741211,25.59077532583998
2000-11-09,1400.1400146484375,27.200000762939453,25.694828363366746
2000-11-10,1365.97998046875,28.530000686645508,24.288198392988907
2000-11-13,1351.260009765625,29.059999465942383,24.1541721265717
2000-11-14,1382.949951171875,26.809999465942383,23.137645509938114
2000-11-15,1389.81005859375,26.149999618530273,24.030248783102273
2000-11-16,1372.3199462890625,25.049999237060547,24.022880571892426
2000-11-17,1367.719970703125,24.809999465942383,24.336656861699804
2000-11-20,1342.6199951171875,27.43000030517578,25.845113380346955
2000-11-21,1347.3499755859375,26.6200008392334,26.028618670586077
2000-11-22,1322.3599853515625,27.709999084472656,26.90518088193529
2000-11-24,1341.77001953125,26.0,26.493991240619184
2000-11-27,1348.969970703125,26.93000030517578,26.701493002642668
2000-11-28,1336.0899658203125,27.639999389648438,26.546225657933352
2000-11-29,1341.9300537109375,27.489999771118164,26.73254676524402
2000-11-30,1314.949951171875,29.649999618530273,27.61394561311274
2000-12-01,1315.22998046875,27.479999542236328,32.61365601895413
2000-12-04,1324.969970703125,27.780000686645508,32.77608650466697
2000-12-05,1376.5400390625,24.989999771118164,30.97404974853191
2000-12-06,1351.4599609375,25.06999969482422,30.4496940819196
2000-12-07,1343.550048828125,25.34000015258789,30.479209626001936
2000-12-08,1369.8900146484375,22.40999984741211,29.808386180295525
2000-12-11,1380.199951171875,23.510000228881836,29.934730674775594
2000-12-12,1371.1800537109375,24.8799991607666,29.928923719162153
2000-12-13,1359.989990234375,23.6299991607666,29.95831461708171
2000-12-14,1340.9300537109375,24.860000610351562,29.601073049249383
2000-12-15,1312.1500244140625,26.549999237060547,28.932053569536436
2000-12-18,1322.739990234375,27.700000762939453,28.879106571038545
2000-12-19,1305.5999755859375,27.170000076293945,28.445414225326033
2000-12-20,1264.739990234375,31.739999771118164,25.99503560291307
2000-12-21,1274.8599853515625,29.65999984741211,25.943846435288755
2000-12-22,1305.949951171875,27.549999237060547,24.933133856534035
2000-12-26,1315.18994140625,28.729999542236328,24.890172747352956
2000-12-27,1328.9200439453125,28.139999389648438,24.75753368198955
2000-12-28,1334.219970703125,26.56999969482422,24.821091660705065
2000-12-29,1320.280029296875,26.850000381469727,24.58337341645835
2001-01-02,1283.27001953125,29.989999771118164,22.033885049549035
2001-01-03,1347.56005859375,26.600000381469727,15.850107968892186
2001-01-04,1333.3399658203125,26.969999313354492,15.401679461942038
2001-01-05,1298.3499755859375,28.670000076293945,11.829064342521994
2001-01-08,1295.8599853515625,29.84000015258789,12.303469647964864
2001-01-09,1300.800048828125,27.989999771118164,12.569639450075384
2001-01-10,1313.27001953125,26.799999237060547,13.142058603879105
2001-01-11,1326.8199462890625,25.790000915527344,13.297482752844683
2001-01-12,1318.550048828125,24.559999465942383,13.470454713795673
2001-01-16,1326.6500244140625,25.280000686645508,13.301653695235569
2001-01-17,1329.469970703125,24.93000030517578,13.600798531284921
2001-01-18,1347.969970703125,23.3700008392334,14.123449108086719
2001-01-19,1342.5400390625,23.239999771118164,15.142287301829343
2001-01-22,1342.9000244140625,23.25,16.126397309841842
2001-01-23,1360.4000244140625,21.56999969482422,15.03400179489432
2001-01-24,1364.300048828125,22.030000686645508,14.836945352837219
2001-01-25,1357.510009765625,22.639999389648438,16.61985820830056
2001-01-26,1354.949951171875,22.56999969482422,16.680844568544885
2001-01-29,1364.1700439453125,22.610000610351562,16.644493979824862
2001-01-30,1373.72998046875,22.56999969482422,16.24833873125306
2001-01-31,1366.010009765625,22.020000457763672,16.248729695821755
2001-02-01,1373.469970703125,21.65999984741211,16.280739011162247
2001-02-02,1349.469970703125,21.950000762939453,16.3465290613154
2001-02-05,1354.31005859375,22.190000534057617,16.53097985473978
2001-02-06,1352.260009765625,21.979999542236328,16.635456526980317
2001-02-07,1340.8900146484375,21.670000076293945,18.22001201627517
2001-02-08,1332.530029296875,21.459999084472656,22.933505994516334
2001-02-09,1314.760009765625,22.030000686645508,23.80744495233771
2001-02-12,1330.31005859375,21.920000076293945,24.17933474116591
2001-02-13,1318.800048828125,21.3700008392334,24.516867930152912
2001-02-14,1315.9200439453125,21.520000457763672,24.968235632213148
2001-02-15,1326.6099853515625,20.270000457763672,25.850105769396837
2001-02-16,1301.530029296875,22.1200008392334,26.25032113003009
2001-02-20,1278.93994140625,24.690000534057617,26.282399600610628
2001-02-21,1255.27001953125,25.75,25.894622370908255
2001-02-22,1252.8199462890625,26.760000228881836,27.320486472320916
2001-02-23,1245.8599853515625,27.209999084472656,27.851577654987036
2001-02-26,1267.6500244140625,25.43000030517578,28.726157102042
2001-02-27,1257.93994140625,26.489999771118164,29.6445231622647
2001-02-28,1239.93994140625,28.350000381469727,29.41004502914778
2001-03-01,1241.22998046875,28.079999923706055,29.79446081856792
2001-03-02,1234.1800537109375,27.43000030517578,29.960304024625312
2001-03-05,1241.4100341796875,27.1200008392334,31.642786663302292
2001-03-06,1253.800048828125,25.889999389648438,31.163871431441876
2001-03-07,1261.8900146484375,24.1200008392334,35.27205187490427
2001-03-08,1264.739990234375,24.290000915527344,35.596750937093105
2001-03-09,1233.4200439453125,25.6200008392334,35.141395949784446
2001-03-12,1180.1600341796875,30.31999969482422,33.43544108071079
2001-03-13,1197.6600341796875,27.549999237060547,32.97679694903019
2001-03-14,1166.7099609375,29.610000610351562,32.13295089594556
2001-03-15,1173.56005859375,28.559999465942383,32.102771407158265
2001-03-16,1150.530029296875,29.90999984741211,31.416365326099765
2001-03-19,1170.81005859375,29.780000686645508,33.47565293489183
2001-03-20,1142.6199951171875,30.959999084472656,32.13234082119803
2001-03-21,1122.1400146484375,31.93000030517578,31.45504984190397
2001-03-22,1117.5799560546875,32.84000015258789,32.075426825082126
2001-03-23,1139.8299560546875,30.450000762939453,32.05608379823774
2001-03-26,1152.68994140625,29.040000915527344,32.24671295899621
2001-03-27,1182.1700439453125,27.040000915527344,31.232904139741848
2001-03-28,1153.2900390625,28.579999923706055,29.93916624687531
2001-03-29,1147.949951171875,29.170000076293945,29.881334679061293
2001-03-30,1160.3299560546875,28.639999389648438,29.974820631213557
2001-04-02,1145.8699951171875,31.209999084472656,29.388754091608483
2001-04-03,1106.4599609375,34.720001220703125,26.66522955579145
2001-04-04,1103.25,34.06999969482422,26.628625312447923
2001-04-05,1151.43994140625,29.940000534057617,23.28471863680985
2001-04-06,1128.4300537109375,31.690000534057617,21.65128081477596
2001-04-09,1137.5899658203125,31.90999984741211,21.884630830886067
2001-04-10,1168.3800048828125,29.440000534057617,20.41237967257052
2001-04-11,1165.8900146484375,28.459999084472656,20.68588612014675
2001-04-12,1183.5,26.1200008392334,20.232671747778575
2001-04-16,1179.6800537109375,26.329999923706055,20.140259630785906
2001-04-17,1191.81005859375,25.610000610351562,21.850038396734444
2001-04-18,1238.1600341796875,24.1299991607666,17.872242547057812
2001-04-19,1253.68994140625,24.15999984741211,17.460024437560325
2001-04-20,1242.97998046875,25.3799991607666,17.760163167575254
2001-04-23,1224.3599853515625,28.15999984741211,16.68782318647721
2001-04-24,1209.469970703125,28.489999771118164,17.12164958227588
2001-04-25,1228.75,27.399999618530273,16.48077819436368
2001-04-26,1234.52001953125,25.959999084472656,17.180399058547287
2001-04-27,1253.050048828125,24.020000457763672,16.769919240575685
2001-04-30,1249.4599609375,25.479999542236328,17.674678426607375
2001-05-01,1266.43994140625,24.200000762939453,17.141591826823227
2001-05-02,1267.4300537109375,24.229999542236328,17.20125745982309
2001-05-03,1248.5799560546875,25.780000686645508,16.42354754389586
2001-05-04,1266.6099853515625,23.90999984741211,16.28074200419766
2001-05-07,1263.510009765625,24.860000610351562,16.71461586696382
2001-05-08,1261.199951171875,24.440000534057617,16.790507745098886
2001-05-09,1255.5400390625,24.350000381469727,17.064428235900916
2001-05-10,1255.1800537109375,24.0,17.331729348806252
2001-05-11,1245.6700439453125,23.540000915527344,17.113620973174008
2001-05-14,1248.9200439453125,24.260000228881836,17.56756868514174
2001-05-15,1249.43994140625,23.709999084472656,18.56459141890101
2001-05-16,1284.989990234375,21.889999389648438,15.24190833290274
2001-05-17,1288.489990234375,21.469999313354492,15.129066773907462
2001-05-18,1291.9599609375,21.229999542236328,15.166529273092829
2001-05-21,1312.8299560546875,20.760000228881836,14.1852629886368
2001-05-22,1309.3800048828125,21.350000381469727,15.069975612793396
2001-05-23,1289.050048828125,22.079999923706055,14.545780980232204
2001-05-24,1293.1700439453125,20.56999969482422,14.435570356798067
2001-05-25,1277.8900146484375,20.600000381469727,14.057752720943984
2001-05-29,1267.9300537109375,22.139999389648438,13.94492335240952
2001-05-30,1248.0799560546875,22.760000228881836,13.901978993790229
2001-05-31,1255.8199462890625,22.639999389648438,13.665538400464069
2001-06-01,1260.6700439453125,21.59000015258789,14.113655489677887
2001-06-04,1267.1099853515625,21.3799991607666,13.945080453605721
2001-06-05,1283.5699462890625,19.579999923706055,13.456303495246969
2001-06-06,1270.030029296875,20.389999389648438,15.131967598529991
2001-06-07,1276.9599609375,19.670000076293945,15.239776969717763
2001-06-08,1264.9599609375,19.920000076293945,15.605414089254438
2001-06-11,1254.3900146484375,20.700000762939453,15.506307097863491
2001-06-12,1255.8499755859375,20.700000762939453,17.96298347663398
2001-06-13,1241.5999755859375,21.450000762939453,17.817606867715764
2001-06-14,1219.8699951171875,23.1200008392334,17.166901821568388
2001-06-15,1214.3599853515625,22.809999465942383,17.48614890694179
2001-06-18,1208.4300537109375,23.170000076293945,17.51099697140899
2001-06-19,1212.5799560546875,22.34000015258789,17.59887717083073
2001-06-20,1223.1400146484375,21.709999084472656,17.353631421701476
2001-06-21,1237.0400390625,19.3799991607666,17.645728916309245
2001-06-22,1225.3499755859375,20.020000457763672,18.179499533020092
2001-06-25,1218.5999755859375,20.670000076293945,19.170125282925063
2001-06-26,1216.760009765625,21.200000762939453,19.578195103346882
2001-06-27,1211.0699462890625,20.8799991607666,19.54312095548082
2001-06-28,1226.199951171875,20.010000228881836,18.996348436169765
2001-06-29,1224.3800048828125,19.059999465942383,19.122797163812596
2001-07-02,1236.719970703125,18.760000228881836,18.811578900018528
2001-07-03,1234.449951171875,18.920000076293945,18.878545941333705
2001-07-05,1219.239990234375,20.09000015258789,18.470639247528194
2001-07-06,1190.5899658203125,21.6299991607666,16.918450574575235
2001-07-09,1198.780029296875,22.479999542236328,16.790795929744775
2001-07-10,1181.52001953125,23.25,17.14768296450763
2001-07-11,1180.1800537109375,24.010000228881836,17.142159878444254
2001-07-12,1208.1400146484375,22.09000015258789,15.083796742318398
2001-07-13,1215.6800537109375,21.139999389648438,14.88763199370678
2001-07-16,1202.449951171875,22.90999984741211,14.48561997422608
2001-07-17,1214.43994140625,22.610000610351562,14.133055165538646
2001-07-18,1207.7099609375,23.600000381469727,14.133687064545839
2001-07-19,1215.02001953125,22.510000228881836,14.88771457210457
2001-07-20,1210.8499755859375,22.34000015258789,15.289964282063076
2001-07-23,1191.030029296875,23.739999771118164,14.821865499230213
2001-07-24,1171.6500244140625,25.239999771118164,14.022060402722783
2001-07-25,1190.489990234375,24.0,12.735744773228683
2001-07-26,1202.9300537109375,23.010000228881836,14.08724560821654
2001-07-27,1205.8199462890625,22.0,14.108562644848337
2001-07-30,1204.52001953125,22.690000534057617,14.925823332101096
2001-07-31,1211.22998046875,21.6200008392334,15.024249907171125
2001-08-01,1215.9300537109375,20.559999465942383,15.64748084724848
2001-08-02,1220.75,20.09000015258789,15.6514567544732
2001-08-03,1214.3499755859375,19.889999389648438,15.670538412315771
2001-08-06,1200.47998046875,21.889999389648438,15.398408478501647
2001-08-07,1204.4000244140625,21.010000228881836,16.67412682771296
2001-08-08,1183.530029296875,22.31999969482422,16.815274148301725
2001-08-09,1183.4300537109375,21.75,17.142831171245078
2001-08-10,1190.1600341796875,20.549999237060547,23.194949643401667
2001-08-13,1191.2900390625,20.420000076293945,23.03982720076128
2001-08-14,1186.72998046875,20.479999542236328,23.238679154221543
2001-08-15,1178.02001953125,20.90999984741211,24.699737742145196
2001-08-16,1181.6600341796875,21.540000915527344,24.584746682678542
2001-08-17,1161.969970703125,23.84000015258789,29.464773311812653
2001-08-20,1171.4100341796875,22.8700008392334,29.50817172530972
2001-08-21,1157.260009765625,24.399999618530273,29.452155030899753
2001-08-22,1165.31005859375,22.440000534057617,29.7521542534575
2001-08-23,1162.0899658203125,22.229999542236328,31.294880623910164
2001-08-24,1184.9300537109375,19.709999084472656,30.011820624578288
2001-08-27,1179.2099609375,20.559999465942383,30.68985552321243
2001-08-28,1161.510009765625,22.0,31.66740216338496
2001-08-29,1148.56005859375,23.030000686645508,31.55439467244418
2001-08-30,1129.030029296875,25.40999984741211,31.191155541680576
2001-08-31,1133.5799560546875,24.920000076293945,31.160469176613066
2001-09-04,1132.93994140625,25.850000381469727,31.15593423550792
2001-09-05,1131.739990234375,26.350000381469727,32.43159628086186
2001-09-06,1106.4000244140625,28.610000610351562,32.06454723788298
2001-09-07,1085.780029296875,30.989999771118164,31.420974682760093
2001-09-10,1092.5400390625,31.84000015258789,31.350607034248483
2001-09-17,1038.77001953125,41.7599983215332,25.4915095703282
2001-09-18,1032.739990234375,38.869998931884766,26.413712714741123
2001-09-19,1016.0999755859375,40.560001373291016,25.839601081622003
2001-09-20,984.5399780273438,43.7400016784668,22.698081549949613
2001-09-21,965.7999877929688,42.65999984741211,21.328502689010136
2001-09-24,1003.4500122070312,37.75,18.01835586667753
2001-09-25,1012.27001953125,35.810001373291016,17.956413680054283
2001-09-26,1007.0399780273438,35.2599983215332,18.017443526452976
2001-09-27,1018.6099853515625,34.0,17.82550106658937
2001-09-28,1040.93994140625,31.93000030517578,19.070314607381995
2001-10-01,1038.550048828125,32.31999969482422,20.14418246775257
2001-10-02,1051.3299560546875,31.18000030517578,19.72347055205622
2001-10-03,1072.280029296875,31.34000015258789,20.111844673567198
2001-10-04,1069.6300048828125,31.969999313354492,20.09653012298596
2001-10-05,1071.3800048828125,33.38999938964844,20.635064289169645
2001-10-08,1062.43994140625,35.119998931884766,20.7876590495083
2001-10-09,1056.75,34.83000183105469,20.68243376098712
2001-10-10,1080.989990234375,31.600000381469727,19.350881605237905
2001-10-11,1097.4300537109375,31.5,18.72183803481585
2001-10-12,1091.6500244140625,35.27000045776367,18.613012606626146
2001-10-15,1089.97998046875,35.310001373291016,19.509510636521014
2001-10-16,1097.5400390625,32.880001068115234,19.43079339964948
2001-10-17,1077.0899658203125,35.08000183105469,17.93112264930685
2001-10-18,1068.6099853515625,34.95000076293945,17.646924798683443
2001-10-19,1073.47998046875,34.11000061035156,17.84888670709411
2001-10-22,1089.9000244140625,32.25,17.666686458876683
2001-10-23,1084.780029296875,32.0,17.678306658748987
2001-10-24,1085.199951171875,30.950000762939453,17.95712853073782
2001-10-25,1100.0899658203125,29.459999084472656,17.57003601475065
2001-10-26,1104.6099853515625,28.420000076293945,17.846348192205497
2001-10-29,1078.300048828125,31.639999389648438,16.885183604403917
2001-10-30,1059.7900390625,33.459999084472656,15.52529469913527
2001-10-31,1059.780029296875,33.560001373291016,15.545287308414334
2001-11-01,1084.0999755859375,32.310001373291016,14.386440997212846
2001-11-02,1087.199951171875,30.709999084472656,14.894657474711067
2001-11-05,1102.8399658203125,30.5,15.8853595329722
2001-11-06,1118.8599853515625,28.799999237060547,15.414353181582708
2001-11-07,1115.800048828125,29.1299991607666,15.689525264159492
2001-11-08,1118.5400390625,28.6200008392334,16.84859686390647
2001-11-09,1120.31005859375,27.440000534057617,16.894241470700546
2001-11-12,1118.3299560546875,29.350000381469727,16.87152386006149
2001-11-13,1139.0899658203125,26.469999313354492,16.517505651781914
2001-11-14,1141.2099609375,26.559999465942383,16.554843206629286
2001-11-15,1142.239990234375,25.559999465942383,16.963829996243298
2001-11-16,1138.6500244140625,25.06999969482422,17.141986290295048
2001-11-19,1151.06005859375,24.459999084472656,16.83283295915986
2001-11-20,1142.6600341796875,24.1200008392334,16.89607881499175
2001-11-21,1137.030029296875,24.190000534057617,16.867964227210415
2001-11-23,1150.3399658203125,23.25,16.358650840888124
2001-11-26,1157.4200439453125,23.790000915527344,16.27422812429321
2001-11-27,1149.5,24.0,16.267900936624766
2001-11-28,1128.52001953125,25.899999618530273,14.789809058681277
2001-11-29,1140.199951171875,25.18000030517578,15.025311745845851
2001-11-30,1139.449951171875,23.84000015258789,15.134777308930857
2001-12-03,1129.9000244140625,25.770000457763672,15.033750181258092
2001-12-04,1144.800048828125,24.079999923706055,14.542712780815034
2001-12-05,1170.3499755859375,23.020000457763672,12.599973829438513
2001-12-06,1167.0999755859375,23.709999084472656,12.623929929865712
2001-12-07,1158.31005859375,23.489999771118164,12.458478761290072
2001-12-10,1139.9300537109375,25.6200008392334,11.043213721961463
2001-12-11,1136.760009765625,25.299999237060547,11.544482560684411
2001-12-12,1137.0699462890625,24.8700008392334,11.773354776950692
2001-12-13,1119.3800048828125,25.90999984741211,10.494094359914888
2001-12-14,1123.0899658203125,24.6299991607666,12.075298807637402
2001-12-17,1134.3599853515625,24.260000228881836,12.074857636084205
2001-12-18,1142.9200439453125,23.290000915527344,12.25597279557064
2001-12-19,1149.56005859375,22.579999923706055,12.232625060023341
2001-12-20,1139.9300537109375,23.670000076293945,12.336659727099136
2001-12-21,1144.8900146484375,22.5,12.299009259825135
2001-12-24,1144.6500244140625,22.6200008392334,12.310111885500769
2001-12-26,1149.3699951171875,22.290000915527344,12.197637723989535
2001-12-27,1157.1300048828125,21.59000015258789,15.344667460187486
2001-12-28,1161.02001953125,21.399999618530273,15.994051451932146
2001-12-31,1148.0799560546875,23.799999237060547,16.632426835140098
2002-01-02,1154.6700439453125,22.709999084472656,16.597123425680596
2002-01-03,1165.27001953125,21.34000015258789,18.035606240910028
2002-01-04,1172.510009765625,20.450000762939453,17.725038479695396
2002-01-07,1164.8900146484375,21.940000534057617,17.714512926176617
2002-01-08,1160.7099609375,21.829999923706055,17.71485755020585
2002-01-09,1155.1400146484375,22.1299991607666,18.785501063838396
2002-01-10,1156.550048828125,22.360000610351562,19.63194651607809
2002-01-11,1145.5999755859375,22.600000381469727,19.453719505184598
2002-01-14,1138.4100341796875,23.579999923706055,19.76817447269911
2002-01-15,1146.18994140625,22.700000762939453,19.572416750690355
2002-01-16,1127.5699462890625,23.450000762939453,19.137494566030615
2002-01-17,1138.8800048828125,22.25,19.674276018462443
2002-01-18,1127.5799560546875,22.520000457763672,20.199104325393304
2002-01-22,1119.31005859375,23.610000610351562,20.710248180049508
2002-01-23,1128.1800537109375,21.8799991607666,20.727779853131718
2002-01-24,1132.1500244140625,21.149999618530273,21.74360904804757
2002-01-25,1133.280029296875,21.010000228881836,21.734746651878616
2002-01-28,1133.06005859375,21.139999389648438,21.739036987447836
2002-01-29,1100.6400146484375,24.350000381469727,19.230242039826955
2002-01-30,1113.5699462890625,23.219999313354492,20.355325253250015
2002-01-31,1130.199951171875,21.09000015258789,20.799333014245903
2002-02-01,1122.199951171875,21.1200008392334,20.779816355626874
2002-02-04,1094.43994140625,24.8700008392334,18.962065916430422
2002-02-05,1090.02001953125,25.450000762939453,18.983971212551786
2002-02-06,1083.510009765625,26.09000015258789,18.729392963002507
2002-02-07,1080.1700439453125,25.110000610351562,18.579433587122367
2002-02-08,1096.219970703125,23.260000228881836,18.24122471811897
2002-02-11,1111.93994140625,21.780000686645508,18.271347316500748
2002-02-12,1107.5,21.6200008392334,18.17944626601041
2002-02-13,1118.510009765625,20.850000381469727,18.26451283260552
2002-02-14,1116.47998046875,21.770000457763672,18.236051752495
2002-02-15,1104.1800537109375,22.3700008392334,17.606227082846548
2002-02-19,1083.3399658203125,24.43000030517578,17.138927636941347
2002-02-20,1097.97998046875,22.65999984741211,16.71052922788034
2002-02-21,1080.949951171875,23.799999237060547,15.594866096242246
2002-02-22,1089.8399658203125,22.860000610351562,16.606551741770346
2002-02-25,1109.4300537109375,21.84000015258789,15.641323406847441
2002-02-26,1109.3800048828125,21.68000030517578,15.696938925741744
2002-02-27,1109.8900146484375,21.489999771118164,15.695674853398708
2002-02-28,1106.72998046875,21.59000015258789,15.63748571905653
2002-03-01,1131.780029296875,19.959999084472656,14.072502442387242
2002-03-04,1153.8399658203125,20.5,12.655888271675636
2002-03-05,1146.1400146484375,20.299999237060547,12.511014190300104
2002-03-06,1162.77001953125,19.940000534057617,11.230839542816497
2002-03-07,1157.5400390625,20.040000915527344,11.260634951144372
2002-03-08,1164.31005859375,19.270000457763672,11.088541262592768
2002-03-11,1168.260009765625,19.84000015258789,11.874371614067334
2002-03-12,1165.5799560546875,19.59000015258789,14.190985295171457
2002-03-13,1154.0899658203125,19.459999084472656,14.272396829687331
2002-03-14,1153.0400390625,19.200000762939453,14.408774521261419
2002-03-15,1166.1600341796875,18.420000076293945,16.264011547556454
2002-03-18,1165.550048828125,18.93000030517578,16.260214817593006
2002-03-19,1170.2900390625,18.15999984741211,16.12846917591697
2002-03-20,1151.8499755859375,18.459999084472656,15.31891270290558
2002-03-21,1153.5899658203125,18.149999618530273,16.069863706905963
2002-03-22,1148.699951171875,17.770000457763672,16.120206192823154
2002-03-25,1131.8699951171875,18.479999542236328,15.567665472776351
2002-03-26,1138.489990234375,18.1299991607666,15.328484525677766
2002-03-27,1144.5799560546875,17.700000762939453,15.620775562827058
2002-03-28,1147.3900146484375,17.399999618530273,15.683784668602572
2002-04-01,1146.5400390625,18.729999542236328,16.42413106794396
2002-04-02,1136.760009765625,19.15999984741211,16.779808195247142
2002-04-03,1125.4000244140625,20.200000762939453,16.532672287353076
2002-04-04,1126.3399658203125,19.780000686645508,16.761759683856685
2002-04-05,1122.72998046875,19.1299991607666,17.795893597458836
2002-04-08,1125.2900390625,19.610000610351562,17.689670807240923
2002-04-09,1117.800048828125,19.469999313354492,22.43103795542944
2002-04-10,1130.469970703125,18.190000534057617,22.40551800357932
2002-04-11,1103.68994140625,20.299999237060547,21.6757238183335
2002-04-12,1111.010009765625,19.420000076293945,22.637129348947553
2002-04-15,1102.550048828125,19.81999969482422,23.807064880777343
2002-04-16,1128.3699951171875,18.110000610351562,22.28623112285909
2002-04-17,1126.0699462890625,18.43000030517578,22.46245886475502
2002-04-18,1124.469970703125,19.290000915527344,22.66653958433633
2002-04-19,1125.1700439453125,18.299999237060547,23.074168192838954
2002-04-22,1107.8299560546875,19.770000457763672,22.77951474596597
2002-04-23,1100.9599609375,20.280000686645508,22.82276737067104
2002-04-24,1093.1400146484375,20.770000457763672,22.98814412510826
2002-04-25,1091.47998046875,20.950000762939453,23.378959139681264
2002-04-26,1076.3199462890625,22.139999389648438,23.054380823327854
2002-04-29,1065.449951171875,24.049999237060547,22.88506988832847
2002-04-30,1076.9200439453125,21.90999984741211,22.57246221165085
2002-05-01,1086.4599609375,20.059999465942383,22.343955264156484
2002-05-02,1084.56005859375,20.06999969482422,23.87455407385254
2002-05-03,1073.4300537109375,20.190000534057617,23.68680517562201
2002-05-06,1052.6700439453125,22.559999465942383,22.989259251376975
2002-05-07,1049.489990234375,21.940000534057617,23.985481611851352
2002-05-08,1088.8499755859375,20.389999389648438,19.671203359168967
2002-05-09,1073.010009765625,21.559999465942383,19.276698233166297
2002-05-10,1054.989990234375,22.40999984741211,19.260296315138163
2002-05-13,1074.56005859375,20.719999313354492,18.09075377222947
2002-05-14,1097.280029296875,19.350000381469727,16.1431314136787
2002-05-15,1091.0699462890625,19.190000534057617,16.14082752858135
2002-05-16,1098.22998046875,18.5,19.33845731990973
2002-05-17,1106.5899658203125,17.700000762939453,19.02458417787348
2002-05-20,1091.8800048828125,19.239999771118164,19.28149850791541
2002-05-21,1079.8800048828125,20.049999237060547,19.42606420668919
2002-05-22,1086.02001953125,19.579999923706055,19.69914840930795
2002-05-23,1097.0799560546875,18.229999542236328,19.214571117668815
2002-05-24,1083.8199462890625,18.899999618530273,19.508013682890223
2002-05-28,1074.550048828125,20.309999465942383,19.477767315795248
2002-05-29,1067.6600341796875,20.389999389648438,20.910863262662698
2002-05-30,1064.6600341796875,20.610000610351562,20.931160251162886
2002-05-31,1067.1400146484375,19.979999542236328,21.72418246853174
2002-06-03,1040.6800537109375,23.3700008392334,21.322977380804595
2002-06-04,1040.68994140625,23.889999389648438,21.592001539814856
2002-06-05,1049.9000244140625,22.610000610351562,25.38453391074197
2002-06-06,1029.1500244140625,24.15999984741211,24.864965348842276
2002-06-07,1027.530029296875,23.510000228881836,26.05663544689318
2002-06-10,1030.739990234375,23.719999313354492,28.027010280086152
2002-06-11,1013.5999755859375,24.450000762939453,28.04451678484315
2002-06-12,1020.260009765625,24.149999618530273,27.77511720046249
2002-06-13,1009.5599975585938,25.020000457763672,27.69933633534852
2002-06-14,1007.27001953125,25.959999084472656,28.110980971016314
2002-06-17,1036.1700439453125,24.639999389648438,25.69105087178425
2002-06-18,1037.1400146484375,24.239999771118164,26.533328979464997
2002-06-19,1019.989990234375,26.059999465942383,28.546734389757518
2002-06-20,1006.2899780273438,27.479999542236328,29.771312291579132
2002-06-21,989.1400146484375,27.229999542236328,30.297128395514513
2002-06-24,992.719970703125,26.979999542236328,37.763277565110975
2002-06-25,976.1400146484375,27.84000015258789,37.6229023501447
2002-06-26,973.530029296875,28.420000076293945,38.509835129980935
2002-06-27,990.6400146484375,26.290000915527344,42.927614391104676
2002-06-28,989.8200073242188,25.399999618530273,43.0198981408833
2002-07-01,968.6500244140625,27.110000610351562,42.807964041234975
2002-07-02,948.0900268554688,28.959999084472656,43.37511200038824
2002-07-03,953.989990234375,29.420000076293945,43.76601756982391
2002-07-05,989.030029296875,27.110000610351562,42.31555827634846
2002-07-08,976.97998046875,28.25,44.22389159504897
2002-07-09,952.8300170898438,30.219999313354492,44.53207534905948
2002-07-10,920.469970703125,34.099998474121094,44.7572653339358
2002-07-11,927.3699951171875,33.849998474121094,44.686216196568374
2002-07-12,921.3900146484375,32.939998626708984,44.67043262242548
2002-07-15,917.9299926757812,35.029998779296875,45.254767929190486
2002-07-16,900.9400024414062,36.650001525878906,46.948499886413124
2002-07-17,906.0399780273438,35.45000076293945,47.0653187533826
2002-07-18,881.5599975585938,35.119998931884766,45.9214282844014
2002-07-19,847.75,38.16999816894531,43.84304149754228
2002-07-22,819.8499755859375,41.869998931884766,42.15509424322512
2002-07-23,797.7000122070312,44.91999816894531,40.3569236448206
2002-07-24,843.4299926757812,39.86000061035156,36.58533098293083
2002-07-25,838.6799926757812,39.27000045776367,37.76876851765304
2002-07-26,852.8400268554688,35.5099983215332,37.55649371980322
2002-07-29,898.9600219726562,31.329999923706055,33.81419971527954
2002-07-30,902.780029296875,31.920000076293945,34.508751513875666
2002-07-31,911.6199951171875,32.029998779296875,34.35499438645969
2002-08-01,884.6599731445312,36.95000076293945,32.55970095262792
2002-08-02,864.239990234375,41.290000915527344,34.98555762510425
2002-08-05,834.5999755859375,45.08000183105469,32.89715987059992
2002-08-06,859.5700073242188,42.029998779296875,32.094612132171676
2002-08-07,876.77001953125,38.72999954223633,31.880592433331064
2002-08-08,905.4600219726562,36.33000183105469,30.011759695413758
2002-08-09,908.6400146484375,35.33000183105469,30.098499462585266
2002-08-12,903.7999877929688,37.04999923706055,30.035003696432057
2002-08-13,884.2100219726562,35.81999969482422,30.3501721495616
2002-08-14,919.6199951171875,32.36000061035156,26.86536560519457
2002-08-15,930.25,29.43000030517578,26.472485450666422
2002-08-16,928.77001953125,28.809999465942383,27.18497199211218
2002-08-19,950.7000122070312,28.610000610351562,25.452437486379353
2002-08-20,937.4299926757812,29.59000015258789,26.85256127536908
2002-08-21,949.3599853515625,28.229999542236328,26.231689103410517
2002-08-22,962.7000122070312,27.75,25.38763643761255
2002-08-23,940.8599853515625,29.31999969482422,25.01638310475265
2002-08-26,947.9500122070312,29.889999389648438,26.856643354708204
2002-08-27,934.8200073242188,30.110000610351562,27.896781517669112
2002-08-28,917.8699951171875,33.31999969482422,29.235788696803894
2002-08-29,917.7999877929688,33.66999816894531,29.36844132852685
2002-08-30,916.0700073242188,32.63999938964844,33.2326237746928
2002-09-03,878.02001953125,39.970001220703125,31.057695690821284
2002-09-04,893.4000244140625,37.439998626708984,30.278685833301207
2002-09-05,879.1500244140625,38.86000061035156,30.690591230189245
2002-09-06,893.9199829101562,36.33000183105469,30.09484913688441
2002-09-09,902.9600219726562,36.45000076293945,30.634390101134525
2002-09-10,909.5800170898438,35.08000183105469,31.13326719756933
2002-09-11,909.4500122070312,34.810001373291016,34.29769913513018
2002-09-12,886.9099731445312,37.5,36.76513950286183
2002-09-13,889.8099975585938,35.81999969482422,36.87616062166426
2002-09-16,891.0999755859375,36.7400016784668,40.58456906075275
2002-09-17,873.52001953125,38.0099983215332,40.88314302657867
2002-09-18,869.4600219726562,37.52000045776367,41.60176349566454
2002-09-19,843.3200073242188,40.650001525878906,40.06044036959861
2002-09-20,845.3900146484375,38.97999954223633,40.39287434757248
2002-09-23,833.7000122070312,39.68000030517578,40.237372808312074
2002-09-24,819.2899780273438,40.52000045776367,39.5464542429632
2002-09-25,839.6599731445312,37.33000183105469,39.3820059463267
2002-09-26,854.9500122070312,34.599998474121094,39.332188767619094
2002-09-27,827.3699951171875,36.970001220703125,37.4472771953363
2002-09-30,815.280029296875,39.689998626708984,37.153182057608575
2002-10-01,847.9099731445312,34.119998931884766,34.94001160147014
2002-10-02,827.9099731445312,36.83000183105469,33.765430466163
2002-10-03,818.9500122070312,37.310001373291016,33.68061610454218
2002-10-04,800.5800170898438,39.459999084472656,32.2008166243966
2002-10-07,785.280029296875,42.63999938964844,30.85716429069566
2002-10-08,798.5499877929688,41.02000045776367,30.674970846351847
2002-10-09,776.760009765625,42.130001068115234,30.0628186182676
2002-10-10,803.9199829101562,37.54999923706055,28.832884389497828
2002-10-11,835.3200073242188,35.70000076293945,27.50835772344694
2002-10-14,841.4400024414062,36.040000915527344,27.51756100038689
2002-10-15,881.27001953125,34.02000045776367,22.397116208861203
2002-10-16,860.02001953125,36.0,22.047445412125168
2002-10-17,879.2000122070312,34.099998474121094,20.918706497933286
2002-10-18,884.3900146484375,33.529998779296875,21.263495629087544
2002-10-21,899.719970703125,33.11000061035156,20.46519785531194
2002-10-22,890.1599731445312,34.09000015258789,21.138983626729303
2002-10-23,896.1400146484375,33.20000076293945,22.182576360897386
2002-10-24,882.5,34.029998779296875,21.382259523899787
2002-10-25,897.6500244140625,30.0,20.7232764164093
2002-10-28,890.22998046875,31.06999969482422,21.961508326856165
2002-10-29,882.1500244140625,32.27000045776367,23.41918835211114
2002-10-30,890.7100219726562,31.229999542236328,23.366429027765626
2002-10-31,885.760009765625,31.139999389648438,23.243352008458366
2002-11-01,900.9600219726562,29.299999237060547,23.36631898392579
2002-11-04,908.3499755859375,30.81999969482422,23.265742521462087
2002-11-05,915.3900146484375,31.229999542236328,23.500232095902458
2002-11-06,923.760009765625,30.729999542236328,23.37426003210574
2002-11-07,902.6500244140625,31.420000076293945,23.291410053204228
2002-11-08,894.739990234375,29.40999984741211,23.60259183275034
2002-11-11,876.1900024414062,31.299999237060547,22.276802030313274
2002-11-12,882.9500122070312,30.579999923706055,22.23115832638445
2002-11-13,882.530029296875,31.239999771118164,22.791363419445503
2002-11-14,904.27001953125,28.670000076293945,22.649900227430194
2002-11-15,909.8300170898438,26.649999618530273,22.72953102581309
2002-11-18,900.3599853515625,27.65999984741211,22.90420862319806
2002-11-19,896.739990234375,27.40999984741211,23.01222986214268
2002-11-20,914.1500244140625,25.31999969482422,22.422119824039903
2002-11-21,933.760009765625,23.809999465942383,20.96195022714134
2002-11-22,930.5499877929688,23.15999984741211,20.992921932206944
2002-11-25,932.8699951171875,24.06999969482422,20.932123568136248
2002-11-26,913.3099975585938,25.969999313354492,20.425103380390688
2002-11-27,938.8699951171875,27.25,17.574979918624493
2002-11-29,936.3099975585938,27.5,17.619218131436337
2002-12-02,934.530029296875,27.459999084472656,21.518148832690613
2002-12-03,920.75,28.329999923706055,20.947238361868703
2002-12-04,917.5800170898438,28.920000076293945,22.353296521625225
2002-12-05,906.5499877929688,30.100000381469727,22.03791220317546
2002-12-06,912.22998046875,28.8799991607666,22.538753232289302
2002-12-09,892.0,30.780000686645508,21.953194480840246
2002-12-10,904.4500122070312,28.760000228881836,21.519437290933507
2002-12-11,904.9600219726562,27.760000228881836,21.537715448166768
2002-12-12,901.5800170898438,27.290000915527344,21.520948575763214
2002-12-13,889.47998046875,28.18000030517578,21.613591727083133
2002-12-16,910.4000244140625,26.239999771118164,20.173248546560206
2002-12-17,902.989990234375,26.65999984741211,20.585627162401764
2002-12-18,891.1199951171875,28.290000915527344,20.81311342302602
2002-12-19,884.25,30.209999084472656,20.959993971407613
2002-12-20,895.760009765625,26.709999084472656,20.76093861193831
2002-12-23,897.3800048828125,26.200000762939453,23.065273134388523
2002-12-24,892.469970703125,26.489999771118164,23.57224582606413
2002-12-26,889.6599731445312,27.3700008392334,24.166652387145525
2002-12-27,875.4000244140625,29.549999237060547,23.738594103213543
2002-12-30,879.3900146484375,29.6200008392334,24.888344212075587
2002-12-31,879.8200073242188,28.6200008392334,25.416041162664715
2003-01-02,909.030029296875,25.389999389648438,22.397729944150775
2003-01-03,908.5900268554688,24.68000030517578,22.733431746556338
2003-01-06,929.010009765625,24.90999984741211,20.757493867291203
2003-01-07,922.9299926757812,25.1299991607666,20.756363656664206
2003-01-08,909.9299926757812,25.530000686645508,20.567287062095822
2003-01-09,927.5700073242188,24.25,19.235214792579587
2003-01-10,927.5700073242188,24.31999969482422,19.177647697854052
2003-01-13,926.260009765625,24.899999618530273,19.287886914567682
2003-01-14,931.6599731445312,24.56999969482422,18.888453294437852
2003-01-15,918.219970703125,25.510000228881836,20.86400965444202
2003-01-16,914.5999755859375,25.010000228881836,22.441979645936307
2003-01-17,901.780029296875,25.700000762939453,22.15094429965369
2003-01-21,887.6199951171875,27.59000015258789,21.799985856943305
2003-01-22,878.3599853515625,29.010000228881836,22.279878085970896
2003-01-23,887.3400268554688,27.530000686645508,22.576887906385526
2003-01-24,861.4000244140625,31.510000228881836,20.622658068002718
2003-01-27,847.47998046875,34.689998626708984,20.367406041357118
2003-01-28,858.5399780273438,31.93000030517578,20.260548667422928
2003-01-29,864.3599853515625,31.260000228881836,20.1679237636235
2003-01-30,844.6099853515625,31.31999969482422,18.715429133016002
2003-01-31,855.7000122070312,31.170000076293945,18.711722505754643
2003-02-03,860.3200073242188,31.020000457763672,18.967799517643684
2003-02-04,848.2000122070312,32.7599983215332,18.639943395853496
2003-02-05,843.5900268554688,33.040000915527344,18.87424199075036
2003-02-06,838.1500244140625,33.349998474121094,20.754938970247437
2003-02-07,829.6900024414062,34.0099983215332,20.67469656396192
2003-02-10,835.969970703125,33.9900016784668,20.52272245740538
2003-02-11,829.2000122070312,33.68000030517578,23.79920378085174
2003-02-12,818.6799926757812,34.33000183105469,23.332238172091962
2003-02-13,817.3699951171875,33.70000076293945,26.09798534481733
2003-02-14,834.8900146484375,32.619998931884766,25.218581425097113
2003-02-18,851.1699829101562,31.110000610351562,24.547291662320422
2003-02-19,845.1300048828125,31.309999465942383,24.357288601310444
2003-02-20,837.0999755859375,31.15999984741211,25.036490997597667
2003-02-21,848.1699829101562,30.25,28.153339640697638
2003-02-24,832.5800170898438,31.979999542236328,27.479564449885522
2003-02-25,838.5700073242188,31.739999771118164,27.54982432490077
2003-02-26,827.5499877929688,31.940000534057617,27.04390611608182
2003-02-27,837.280029296875,30.530000686645508,26.95729037942978
2003-02-28,841.1500244140625,29.6299991607666,27.743136716678094
2003-03-03,834.8099975585938,30.43000030517578,27.866685848142307
2003-03-04,821.989990234375,31.829999923706055,28.39129393406511
2003-03-05,829.8499755859375,30.3799991607666,28.43802225838535
2003-03-06,822.0999755859375,31.3700008392334,28.102401265951272
2003-03-07,828.8900146484375,31.079999923706055,28.048553136764404
2003-03-10,807.47998046875,33.310001373291016,26.074899790251443
2003-03-11,800.72998046875,33.61000061035156,26.48862017122484
2003-03-12,804.1900024414062,33.5099983215332,26.50468465377658
2003-03-13,831.9000244140625,31.760000228881836,24.239196850914084
2003-03-14,833.27001953125,30.979999542236328,24.964590278254732
2003-03-17,862.7899780273438,31.75,22.165769604181275
2003-03-18,866.4500122070312,30.43000030517578,22.646516859703993
2003-03-19,874.02001953125,31.540000915527344,23.05997245633028
2003-03-20,875.6699829101562,30.440000534057617,23.077955989678774
2003-03-21,895.7899780273438,28.670000076293945,22.93309035775719
2003-03-24,864.22998046875,30.389999389648438,18.755039584199345
2003-03-25,874.739990234375,28.75,18.829447595675394
2003-03-26,869.9500122070312,28.229999542236328,19.467502948690584
2003-03-27,868.52001953125,27.959999084472656,20.204197434915802
2003-03-28,863.5,27.75,19.979414694654192
2003-03-31,848.1799926757812,29.149999618530273,18.56983608473209
2003-04-01,858.47998046875,28.360000610351562,18.370730592590913
2003-04-02,880.9000244140625,28.020000457763672,17.017485080836494
2003-04-03,876.4500122070312,28.209999084472656,16.95148451763071
2003-04-04,878.8499755859375,29.1299991607666,17.069426373866477
2003-04-07,879.9299926757812,28.450000762939453,17.28874771339244
2003-04-08,878.2899780273438,27.1299991607666,17.7866277678521
2003-04-09,865.989990234375,27.110000610351562,17.204168997187423
2003-04-10,871.5800170898438,25.600000381469727,17.455166249010233
2003-04-11,868.2999877929688,24.440000534057617,17.413628515897166
2003-04-14,885.22998046875,23.40999984741211,16.631554363406988
2003-04-15,890.8099975585938,22.559999465942383,16.680915699021266
2003-04-16,879.9099731445312,22.520000457763672,15.881230778012725
2003-04-17,893.5800170898438,21.5,18.08404319435831
2003-04-21,892.010009765625,21.950000762939453,18.0714007156268
2003-04-22,911.3699951171875,20.700000762939453,16.585831801122673
2003-04-23,919.02001953125,20.799999237060547,16.631878978008476
2003-04-24,911.4299926757812,20.329999923706055,16.310283513498828
2003-04-25,898.8099975585938,20.799999237060547,16.51464360084049
2003-04-28,914.8400268554688,20.84000015258789,15.59178648464842
2003-04-29,917.8400268554688,20.760000228881836,15.707013568221912
2003-04-30,916.9199829101562,21.209999084472656,16.295742976791225
2003-05-01,916.2999877929688,21.59000015258789,16.261985521852413
2003-05-02,930.0800170898438,20.6299991607666,15.657141947986553
2003-05-05,926.5499877929688,21.1299991607666,16.115149943263077
2003-05-06,934.3900146484375,20.799999237060547,15.998453433291534
2003-05-07,929.6199951171875,21.0,15.85717740516531
2003-05-08,920.27001953125,21.239999771118164,16.070359619005064
2003-05-09,933.4099731445312,19.690000534057617,15.7088770801842
2003-05-12,945.1099853515625,19.520000457763672,15.732710564256783
2003-05-13,942.2999877929688,19.90999984741211,15.615499206173439
2003-05-14,939.280029296875,20.0,16.108321753721295
2003-05-15,946.6699829101562,19.239999771118164,17.42068036651368
2003-05-16,944.2999877929688,18.399999618530273,17.321601117239883
2003-05-19,920.77001953125,20.510000228881836,14.041667217200146
2003-05-20,919.72998046875,21.290000915527344,15.53377487615561
2003-05-21,923.4199829101562,21.209999084472656,15.562074277399523
2003-05-22,931.8699951171875,19.780000686645508,16.582943303079904
2003-05-23,933.219970703125,19.170000076293945,16.580418497801887
2003-05-27,951.47998046875,19.989999771118164,15.78280091896932
2003-05-28,953.219970703125,20.030000686645508,16.124929162268522
2003-05-29,949.6400146484375,20.43000030517578,16.507829519617285
2003-05-30,963.5900268554688,19.469999313354492,15.808747245893922
2003-06-02,967.0,20.850000381469727,15.989725325345116
2003-06-03,971.5599975585938,20.84000015258789,16.375833459325293
2003-06-04,986.239990234375,20.6200008392334,15.850048959222839
2003-06-05,990.1400146484375,20.829999923706055,17.106439953683985
2003-06-06,987.760009765625,21.25,17.092587820708424
2003-06-09,975.9299926757812,22.149999618530273,16.613609337693138
2003-06-10,984.8400268554688,20.639999389648438,17.116015919330064
2003-06-11,997.47998046875,20.209999084472656,16.850307018143358
2003-06-12,998.510009765625,20.40999984741211,16.963024236635068
2003-06-13,988.6099853515625,20.65999984741211,16.61456972274837
2003-06-16,1010.739990234375,20.219999313354492,14.783743998083548
2003-06-17,1011.6599731445312,20.010000228881836,15.310862109029241
2003-06-18,1010.0900268554688,19.760000228881836,15.975116121994853
2003-06-19,994.7000122070312,19.799999237060547,15.904341448620249
2003-06-20,995.6900024414062,19.139999389648438,16.288733569097317
2003-06-23,981.6400146484375,20.579999923706055,15.490577926363061
2003-06-24,983.4500122070312,20.75,15.690439127252375
2003-06-25,975.3200073242188,20.809999465942383,16.482186258112847
2003-06-26,985.8200073242188,19.399999618530273,16.13900280651599
2003-06-27,976.219970703125,19.15999984741211,15.960586827953577
2003-06-30,974.5,19.520000457763672,15.961496800902527
2003-07-01,982.3200073242188,19.459999084472656,15.760813223920096
2003-07-02,993.75,19.030000686645508,15.626721264058649
2003-07-03,985.7000122070312,19.389999389648438,15.423333719165338
2003-07-07,1004.4199829101562,20.059999465942383,14.965308476968717
2003-07-08,1007.8400268554688,19.479999542236328,14.900440595155828
2003-07-09,1002.2100219726562,18.93000030517578,15.16821943242471
2003-07-10,988.7000122070312,19.190000534057617,14.578824607930924
2003-07-11,998.1400146484375,18.469999313354492,14.185398110476982
2003-07-14,1003.8599853515625,19.59000015258789,14.500236446595736
2003-07-15,1000.4199829101562,19.549999237060547,14.608238656924089
2003-07-16,994.0900268554688,19.760000228881836,14.673492955848802
2003-07-17,981.72998046875,20.219999313354492,13.97054275317268
2003-07-18,993.3200073242188,19.110000610351562,13.730609031166141
2003-07-21,978.7999877929688,19.780000686645508,12.606408128592347
2003-07-22,988.1099853515625,19.170000076293945,12.273844605391059
2003-07-23,988.6099853515625,18.639999389648438,12.301400676760114
2003-07-24,981.5999755859375,18.600000381469727,12.59441057764861
2003-07-25,998.6799926757812,17.75,11.037978537402973
2003-07-28,996.52001953125,18.360000610351562,11.070481687166206
2003-07-29,989.280029296875,18.670000076293945,10.747728703906418
2003-07-30,987.489990234375,18.850000381469727,10.891726742702982
2003-07-31,990.3099975585938,19.489999771118164,10.97639448952747
2003-08-01,980.1500244140625,20.75,11.06274638341543
2003-08-04,982.8200073242188,21.270000457763672,11.086389959062545
2003-08-05,965.4600219726562,22.68000030517578,8.417193386622873
2003-08-06,967.0800170898438,21.5,9.021846708478945
2003-08-07,974.1199951171875,20.260000228881836,9.24617976604626
2003-08-08,977.5900268554688,19.59000015258789,9.987523177640885
2003-08-11,980.5900268554688,19.75,11.12385293070881
2003-08-12,990.3499755859375,17.940000534057617,10.798473951357636
2003-08-13,984.030029296875,18.770000457763672,10.436610403752509
2003-08-14,990.510009765625,18.469999313354492,10.436196469764973
2003-08-15,990.6699829101562,18.270000457763672,11.35968991098553
2003-08-18,999.739990234375,18.18000030517578,11.166019865549814
2003-08-19,1002.3499755859375,17.860000610351562,11.905869087581648
2003-08-20,1000.2999877929688,17.81999969482422,11.95656120898704
2003-08-21,1003.27001953125,17.84000015258789,12.989157342632588
2003-08-22,993.0599975585938,18.549999237060547,12.441470485903128
2003-08-25,993.7100219726562,19.530000686645508,14.411857650145823
2003-08-26,996.72998046875,19.489999771118164,14.573898444569993
2003-08-27,996.7899780273438,19.1299991607666,14.7596552181927
2003-08-28,1002.8400268554688,18.479999542236328,15.001294684549693
2003-08-29,1008.010009765625,18.6299991607666,15.332071701478661
2003-09-02,1021.989990234375,19.020000457763672,16.53663142140049
2003-09-03,1026.27001953125,19.440000534057617,16.481141218137218
2003-09-04,1027.969970703125,18.709999084472656,16.809105280836782
2003-09-05,1021.3900146484375,18.170000076293945,16.697656982926627
2003-09-08,1031.6400146484375,18.260000228881836,16.422327672982778
2003-09-09,1023.1699829101562,18.850000381469727,16.258035614961646
2003-09-10,1010.9199829101562,20.010000228881836,15.656903225093396
2003-09-11,1016.4199829101562,19.25,15.596075338604948
2003-09-12,1018.6300048828125,18.68000030517578,15.730670383325895
2003-09-15,1014.8099975585938,19.280000686645508,15.648832315371894
2003-09-16,1029.3199462890625,18.030000686645508,15.01386696997124
2003-09-17,1025.969970703125,18.149999618530273,14.959688604351328
2003-09-18,1039.5799560546875,17.56999969482422,14.781281964530288
2003-09-19,1036.300048828125,17.540000915527344,14.838241690854916
2003-09-22,1022.8200073242188,19.649999618530273,14.005406160429725
2003-09-23,1029.030029296875,19.469999313354492,14.94160149674337
2003-09-24,1009.3800048828125,21.219999313354492,13.205240594305353
2003-09-25,1003.27001953125,22.260000228881836,13.119865542278697
2003-09-26,996.8499755859375,22.229999542236328,12.825191442819595
2003-09-29,1006.5800170898438,21.670000076293945,13.374502636619045
2003-09-30,995.969970703125,22.719999313354492,12.590170035574513
2003-10-01,1018.219970703125,21.06999969482422,10.39916385904694
2003-10-02,1020.239990234375,20.799999237060547,10.42697496459465
2003-10-03,1029.8499755859375,19.5,10.29475624785519
2003-10-06,1034.3499755859375,19.510000228881836,10.491002155932486
2003-10-07,1039.25,19.40999984741211,10.420363002240824
2003-10-08,1033.780029296875,19.18000030517578,10.349798614793587
2003-10-09,1038.72998046875,18.81999969482422,10.439025189007674
2003-10-10,1038.06005859375,18.450000762939453,10.670983404556418
2003-10-13,1045.3499755859375,17.549999237060547,10.400803429889736
2003-10-14,1049.47998046875,17.3700008392334,11.047741261421011
2003-10-15,1046.760009765625,17.690000534057617,10.996044425360056
2003-10-16,1050.0699462890625,17.190000534057617,11.302864819136147
2003-10-17,1039.3199462890625,17.6200008392334,10.931662048017374
2003-10-20,1044.6800537109375,17.040000915527344,11.231469567834802
2003-10-21,1046.030029296875,16.549999237060547,11.597967356210912
2003-10-22,1030.3599853515625,17.670000076293945,10.71688729812912
2003-10-23,1033.77001953125,17.68000030517578,10.669449956504808
2003-10-24,1028.9100341796875,17.709999084472656,11.862777562194715
2003-10-27,1031.1300048828125,18.049999237060547,11.858666078393131
2003-10-28,1046.7900390625,16.81999969482422,10.792289425284947
2003-10-29,1048.1099853515625,16.43000030517578,10.791938103174454
2003-10-30,1046.93994140625,16.329999923706055,11.3926136469237
2003-10-31,1050.7099609375,16.100000381469727,11.447192334877188
2003-11-03,1059.02001953125,16.549999237060547,11.171236563152547
2003-11-04,1053.25,16.549999237060547,11.068840108289756
2003-11-05,1051.81005859375,16.860000610351562,11.433323343882178
2003-11-06,1058.050048828125,16.739999771118164,11.52820353421747
2003-11-07,1053.2099609375,16.93000030517578,11.828151119938942
2003-11-10,1047.1099853515625,17.6200008392334,11.631289492689106
2003-11-11,1046.5699462890625,17.540000915527344,12.214659923638342
2003-11-12,1058.530029296875,16.75,11.654711236937711
2003-11-13,1058.4100341796875,16.469999313354492,11.862167919620806
2003-11-14,1050.3499755859375,16.940000534057617,11.665915908700029
2003-11-17,1043.6300048828125,18.600000381469727,11.340235796147157
2003-11-18,1034.1500244140625,19.110000610351562,11.183793039911595
2003-11-19,1042.43994140625,18.799999237060547,11.04122252779675
2003-11-20,1033.6500244140625,19.479999542236328,10.365392739343404
2003-11-21,1035.280029296875,18.979999542236328,10.35800574290374
2003-11-24,1052.0799560546875,17.440000534057617,9.240011095663135
2003-11-25,1053.8900146484375,16.709999084472656,9.240074279549324
2003-11-26,1058.449951171875,16.229999542236328,9.900986343572203
2003-11-28,1058.199951171875,16.31999969482422,9.889857627623917
2003-12-01,1070.1199951171875,16.770000457763672,9.340207613584653
2003-12-02,1066.6199951171875,16.270000457763672,9.328194053996295
2003-12-03,1064.72998046875,16.6299991607666,9.901476500180985
2003-12-04,1069.719970703125,16.299999237060547,9.87733355159964
2003-12-05,1061.5,17.09000015258789,9.176519726948491
2003-12-08,1069.300048828125,16.540000915527344,9.06618436535085
2003-12-09,1060.1800537109375,17.6299991607666,9.123567867372643
2003-12-10,1059.050048828125,17.8700008392334,9.044363984823956
2003-12-11,1071.2099609375,16.729999542236328,8.935497097241074
2003-12-12,1074.1400146484375,16.40999984741211,9.180945086923947
2003-12-15,1068.0400390625,17.229999542236328,8.706838620048888
2003-12-16,1075.1300048828125,15.930000305175781,8.720139107249357
2003-12-17,1076.47998046875,15.579999923706055,8.80086316411856
2003-12-18,1089.1800537109375,16.15999984741211,8.38269667006687
2003-12-19,1088.6600341796875,16.420000076293945,8.556325146612854
2003-12-22,1092.93994140625,16.940000534057617,8.67064490316785
2003-12-23,1096.02001953125,16.489999771118164,9.332936352040988
2003-12-24,1094.0400390625,16.65999984741211,10.178680191348766
2003-12-26,1095.8900146484375,17.450000762939453,11.564596178382999
2003-12-29,1109.47998046875,17.09000015258789,10.953614351988488
2003-12-30,1109.6400146484375,17.68000030517578,11.024350099763117
2003-12-31,1111.9200439453125,18.309999465942383,11.058816757349152
2004-01-02,1108.47998046875,18.219999313354492,10.959861523612776
2004-01-05,1122.219970703125,17.489999771118164,10.650325162591477
2004-01-06,1123.6700439453125,16.729999542236328,10.659136415760639
2004-01-07,1126.3299560546875,15.5,11.462340442654959
2004-01-08,1131.9200439453125,15.609999656677246,11.40646988071557
2004-01-09,1121.8599853515625,16.75,10.99571076252075
2004-01-12,1127.22998046875,16.81999969482422,11.425933410294709
2004-01-13,1121.219970703125,18.040000915527344,11.393845753187277
2004-01-14,1130.52001953125,16.75,11.329580063717987
2004-01-15,1132.050048828125,15.5600004196167,11.757642552919677
2004-01-16,1139.8299560546875,15.0,11.706891259268039
2004-01-20,1138.77001953125,15.210000038146973,11.808651643179257
2004-01-21,1147.6199951171875,14.34000015258789,11.532040404636584
2004-01-22,1143.93994140625,14.710000038146973,11.517118497060697
2004-01-23,1141.550048828125,14.84000015258789,11.508908849760257
2004-01-26,1155.3699951171875,14.550000190734863,10.753811187054708
2004-01-27,1144.050048828125,15.350000381469727,10.207629821329837
2004-01-28,1128.47998046875,16.780000686645508,8.904017859901659
2004-01-29,1134.1099853515625,17.139999389648438,9.31742086116305
2004-01-30,1131.1300048828125,16.6299991607666,9.545434787588567
2004-02-02,1135.260009765625,17.110000610351562,9.494486238015888
2004-02-03,1136.030029296875,17.34000015258789,9.539585102801208
2004-02-04,1126.52001953125,17.8700008392334,8.936346830715772
2004-02-05,1128.5899658203125,17.709999084472656,9.535507539442312
2004-02-06,1142.760009765625,16.0,8.781388361282009
2004-02-09,1139.81005859375,16.389999389648438,10.123492919076435
2004-02-10,1145.5400390625,15.9399995803833,11.09271871979016
2004-02-11,1157.760009765625,15.390000343322754,11.353144796623447
2004-02-12,1152.1099853515625,15.3100004196167,12.161678264828533
2004-02-13,1145.81005859375,15.579999923706055,12.367642415108376
2004-02-17,1156.989990234375,15.399999618530273,12.608869413845895
2004-02-18,1151.8199462890625,15.59000015258789,12.558670986941511
2004-02-19,1147.06005859375,15.800000190734863,12.99830685679202
2004-02-20,1144.1099853515625,16.040000915527344,13.592113123818505
2004-02-23,1140.989990234375,16.290000915527344,13.59225138521906
2004-02-24,1139.0899658203125,15.899999618530273,13.592319226386765
2004-02-25,1143.6700439453125,14.930000305175781,14.876460110982453
2004-02-26,1144.9100341796875,14.829999923706055,14.849006388531294
2004-02-27,1144.93994140625,14.550000190734863,15.671401430167373
2004-03-01,1155.969970703125,14.4399995803833,15.314916927976338
2004-03-02,1149.0999755859375,14.859999656677246,15.21734669881441
2004-03-03,1151.030029296875,14.550000190734863,15.346482730366132
2004-03-04,1154.8699951171875,14.399999618530273,15.621656576229059
2004-03-05,1156.8599853515625,14.479999542236328,15.862537066419732
2004-03-08,1147.199951171875,15.789999961853027,15.604125735962427
2004-03-09,1140.5799560546875,16.600000381469727,15.648463861682838
2004-03-10,1123.8900146484375,18.670000076293945,14.714669806738673
2004-03-11,1106.780029296875,20.670000076293945,13.577025397303963
2004-03-12,1120.5699462890625,18.299999237060547,13.993772189003531
2004-03-15,1104.489990234375,21.1299991607666,12.935815431023428
2004-03-16,1110.699951171875,20.34000015258789,12.827478680088028
2004-03-17,1123.75,18.110000610351562,12.31451381428969
2004-03-18,1122.3199462890625,18.530000686645508,12.299726545981734
2004-03-19,1109.780029296875,19.149999618530273,12.91783889687958
2004-03-22,1095.4000244140625,21.579999923706055,12.054175677184258
2004-03-23,1093.949951171875,20.670000076293945,12.790372344765261
2004-03-24,1091.3299560546875,19.809999465942383,12.703708617782695
2004-03-25,1109.18994140625,17.8799991607666,11.793105605713283
2004-03-26,1108.06005859375,17.329999923706055,11.773034062950012
2004-03-29,1122.469970703125,16.5,12.090376517135654
2004-03-30,1127.0,16.280000686645508,12.273039507372472
2004-03-31,1126.2099609375,16.739999771118164,12.413820622431066
2004-04-01,1132.1700439453125,16.649999618530273,12.722585341061066
2004-04-02,1141.81005859375,15.640000343322754,12.325996564213135
2004-04-05,1150.5699462890625,14.970000267028809,11.973663803476922
2004-04-06,1148.1600341796875,15.319999694824219,12.12404388320589
2004-04-07,1140.530029296875,15.760000228881836,12.749803977276402
2004-04-08,1139.3199462890625,16.260000228881836,13.104993488532045
2004-04-12,1145.199951171875,15.279999732971191,13.308089152516187
2004-04-13,1129.43994140625,17.260000228881836,12.652655399600263
2004-04-14,1128.1700439453125,15.619999885559082,12.654162920046744
2004-04-15,1128.8399658203125,15.739999771118164,12.637122227749483
2004-04-16,1134.6099853515625,14.9399995803833,12.789810340931218
2004-04-19,1135.8199462890625,15.420000076293945,13.121911740521359
2004-04-20,1118.1500244140625,16.670000076293945,12.135699930594166
2004-04-21,1124.0899658203125,15.600000381469727,11.919639380047157
2004-04-22,1139.9300537109375,14.609999656677246,10.726003762213903
2004-04-23,1140.5999755859375,14.010000228881836,10.76596030236103
2004-04-26,1135.530029296875,14.770000457763672,12.368031966334062
2004-04-27,1138.1099853515625,15.069999694824219,12.350808031409802
2004-04-28,1122.4100341796875,16.290000915527344,11.610935711660192
2004-04-29,1113.8900146484375,16.600000381469727,11.283559359838998
2004-04-30,1107.300048828125,17.190000534057617,11.054289477815328
2004-05-03,1117.489990234375,16.6200008392334,10.664164679487033
2004-05-04,1119.550048828125,16.549999237060547,10.978070679671854
2004-05-05,1121.530029296875,15.770000457763672,11.118126227710052
2004-05-06,1113.989990234375,17.049999237060547,12.090990144676711
2004-05-07,1098.699951171875,18.1299991607666,10.802126206223361
2004-05-10,1087.1199951171875,19.770000457763672,10.654737601171774
2004-05-11,1095.449951171875,18.56999969482422,10.497444157584518
2004-05-12,1097.280029296875,18.139999389648438,11.245279598886471
2004-05-13,1096.43994140625,18.860000610351562,11.337793728074613
2004-05-14,1095.699951171875,18.469999313354492,11.310000498933286
2004-05-17,1084.0999755859375,19.959999084472656,10.46668748145406
2004-05-18,1091.489990234375,19.329999923706055,10.327840689345953
2004-05-19,1088.6800537109375,18.93000030517578,10.42812627340198
2004-05-20,1089.18994140625,18.670000076293945,10.43527135652843
2004-05-21,1093.56005859375,18.489999771118164,10.659054834882829
2004-05-24,1095.4100341796875,18.079999923706055,10.80647478604485
2004-05-25,1113.050048828125,15.960000038146973,9.800272614402171
2004-05-26,1114.93994140625,15.970000267028809,9.816299690569405
2004-05-27,1121.280029296875,15.279999732971191,9.678023157989069
2004-05-28,1120.6800537109375,15.5,9.739709349272129
2004-06-01,1121.199951171875,16.299999237060547,10.502945012413182
2004-06-02,1124.989990234375,16.079999923706055,10.507951535878387
2004-06-03,1116.6400146484375,17.030000686645508,10.576307683251612
2004-06-04,1122.5,16.780000686645508,10.429658432366303
2004-06-07,1140.4200439453125,15.390000343322754,9.013264283316676
2004-06-08,1142.1800537109375,15.010000228881836,9.105777689466624
2004-06-09,1131.3299560546875,15.390000343322754,8.6241824495115
2004-06-10,1136.469970703125,15.039999961853027,8.430239313149418
2004-06-14,1125.2900390625,16.06999969482422,7.833340201575415
2004-06-15,1132.010009765625,15.050000190734863,7.555188683826753
2004-06-16,1133.56005859375,14.789999961853027,7.605635856782375
2004-06-17,1132.050048828125,15.149999618530273,7.6124122550202875
2004-06-18,1135.02001953125,14.989999771118164,8.042206453472835
2004-06-21,1130.300048828125,15.260000228881836,9.060336692210322
2004-06-22,1134.4100341796875,14.3100004196167,8.998902711342794
2004-06-23,1144.06005859375,13.979999542236328,8.634680992921782
2004-06-24,1140.6500244140625,14.8100004196167,8.634278310719862
2004-06-25,1134.4300537109375,15.1899995803833,9.540959001841289
2004-06-28,1133.3499755859375,16.06999969482422,9.569466935048732
2004-06-29,1136.199951171875,15.470000267028809,9.7065127994488
2004-06-30,1140.8399658203125,14.34000015258789,9.546265919890583
2004-07-01,1128.93994140625,15.199999809265137,9.20169336021187
2004-07-02,1125.3800048828125,15.079999923706055,9.358403914583441
2004-07-06,1116.2099609375,16.25,8.997207604845316
2004-07-07,1118.3299560546875,15.8100004196167,10.444892245270667
2004-07-08,1109.1099853515625,16.200000762939453,11.30491262612256
2004-07-09,1112.81005859375,15.779999732971191,11.201519396686015
2004-07-12,1114.3499755859375,14.960000038146973,12.304909633552473
2004-07-13,1115.1400146484375,14.460000038146973,12.287040028483359
2004-07-14,1111.469970703125,13.760000228881836,12.763624203208277
2004-07-15,1106.68994140625,14.710000038146973,12.79545672627474
2004-07-16,1101.3900146484375,14.34000015258789,13.801337170473854
2004-07-19,1100.9000244140625,15.170000076293945,13.844011032564666
2004-07-20,1108.6700439453125,14.170000076293945,14.340443543270984
2004-07-21,1093.8800048828125,16.40999984741211,13.617046375930206
2004-07-22,1096.8399658203125,15.75,13.778865051127106
2004-07-23,1086.199951171875,16.5,13.348740226256433
2004-07-26,1084.0699462890625,17.299999237060547,13.320738997967698
2004-07-27,1094.8299560546875,16.549999237060547,13.167560081467833
2004-07-28,1095.4200439453125,16.149999618530273,13.167964332965845
2004-07-29,1100.4300537109375,15.680000305175781,13.103786570773085
2004-07-30,1101.719970703125,15.319999694824219,13.39618781485096
2004-08-02,1106.6199951171875,15.369999885559082,13.404137686739498
2004-08-03,1099.68994140625,16.030000686645508,13.222069632739586
2004-08-04,1098.6300048828125,16.209999084472656,13.7357347067736
2004-08-05,1080.699951171875,18.31999969482422,12.379631929239133
2004-08-06,1063.969970703125,19.34000015258789,10.835171721506216
2004-08-09,1065.219970703125,18.889999389648438,11.097396801587264
2004-08-10,1079.0400390625,17.469999313354492,10.398021505897702
2004-08-11,1075.7900390625,18.040000915527344,10.307734023645637
2004-08-12,1063.22998046875,19.079999923706055,9.005184153336412
2004-08-13,1064.800048828125,17.979999542236328,8.99581796845303
2004-08-16,1079.3399658203125,17.56999969482422,8.709835422948203
2004-08-17,1081.7099609375,17.020000457763672,8.715879943174063
2004-08-18,1095.1700439453125,16.229999542236328,7.902147340053977
2004-08-19,1091.22998046875,16.959999084472656,8.094968296484554
2004-08-20,1098.3499755859375,16.0,8.079421304414423
2004-08-23,1095.6800537109375,15.880000114440918,9.613255634110855
2004-08-24,1096.18994140625,15.329999923706055,9.797378872000902
2004-08-25,1104.9599609375,14.979999542236328,9.428842174938561
2004-08-26,1105.0899658203125,14.90999984741211,9.668798030435124
2004-08-27,1107.77001953125,14.710000038146973,9.855577678861223
2004-08-30,1099.1500244140625,15.4399995803833,9.516155865598556
2004-08-31,1104.239990234375,15.289999961853027,9.410135924729671
2004-09-01,1105.9100341796875,14.90999984741211,10.68861716493518
2004-09-02,1118.31005859375,14.279999732971191,10.084599537981047
2004-09-03,1113.6300048828125,13.90999984741211,9.94025891513093
2004-09-07,1121.300048828125,14.069999694824219,9.92435412886147
2004-09-08,1116.27001953125,14.0600004196167,10.471936793430812
2004-09-09,1118.3800048828125,14.010000228881836,10.831418289420224
2004-09-10,1123.9200439453125,13.760000228881836,10.715182092519445
2004-09-13,1125.8199462890625,13.170000076293945,10.725252597749684
2004-09-14,1128.3299560546875,13.5600004196167,10.964357459534819
2004-09-15,1120.3699951171875,14.640000343322754,11.158910127734554
2004-09-16,1123.5,14.390000343322754,11.23889933162861
2004-09-17,1128.550048828125,14.029999732971191,11.285218614404302
2004-09-20,1122.199951171875,14.430000305175781,11.599302169321469
2004-09-21,1129.300048828125,13.65999984741211,11.319460883150475
2004-09-22,1113.56005859375,14.739999771118164,10.346739732018337
2004-09-23,1108.3599853515625,14.800000190734863,10.759213816113599
2004-09-24,1110.1099853515625,14.279999732971191,10.731706830769756
2004-09-27,1103.52001953125,14.619999885559082,11.792618178785917
2004-09-28,1110.06005859375,13.829999923706055,12.427830708458215
2004-09-29,1114.800048828125,13.210000038146973,12.367056287614401
2004-09-30,1114.5799560546875,13.34000015258789,12.381155735044372
2004-10-01,1131.5,12.75,11.218635609633033
2004-10-04,1135.1700439453125,13.40999984741211,11.155356810755078
2004-10-05,1134.47998046875,13.949999809265137,11.820249649892935
2004-10-06,1142.050048828125,13.279999732971191,12.850004620794886
2004-10-07,1130.6500244140625,14.5,12.260701171647087
2004-10-08,1122.1400146484375,15.050000190734863,11.859082983595814
2004-10-11,1124.3900146484375,14.710000038146973,11.8895079692512
2004-10-12,1121.8399658203125,15.050000190734863,11.844916123197722
2004-10-13,1113.6500244140625,15.420000076293945,11.626629489136361
2004-10-14,1103.2900390625,16.43000030517578,10.99706507860027
2004-10-15,1108.199951171875,15.039999961853027,11.061439931304962
2004-10-18,1114.02001953125,14.710000038146973,11.580946147113453
2004-10-19,1103.22998046875,15.130000114440918,10.714759162604484
2004-10-20,1103.6600341796875,14.850000381469727,10.686967758064787
2004-10-21,1106.489990234375,14.539999961853027,11.81859380392976
2004-10-22,1095.739990234375,15.279999732971191,10.955622612059724
2004-10-25,1094.800048828125,16.579999923706055,10.927923253999065
2004-10-26,1111.0899658203125,16.389999389648438,10.130517972082108
2004-10-27,1125.4000244140625,15.720000267028809,9.492433978041314
2004-10-28,1127.43994140625,15.390000343322754,9.70399646331824
2004-10-29,1130.199951171875,16.270000457763672,9.933162328625329
2004-11-01,1130.510009765625,16.270000457763672,10.886524684963947
2004-11-02,1130.56005859375,16.18000030517578,10.917170805495697
2004-11-03,1143.199951171875,14.039999961853027,10.462249739801447
2004-11-04,1161.6700439453125,13.970000267028809,9.152091874524853
2004-11-05,1166.1700439453125,13.84000015258789,10.026225130174
2004-11-08,1164.8900146484375,13.800000190734863,10.123046260460638
2004-11-09,1164.0799560546875,13.609999656677246,10.235884675727435
2004-11-10,1162.9100341796875,13.079999923706055,10.23683200947109
2004-11-11,1173.47998046875,13.039999961853027,10.227157778365214
2004-11-12,1184.1700439453125,13.329999923706055,9.864956118495012
2004-11-15,1183.81005859375,13.380000114440918,9.864941707847539
2004-11-16,1175.4300537109375,13.210000038146973,9.499971268963806
2004-11-17,1181.93994140625,13.210000038146973,9.806098159397811
2004-11-18,1183.550048828125,12.979999542236328,9.801022653845903
2004-11-19,1170.3399658203125,13.5,9.255919535926987
2004-11-22,1177.239990234375,12.970000267028809,9.144571970115415
2004-11-23,1176.93994140625,12.670000076293945,9.132663890377406
2004-11-24,1181.760009765625,12.720000267028809,9.275056821736818
2004-11-26,1182.6500244140625,12.779999732971191,9.519941059990938
2004-11-29,1178.5699462890625,13.300000190734863,9.381374225732044
2004-11-30,1173.8199462890625,13.239999771118164,9.187595998418665
2004-12-01,1191.3699951171875,12.970000267028809,7.860162699756293
2004-12-02,1190.3299560546875,12.979999542236328,8.440171555458123
2004-12-03,1191.1700439453125,12.960000038146973,9.438099623478347
2004-12-06,1190.25,13.1899995803833,9.51460170297105
2004-12-07,1177.0699462890625,13.670000076293945,8.72503091800656
2004-12-08,1182.81005859375,13.1899995803833,8.593965189082715
2004-12-09,1189.239990234375,12.880000114440918,8.465724500770484
2004-12-10,1188.0,12.760000228881836,8.726114742620085
2004-12-13,1198.6800537109375,12.539999961853027,8.224421155535321
2004-12-14,1203.3800048828125,12.729999542236328,8.534554632391494
2004-12-15,1205.719970703125,12.350000381469727,8.82257753024469
2004-12-16,1203.2099609375,12.270000457763672,9.520581627121874
2004-12-17,1194.199951171875,11.949999809265137,9.736979130974738
2004-12-20,1194.6500244140625,11.829999923706055,10.064287954359035
2004-12-21,1205.449951171875,11.550000190734863,9.584692705615605
2004-12-22,1209.5699462890625,11.449999809265137,9.43630198749103
2004-12-23,1210.1300048828125,11.229999542236328,9.622452851332854
2004-12-27,1204.9200439453125,12.140000343322754,9.8253428435394
2004-12-28,1213.5400390625,12.0,9.36980436304178
2004-12-29,1213.449951171875,11.619999885559082,9.361935447626426
2004-12-30,1213.550048828125,12.5600004196167,9.985203761263275
2004-12-31,1211.9200439453125,13.289999961853027,10.376449809482773
2005-01-03,1202.0799560546875,14.079999923706055,10.11647895637136
2005-01-04,1188.050048828125,13.979999542236328,9.287599558816535
2005-01-05,1183.739990234375,14.09000015258789,9.911577222548985
2005-01-06,1187.8900146484375,13.579999923706055,9.879752818518154
2005-01-07,1186.18994140625,13.489999771118164,9.853549828090614
2005-01-10,1190.25,13.229999542236328,10.297862131443221
2005-01-11,1182.989990234375,13.1899995803833,10.135816934581902
2005-01-12,1187.699951171875,12.5600004196167,10.30930982166452
2005-01-13,1177.449951171875,12.84000015258789,9.73128587523498
2005-01-14,1184.52001953125,12.430000305175781,9.606449324036133
2005-01-18,1195.97998046875,12.470000267028809,9.082718092083923
2005-01-19,1184.6300048828125,13.180000305175781,8.875321512117123
2005-01-20,1175.4100341796875,13.829999923706055,8.326174389041318
2005-01-21,1167.8699951171875,14.359999656677246,9.631681549078321
2005-01-24,1163.75,14.649999618530273,9.64980262477972
2005-01-25,1168.4100341796875,14.0600004196167,9.886370059052908
2005-01-26,1174.0699462890625,13.4399995803833,10.20125672471309
2005-01-27,1174.550048828125,13.239999771118164,10.561698144691643
2005-01-28,1171.3599853515625,13.239999771118164,10.571540200210269
2005-01-31,1181.27001953125,12.819999694824219,10.285558263933114
2005-02-01,1189.4100341796875,12.029999732971191,10.074682019515091
2005-02-02,1193.18994140625,11.65999984741211,10.49739624313123
2005-02-03,1189.8900146484375,11.789999961853027,10.409906870356519
2005-02-04,1203.030029296875,11.210000038146973,10.007331430784028
2005-02-07,1201.719970703125,11.729999542236328,10.685811680538189
2005-02-08,1202.300048828125,11.600000381469727,10.70078490030182
2005-02-09,1191.989990234375,12.0,10.6012792087888
2005-02-10,1197.010009765625,11.510000228881836,10.677058737906291
2005-02-11,1205.300048828125,11.430000305175781,10.74001350920175
2005-02-14,1206.1400146484375,11.520000457763672,11.065865276991756
2005-02-15,1210.1199951171875,11.270000457763672,11.009534897204754
2005-02-16,1210.3399658203125,11.100000381469727,11.004598144583893
2005-02-17,1200.75,11.770000457763672,10.806425670595923
2005-02-18,1201.5899658203125,11.180000305175781,11.285489856522844
2005-02-22,1184.1600341796875,13.140000343322754,10.185378234717914
2005-02-23,1190.800048828125,12.390000343322754,9.944059360920647
2005-02-24,1200.199951171875,11.569999694824219,9.518361782051555
2005-02-25,1211.3699951171875,11.489999771118164,8.998667088858838
2005-02-28,1203.5999755859375,12.079999923706055,10.307885954536712
2005-03-01,1210.4100341796875,12.039999961853027,10.0322667841901
2005-03-02,1210.0799560546875,12.5,10.192468269529147
2005-03-03,1210.469970703125,12.930000305175781,10.279741046156005
2005-03-04,1222.1199951171875,11.9399995803833,9.731948154910537
2005-03-07,1225.31005859375,12.260000228881836,9.714014254373222
2005-03-08,1219.4300537109375,12.399999618530273,9.981934128798548
2005-03-09,1207.010009765625,12.699999809265137,9.786959046992548
2005-03-10,1209.25,12.489999771118164,9.739212715845634
2005-03-11,1200.0799560546875,12.800000190734863,9.698859817397421
2005-03-14,1206.8299560546875,12.390000343322754,10.186116446915348
2005-03-15,1197.75,13.149999618530273,10.413061650294656
2005-03-16,1188.0699462890625,13.489999771118164,11.503231373239258
2005-03-17,1190.2099609375,13.289999961853027,11.55538336197626
2005-03-18,1189.6500244140625,13.140000343322754,11.856093835524458
2005-03-21,1183.780029296875,13.609999656677246,12.502921799460658
2005-03-22,1171.7099609375,14.270000457763672,14.147392806001891
2005-03-23,1172.530029296875,14.0600004196167,14.304814853493589
2005-03-24,1171.4200439453125,13.420000076293945,14.67498408624406
2005-03-28,1174.280029296875,13.75,14.922515325625197
2005-03-29,1165.3599853515625,14.489999771118164,14.805084098282276
2005-03-30,1181.4100341796875,13.640000343322754,14.352769888429387
2005-03-31,1180.5899658203125,14.020000457763672,15.087846596598403
2005-04-01,1172.9200439453125,14.09000015258789,15.063169328565069
2005-04-04,1176.1199951171875,14.109999656677246,15.019420736304474
2005-04-05,1181.3900146484375,13.680000305175781,15.596669560550266
2005-04-06,1184.0699462890625,13.149999618530273,15.589085056355495
2005-04-07,1191.1400146484375,12.329999923706055,15.413814453340366
2005-04-08,1181.199951171875,12.619999885559082,15.346549976444946
2005-04-11,1181.2099609375,11.979999542236328,15.784753057237925
2005-04-12,1187.760009765625,11.300000190734863,15.72559505086212
2005-04-13,1173.7900390625,13.3100004196167,15.580334319468847
2005-04-14,1162.050048828125,14.529999732971191,15.2742290248328
2005-04-15,1142.6199951171875,17.739999771118164,14.424154535314281
2005-04-18,1145.97998046875,16.559999465942383,14.559261732549587
2005-04-19,1152.780029296875,14.960000038146973,14.79251503625599
2005-04-20,1137.5,16.920000076293945,13.824206265610275
2005-04-21,1159.949951171875,14.40999984741211,12.338508452393675
2005-04-22,1152.1199951171875,15.380000114440918,12.019246611663885
2005-04-25,1162.0999755859375,14.619999885559082,11.758951905518378
2005-04-26,1151.8299560546875,14.90999984741211,11.306852126821916
2005-04-27,1156.3800048828125,14.869999885559082,11.40259758802023
2005-04-28,1143.219970703125,16.860000610351562,10.367565807722647
2005-04-29,1156.8499755859375,15.3100004196167,10.136514136006728
2005-05-02,1162.1600341796875,15.119999885559082,10.418708738623312
2005-05-03,1161.1700439453125,14.529999732971191,10.38002833549991
2005-05-04,1175.6500244140625,13.850000381469727,10.029067390644949
2005-05-05,1172.6300048828125,13.979999542236328,9.953373045367924
2005-05-06,1171.3499755859375,14.050000190734863,9.934665461611997
2005-05-09,1178.8399658203125,13.75,9.796626971540954
2005-05-10,1166.219970703125,14.90999984741211,8.984738852372923
2005-05-11,1171.1099853515625,14.449999809265137,9.01441685107262
2005-05-12,1159.3599853515625,16.1200008392334,8.049866861095243
2005-05-13,1154.050048828125,16.31999969482422,7.723374232372001
2005-05-16,1165.68994140625,15.680000305175781,7.154114408873996
2005-05-17,1173.800048828125,14.569999694824219,6.934153236821734
2005-05-18,1185.56005859375,13.630000114440918,6.353504978890179
2005-05-19,1191.0799560546875,13.319999694824219,6.262448339747957
2005-05-20,1189.280029296875,13.140000343322754,6.292194309320827
2005-05-23,1193.8599853515625,12.949999809265137,6.207882177366293
2005-05-24,1194.0699462890625,12.6899995803833,7.413242693466147
2005-05-25,1190.010009765625,12.579999923706055,7.814032120788532
2005-05-26,1197.6199951171875,12.239999771118164,7.4710193932805105
2005-05-27,1198.780029296875,12.149999618530273,8.142034470495322
2005-05-31,1191.5,13.289999961853027,7.849576926671211
2005-06-01,1202.219970703125,12.359999656677246,7.596188683061356
2005-06-02,1204.2900390625,11.84000015258789,7.633982558434721
2005-06-03,1196.02001953125,12.149999618530273,7.880883360300338
2005-06-06,1197.510009765625,12.279999732971191,8.429633176757596
2005-06-07,1197.260009765625,12.390000343322754,8.47555841417105
2005-06-08,1194.6700439453125,12.699999809265137,9.327860927627327
2005-06-09,1200.9300537109375,12.079999923706055,9.396123743110426
2005-06-10,1198.1099853515625,11.960000038146973,9.34148584087458
2005-06-13,1200.8199462890625,11.649999618530273,9.329307869633835
2005-06-14,1203.9100341796875,11.789999961853027,9.330477104319426
2005-06-15,1206.5799560546875,11.460000038146973,9.318664766045268
2005-06-16,1210.9599609375,11.149999618530273,9.51219573753183
2005-06-17,1216.9599609375,11.479999542236328,9.637377982022985
2005-06-20,1216.0999755859375,11.470000267028809,9.737261244381735
2005-06-21,1213.6099853515625,11.079999923706055,10.027497103807848
2005-06-22,1213.8800048828125,11.050000190734863,10.167118604145822
2005-06-23,1200.72998046875,12.130000114440918,9.409210946949957
2005-06-24,1191.5699462890625,12.180000305175781,8.852572455285719
2005-06-27,1190.68994140625,12.520000457763672,8.86984943122336
2005-06-28,1201.5699462890625,11.579999923706055,8.585360656404278
2005-06-29,1199.8499755859375,11.770000457763672,9.125672969087303
2005-06-30,1191.3299560546875,12.039999961853027,8.594654105583256
2005-07-01,1194.43994140625,11.399999618530273,8.789335507523697
2005-07-05,1204.989990234375,11.680000305175781,8.433682906600906
2005-07-06,1194.93994140625,12.270000457763672,8.29465831617885
2005-07-07,1197.8699951171875,12.489999771118164,8.884098118329304
2005-07-08,1211.8599853515625,11.449999809265137,8.10328871354679
2005-07-11,1219.43994140625,11.279999732971191,8.148797268835608
2005-07-12,1222.2099609375,10.949999809265137,8.158067057732282
2005-07-13,1223.2900390625,10.84000015258789,8.488302126709527
2005-07-14,1226.5,10.8100004196167,8.747352156198748
2005-07-15,1227.9200439453125,10.329999923706055,8.790479804625466
2005-07-18,1221.1300048828125,10.770000457763672,9.550210207609398
2005-07-19,1229.3499755859375,10.449999809265137,9.23498347411235
2005-07-20,1235.199951171875,10.229999542236328,9.047658464185485
2005-07-21,1227.0400390625,10.970000267028809,8.785948045877126
2005-07-22,1233.6800537109375,10.520000457763672,8.574089039215037
2005-07-25,1229.030029296875,11.100000381469727,8.556497248563302
2005-07-26,1231.1600341796875,10.989999771118164,8.772764091002944
2005-07-27,1236.7900390625,10.359999656677246,8.630812705288678
2005-07-28,1243.719970703125,10.520000457763672,8.457607614152655
2005-07-29,1234.1800537109375,11.569999694824219,8.517850491151126
2005-08-01,1235.3499755859375,12.079999923706055,8.528495125017324
2005-08-02,1244.1199951171875,11.75,8.902256125441351
2005-08-03,1245.0400390625,11.829999923706055,8.909702959120267
2005-08-04,1235.8599853515625,12.520000457763672,8.62912887375971
2005-08-05,1226.4200439453125,12.479999542236328,9.377797810381102
2005-08-08,1223.1300048828125,13.210000038146973,9.341357468207184
2005-08-09,1231.3800048828125,12.399999618530273,9.169576519886991
2005-08-10,1229.1300048828125,12.380000114440918,9.53887752838484
2005-08-11,1237.81005859375,12.420000076293945,9.24066600358739
2005-08-12,1230.3900146484375,12.739999771118164,9.385590982806928
2005-08-15,1233.8699951171875,12.260000228881836,9.395184173464571
2005-08-16,1219.3399658203125,13.520000457763672,8.39714469559472
2005-08-17,1220.239990234375,13.300000190734863,8.83612099313353
2005-08-18,1219.02001953125,13.420000076293945,9.085182245423123
2005-08-19,1219.7099609375,13.420000076293945,9.535093238333332
2005-08-22,1221.72998046875,13.420000076293945,10.031112399517298
2005-08-23,1217.5899658203125,13.34000015258789,10.067263695641351
2005-08-24,1209.5899658203125,14.170000076293945,9.788563193181501
2005-08-25,1212.3699951171875,13.729999542236328,9.759668695917439
2005-08-26,1205.0999755859375,13.720000267028809,9.50156191315183
2005-08-29,1212.280029296875,13.520000457763672,9.291529225882886
2005-08-30,1208.4100341796875,13.649999618530273,9.66686210914736
2005-08-31,1220.3299560546875,12.600000381469727,9.090039709893102
2005-09-01,1221.5899658203125,13.149999618530273,9.113177205787428
2005-09-02,1218.02001953125,13.569999694824219,9.730071047061859
2005-09-06,1233.3900146484375,12.930000305175781,9.883946072658158
2005-09-07,1236.3599853515625,12.520000457763672,9.821026703316532
2005-09-08,1231.6700439453125,12.930000305175781,9.966950978555698
2005-09-09,1241.47998046875,11.979999542236328,9.55016865297312
2005-09-12,1240.56005859375,11.649999618530273,9.537011152320769
2005-09-13,1231.199951171875,12.390000343322754,9.444649074149764
2005-09-14,1227.1600341796875,12.90999984741211,9.446534240965233
2005-09-15,1227.72998046875,12.489999771118164,10.064481417423512
2005-09-16,1237.9100341796875,11.220000267028809,9.564665755419083
2005-09-19,1231.02001953125,12.140000343322754,9.907245115488822
2005-09-20,1221.3399658203125,12.640000343322754,11.267048407725094
2005-09-21,1210.199951171875,13.789999961853027,11.978912544642885
2005-09-22,1214.6199951171875,13.329999923706055,11.89077003239518
2005-09-23,1215.2900390625,12.960000038146973,13.428615253355177
2005-09-26,1215.6300048828125,13.039999961853027,13.437437018002532
2005-09-27,1215.6600341796875,12.760000228881836,13.489963667421225
2005-09-28,1216.8900146484375,12.630000114440918,13.864668259438334
2005-09-29,1227.6800537109375,12.239999771118164,14.795206449547932
2005-09-30,1228.81005859375,11.920000076293945,15.060049912030149
2005-10-03,1226.699951171875,12.460000038146973,15.086168478208
2005-10-04,1214.469970703125,13.199999809265137,15.155556263575509
2005-10-05,1196.3900146484375,14.550000190734863,14.189656039364241
2005-10-06,1191.489990234375,14.960000038146973,14.075502774190529
2005-10-07,1195.9000244140625,14.59000015258789,14.050571099453865
2005-10-10,1187.3299560546875,15.550000190734863,13.832067070659432
2005-10-11,1184.8699951171875,15.630000114440918,13.779880382918517
2005-10-12,1177.6800537109375,16.219999313354492,13.7001432329196
2005-10-13,1176.8399658203125,16.469999313354492,13.664497552668326
2005-10-14,1186.5699462890625,14.869999885559082,13.526158967473645
2005-10-17,1190.0999755859375,14.670000076293945,13.661469248813162
2005-10-18,1178.1400146484375,15.329999923706055,12.990252768110189
2005-10-19,1195.760009765625,13.5,12.4400914540202
2005-10-20,1177.800048828125,16.110000610351562,10.816679905045296
2005-10-21,1179.5899658203125,16.1299991607666,10.839816972660248
2005-10-24,1199.3800048828125,14.739999771118164,9.6770292016561
2005-10-25,1196.5400390625,14.529999732971191,9.524934693866813
2005-10-26,1191.3800048828125,14.59000015258789,9.184667458666018
2005-10-27,1178.9000244140625,16.020000457763672,8.8357407433136
2005-10-28,1198.4100341796875,14.25,7.430006358000285
2005-10-31,1207.010009765625,15.319999694824219,7.785214393632681
2005-11-01,1202.760009765625,14.850000381469727,8.336649931665864
2005-11-02,1214.760009765625,13.479999542236328,7.894659310342357
2005-11-03,1219.93994140625,13.0,7.981967463806557
2005-11-04,1220.1400146484375,13.170000076293945,7.965738945207615
2005-11-07,1222.81005859375,13.100000381469727,8.291594285007571
2005-11-08,1218.5899658203125,13.079999923706055,8.164087934709817
2005-11-09,1220.6500244140625,12.800000190734863,8.177664317902398
2005-11-10,1230.9599609375,11.899999618530273,7.780920507275148
2005-11-11,1234.719970703125,11.630000114440918,7.905178035653257
2005-11-14,1233.760009765625,12.180000305175781,7.931873510609148
2005-11-15,1229.010009765625,12.229999542236328,7.768190495597335
2005-11-16,1231.2099609375,12.260000228881836,7.9187074398693404
2005-11-17,1242.800048828125,11.25,7.7366845497831225
2005-11-18,1248.27001953125,11.119999885559082,7.620026183934524
2005-11-21,1254.8499755859375,10.819999694824219,7.458619207952985
2005-11-22,1261.22998046875,10.600000381469727,7.395016644269201
2005-11-23,1265.6099853515625,10.960000038146973,7.303293192724228
2005-11-25,1268.25,10.880000114440918,7.994995802421748
2005-11-28,1257.4599609375,11.84000015258789,7.446315599578801
2005-11-29,1257.47998046875,11.890000343322754,7.519078867907224
2005-11-30,1249.47998046875,12.0600004196167,7.379566091959052
2005-12-01,1264.6700439453125,11.239999771118164,8.334616140729576
2005-12-02,1265.0799560546875,11.010000228881836,8.423074610428593
2005-12-05,1262.0899658203125,11.600000381469727,8.36779228351826
2005-12-06,1263.699951171875,11.520000457763672,8.920787082976638
2005-12-07,1257.3699951171875,12.180000305175781,8.709454093012432
2005-12-08,1255.8399658203125,12.210000038146973,8.684094316065345
2005-12-09,1259.3699951171875,11.6899995803833,8.702106053919481
2005-12-12,1260.4300537109375,11.470000267028809,9.091645330123121
2005-12-13,1267.4300537109375,11.109999656677246,8.939253292167686
2005-12-14,1272.739990234375,10.479999542236328,8.971849612895133
2005-12-15,1270.93994140625,10.729999542236328,9.075465222441853
2005-12-16,1267.3199462890625,10.680000305175781,9.178305106172356
2005-12-19,1259.9200439453125,11.380000114440918,11.143343293547868
2005-12-20,1259.6199951171875,11.1899995803833,11.159695872787836
2005-12-21,1262.7900390625,10.8100004196167,11.156811417384631
2005-12-22,1268.1199951171875,10.289999961853027,11.073877766856015
2005-12-23,1268.6600341796875,10.270000457763672,11.362261023008088
2005-12-27,1256.5400390625,11.569999694824219,11.062486629187841
2005-12-28,1258.1700439453125,11.350000381469727,11.06213190253809
2005-12-29,1254.4200439453125,11.609999656677246,11.112907756594828
2005-12-30,1248.2900390625,12.069999694824219,10.90835614967858
2006-01-03,1268.800048828125,11.140000343322754,10.016321579008123
2006-01-04,1273.4599609375,11.369999885559082,10.097272574504002
2006-01-05,1273.47998046875,11.3100004196167,10.1043062084359
2006-01-06,1285.449951171875,11.0,9.806112512016215
2006-01-09,1290.1500244140625,11.130000114440918,10.254232770627846
2006-01-10,1289.68994140625,10.859999656677246,10.253928608357663
2006-01-11,1294.1800537109375,10.9399995803833,10.207742300879849
2006-01-12,1286.06005859375,11.199999809265137,10.0631267148797
2006-01-13,1287.6099853515625,11.229999542236328,10.72827006303598
2006-01-17,1282.9300537109375,11.90999984741211,10.74564682425987
2006-01-18,1277.9300537109375,12.25,10.946173781808403
2006-01-19,1285.0400390625,11.979999542236328,10.804977732870324
2006-01-20,1261.489990234375,14.5600004196167,8.561014433849886
2006-01-23,1263.8199462890625,13.930000305175781,8.864822091528282
2006-01-24,1266.8599853515625,13.3100004196167,9.005883782031852
2006-01-25,1264.6800537109375,12.869999885559082,8.960669116254408
2006-01-26,1273.8299560546875,12.420000076293945,8.7270743930622
2006-01-27,1283.719970703125,11.970000267028809,9.15766863062003
2006-01-30,1285.18994140625,12.390000343322754,9.598366507786585
2006-01-31,1280.0799560546875,12.949999809265137,9.50244434917869
2006-02-01,1282.4599609375,12.359999656677246,9.505496213274002
2006-02-02,1270.8399658203125,13.229999542236328,9.271272056556636
2006-02-03,1264.030029296875,12.960000038146973,9.079510326746743
2006-02-06,1265.02001953125,13.039999961853027,9.095588313931685
2006-02-07,1254.780029296875,13.59000015258789,8.772075543314383
2006-02-08,1265.6500244140625,12.829999923706055,8.621300108054117
2006-02-09,1263.780029296875,13.119999885559082,8.602480649125695
2006-02-10,1266.989990234375,12.869999885559082,9.209113191556675
2006-02-13,1262.8599853515625,13.350000381469727,9.124943626101151
2006-02-14,1275.530029296875,12.25,8.589725528229666
2006-02-15,1280.0,12.3100004196167,8.546991843400624
2006-02-16,1289.3800048828125,11.479999542236328,8.27438307463192
2006-02-17,1287.239990234375,12.010000228881836,8.557114645705957
2006-02-21,1283.030029296875,12.40999984741211,8.662249043547156
2006-02-22,1292.6700439453125,11.880000114440918,8.382366502430145
2006-02-23,1287.7900390625,11.869999885559082,8.249260031901942
2006-02-24,1289.4300537109375,11.460000038146973,8.262629972775224
2006-02-27,1294.1199951171875,11.59000015258789,8.508481266254647
2006-02-28,1280.6600341796875,12.34000015258789,7.989040736040718
2006-03-01,1291.239990234375,11.539999961853027,7.569746274819334
2006-03-02,1289.1400146484375,11.720000267028809,7.701004619138057
2006-03-03,1287.22998046875,11.960000038146973,7.706656248384952
2006-03-06,1278.260009765625,12.739999771118164,7.468813831459799
2006-03-07,1275.8800048828125,12.65999984741211,7.474273138126122
2006-03-08,1278.469970703125,12.319999694824219,7.551603321769902
2006-03-09,1272.22998046875,12.680000305175781,8.307265946888458
2006-03-10,1281.4200439453125,11.850000381469727,7.982112654453488
2006-03-13,1284.1300048828125,11.369999885559082,8.461283295928087
2006-03-14,1297.47998046875,10.739999771118164,7.616122637300293
2006-03-15,1303.02001953125,11.350000381469727,7.444338486258503
2006-03-16,1305.3299560546875,11.979999542236328,7.44143273144256
2006-03-17,1307.25,12.119999885559082,9.626086753958315
2006-03-20,1305.0799560546875,11.789999961853027,9.630572259620223
2006-03-21,1297.22998046875,11.619999885559082,9.36492528296108
2006-03-22,1305.0400390625,11.210000038146973,9.151066280460535
2006-03-23,1301.6700439453125,11.170000076293945,9.144845583837673
2006-03-24,1302.949951171875,11.1899995803833,9.308594645671745
2006-03-27,1301.6099853515625,11.460000038146973,9.35250973471712
2006-03-28,1293.22998046875,11.579999923706055,9.092281926991568
2006-03-29,1302.8900146484375,10.949999809265137,8.746620835577504
2006-03-30,1300.25,11.569999694824219,8.84714565727866
2006-03-31,1294.8699951171875,11.390000343322754,8.929373612769446
2006-04-03,1297.81005859375,11.569999694824219,9.044171092668003
2006-04-04,1305.9300537109375,11.140000343322754,8.85342473582726
2006-04-05,1311.56005859375,11.130000114440918,9.41883231002957
2006-04-06,1309.0400390625,11.449999809265137,9.39077843498241
2006-04-07,1295.5,12.260000228881836,8.506225689734894
2006-04-10,1296.6199951171875,12.1899995803833,8.561686223406221
2006-04-11,1286.5699462890625,13.0,9.36205413539894
2006-04-12,1288.1199951171875,12.760000228881836,10.24060634239876
2006-04-13,1289.1199951171875,12.380000114440918,10.27259989609221
2006-04-17,1285.3299560546875,12.579999923706055,10.237902070737741
2006-04-18,1307.280029296875,11.399999618530273,10.013152840299561
2006-04-19,1309.9300537109375,11.319999694824219,10.098012173242529
2006-04-20,1311.4599609375,11.640000343322754,10.257822240835504
2006-04-21,1311.280029296875,11.59000015258789,10.271690595481903
2006-04-24,1308.1099853515625,11.75,10.307836659883037
2006-04-25,1301.739990234375,11.75,10.316550821931829
2006-04-26,1305.4100341796875,11.760000228881836,11.15984019965234
2006-04-27,1309.719970703125,11.84000015258789,11.31217476607731
2006-04-28,1310.6099853515625,11.59000015258789,12.403286140972229
2006-05-01,1305.18994140625,12.539999961853027,12.837334868966716
2006-05-02,1313.2099609375,11.989999771118164,13.441205014968594
2006-05-03,1308.1199951171875,11.989999771118164,13.435860792476886
2006-05-04,1312.25,11.859999656677246,14.60668127408405
2006-05-05,1325.760009765625,11.619999885559082,13.947947693416843
2006-05-08,1324.6600341796875,12.0,13.998783366827503
2006-05-09,1325.1400146484375,11.989999771118164,14.030926872814092
2006-05-10,1322.8499755859375,11.779999732971191,14.044864573879604
2006-05-11,1305.9200439453125,12.489999771118164,13.96148739340965
2006-05-12,1291.239990234375,14.1899995803833,13.951226812067702
2006-05-15,1294.5,13.569999694824219,14.102493954950738
2006-05-16,1292.0799560546875,13.350000381469727,16.277498805025502
2006-05-17,1270.3199462890625,16.260000228881836,15.289159164975707
2006-05-18,1261.81005859375,16.989999771118164,15.432546459318374
2006-05-19,1267.030029296875,17.18000030517578,15.331442036124828
2006-05-22,1262.0699462890625,17.719999313354492,15.7273666388811
2006-05-23,1256.5799560546875,18.260000228881836,15.760139129421008
2006-05-24,1258.5699462890625,17.360000610351562,15.743844730688586
2006-05-25,1272.8800048828125,15.5,15.284521009249403
2006-05-26,1280.1600341796875,14.260000228881836,15.347440304935498
2006-05-30,1259.8699951171875,18.65999984741211,14.586481873686678
2006-05-31,1270.0899658203125,16.440000534057617,16.20508232622481
2006-06-01,1285.7099609375,14.520000457763672,15.603830752582942
2006-06-02,1288.219970703125,14.319999694824219,15.855047524119723
2006-06-05,1265.2900390625,16.649999618530273,14.748746084301146
2006-06-06,1263.8499755859375,17.34000015258789,14.760485091238639
2006-06-07,1256.1500244140625,17.799999237060547,14.798904201663547
2006-06-08,1257.9300537109375,18.350000381469727,14.79939232761759
2006-06-09,1252.300048828125,18.1200008392334,14.74173077307285
2006-06-12,1237.43994140625,20.959999084472656,14.636030171354061
2006-06-13,1223.68994140625,23.809999465942383,14.842700771065182
2006-06-14,1230.0400390625,21.459999084472656,14.872040307170591
2006-06-15,1256.1600341796875,15.899999618530273,12.810867263857082
2006-06-16,1251.5400390625,17.25,12.800498659472023
2006-06-19,1240.1300048828125,17.829999923706055,13.972154978394597
2006-06-20,1240.1199951171875,16.690000534057617,14.336206476816713
2006-06-21,1252.199951171875,15.520000457763672,14.135358834110676
2006-06-22,1245.5999755859375,15.880000114440918,15.172263036740851
2006-06-23,1244.5,15.890000343322754,15.288515652973784
2006-06-26,1250.56005859375,15.619999885559082,15.226228815135293
2006-06-27,1239.199951171875,16.399999618530273,14.915359567875658
2006-06-28,1246.0,15.789999961853027,15.339305218540028
2006-06-29,1272.8699951171875,13.029999732971191,13.496299384868665
2006-06-30,1270.199951171875,13.079999923706055,13.572184751305791
2006-07-03,1280.18994140625,13.050000190734863,13.40573231911861
2006-07-05,1270.9100341796875,14.149999618530273,13.167385581669585
2006-07-06,1274.0799560546875,13.649999618530273,13.148470702012993
2006-07-07,1265.47998046875,13.970000267028809,12.954015842970868
2006-07-10,1267.3399658203125,14.020000457763672,13.0113031366585
2006-07-11,1272.4300537109375,13.140000343322754,13.021938862113869
2006-07-12,1258.5999755859375,14.489999771118164,12.518471695132064
2006-07-13,1242.280029296875,17.790000915527344,11.64613113185197
2006-07-14,1236.199951171875,18.049999237060547,11.451143184948492
2006-07-17,1234.489990234375,18.639999389648438,12.176152290541923
2006-07-18,1236.8599853515625,17.739999771118164,12.33527224637641
2006-07-19,1259.81005859375,15.550000190734863,10.840661863105138
2006-07-20,1249.1300048828125,16.209999084472656,10.242186374529128
2006-07-21,1240.2900390625,17.399999618530273,9.923066328629577
2006-07-24,1260.9100341796875,14.979999542236328,8.442888095916315
2006-07-25,1268.8800048828125,14.850000381469727,8.483466908890962
2006-07-26,1268.4000244140625,14.619999885559082,8.484889099465507
2006-07-27,1263.199951171875,14.9399995803833,8.306633112862222
2006-07-28,1278.550048828125,14.329999923706055,7.466409495682134
2006-07-31,1276.6600341796875,14.949999809265137,7.425083383725626
2006-08-01,1270.9200439453125,15.050000190734863,7.14968868950971
2006-08-02,1277.4100341796875,14.34000015258789,7.057356696599326
2006-08-03,1280.27001953125,14.460000038146973,7.2195343245346555
2006-08-04,1279.3599853515625,14.34000015258789,7.190380412861812
2006-08-07,1275.77001953125,15.229999542236328,8.067827963754146
2006-08-08,1271.47998046875,15.229999542236328,8.17879641577252
2006-08-09,1265.949951171875,15.199999809265137,8.011570182325723
2006-08-10,1271.81005859375,14.460000038146973,7.9184113292048846
2006-08-11,1266.739990234375,14.300000190734863,8.315132439183316
2006-08-14,1268.2099609375,14.260000228881836,8.345072135123969
2006-08-15,1285.5799560546875,13.420000076293945,7.220555933461149
2006-08-16,1295.4300537109375,12.40999984741211,6.848767757658075
2006-08-17,1297.47998046875,12.239999771118164,6.844858824294925
2006-08-18,1302.300048828125,11.640000343322754,6.868030906112037
2006-08-21,1297.52001953125,12.220000267028809,6.908090635806309
2006-08-22,1298.8199462890625,12.1899995803833,7.256691249580255
2006-08-23,1292.989990234375,12.399999618530273,7.105990764890992
2006-08-24,1296.06005859375,12.399999618530273,7.613227951664987
2006-08-25,1295.0899658203125,12.3100004196167,7.8914970875601
2006-08-28,1301.780029296875,12.180000305175781,7.788320282275425
2006-08-29,1304.280029296875,12.279999732971191,7.786435305024507
2006-08-30,1305.3699951171875,12.220000267028809,7.880611968004003
2006-08-31,1303.8199462890625,12.3100004196167,7.9976595226553995
2006-09-01,1311.010009765625,11.960000038146973,7.841397541825769
2006-09-05,1313.25,12.630000114440918,8.742986922507537
2006-09-06,1300.260009765625,13.739999771118164,7.724920723272268
2006-09-07,1294.02001953125,13.880000114440918,7.52481134990217
2006-09-08,1298.9200439453125,13.15999984741211,7.507039157350174
2006-09-11,1299.5400390625,12.989999771118164,7.490271667062824
2006-09-12,1313.0,11.920000076293945,6.988348671098667
2006-09-13,1318.0699462890625,11.180000305175781,7.500482630212696
2006-09-14,1316.280029296875,11.550000190734863,7.424144038096853
2006-09-15,1319.6600341796875,11.760000228881836,7.4234921988876685
2006-09-18,1321.1800537109375,11.779999732971191,7.6563709942136
2006-09-19,1317.6400146484375,11.979999542236328,7.503754259444994
2006-09-20,1325.1800537109375,11.390000343322754,7.365152373588154
2006-09-21,1318.030029296875,12.25,6.929266665552869
2006-09-22,1314.780029296875,12.59000015258789,6.903350264927867
2006-09-25,1326.3699951171875,12.119999885559082,6.5000405432975
2006-09-26,1336.3499755859375,11.529999732971191,6.199304869683555
2006-09-27,1336.5899658203125,11.579999923706055,6.2806620450872455
2006-09-28,1338.8800048828125,11.720000267028809,7.228052036069885
2006-09-29,1335.8499755859375,11.979999542236328,7.117721823754007
2006-10-02,1331.3199462890625,12.569999694824219,6.918933800194845
2006-10-03,1334.1099853515625,12.239999771118164,7.5863869210653965
2006-10-04,1350.199951171875,11.859999656677246,6.499134092700093
2006-10-05,1353.219970703125,11.979999542236328,6.541386184136841
2006-10-06,1349.5899658203125,11.5600004196167,7.441930960209897
2006-10-09,1350.6600341796875,11.680000305175781,7.45195768164504
2006-10-10,1353.4200439453125,11.520000457763672,7.452578936567902
2006-10-11,1349.949951171875,11.619999885559082,7.68463814323535
2006-10-12,1362.8299560546875,11.09000015258789,7.048786912142116
2006-10-13,1365.6199951171875,10.75,7.06359543834328
2006-10-16,1369.06005859375,11.09000015258789,7.310345617396191
2006-10-17,1364.050048828125,11.729999542236328,7.14000729950301
2006-10-18,1365.800048828125,11.34000015258789,7.151218337846949
2006-10-19,1366.9599609375,10.899999618530273,7.150475093742761
2006-10-20,1368.5999755859375,10.630000114440918,7.1740220899357485
2006-10-23,1377.02001953125,11.079999923706055,6.941776595758236
2006-10-24,1377.3800048828125,10.779999732971191,6.955518238932967
2006-10-25,1382.219970703125,10.65999984741211,7.070030294015135
2006-10-26,1389.0799560546875,10.5600004196167,8.44361561756562
2006-10-27,1377.3399658203125,10.800000190734863,7.974306428892933
2006-10-30,1377.9300537109375,11.199999809265137,8.54218243887242
2006-10-31,1377.93994140625,11.100000381469727,8.538049192528911
2006-11-01,1367.81005859375,11.510000228881836,8.124382885529515
2006-11-02,1367.3399658203125,11.420000076293945,8.546221432208794
2006-11-03,1364.300048828125,11.15999984741211,8.482066153885992
2006-11-06,1379.780029296875,11.15999984741211,7.788607690817215
2006-11-07,1382.8399658203125,11.09000015258789,7.973157905580661
2006-11-08,1385.719970703125,10.75,7.96838577030264
2006-11-09,1378.3299560546875,11.010000228881836,7.656073979149867
2006-11-10,1380.9000244140625,10.789999961853027,7.689893697904774
2006-11-13,1384.4200439453125,10.859999656677246,7.670816284217048
2006-11-14,1393.219970703125,10.5,7.912675317678001
2006-11-15,1396.5699462890625,10.3100004196167,7.898360384391031
2006-11-16,1399.760009765625,10.15999984741211,8.018470980900101
2006-11-17,1401.199951171875,10.050000190734863,8.032608560613728
2006-11-20,1400.5,9.970000267028809,8.05788462177143
2006-11-21,1402.81005859375,9.899999618530273,8.195539810382044
2006-11-22,1406.0899658203125,10.140000343322754,8.409362852083174
2006-11-24,1400.949951171875,10.729999542236328,8.408379968800233
2006-11-27,1381.9599609375,12.300000190734863,6.930375772525318
2006-11-28,1386.719970703125,11.619999885559082,6.968317866811541
2006-11-29,1399.47998046875,10.829999923706055,6.624285283571618
2006-11-30,1400.6300048828125,10.90999984741211,6.654083512460097
2006-12-01,1396.7099609375,11.65999984741211,6.5445532846701955
2006-12-04,1409.1199951171875,11.229999542236328,6.251467983149091
2006-12-05,1414.760009765625,11.270000457763672,6.138414906942462
2006-12-06,1412.9000244140625,11.329999923706055,6.124125295444275
2006-12-07,1407.2900390625,12.670000076293945,5.984454417030751
2006-12-08,1409.8399658203125,12.069999694824219,6.326242840908123
2006-12-11,1413.0400390625,10.710000038146973,6.479388029397204
2006-12-12,1411.56005859375,10.649999618530273,6.452048469957354
2006-12-13,1413.2099609375,10.180000305175781,6.4719654361797465
2006-12-14,1425.489990234375,9.970000267028809,5.870864664939945
2006-12-15,1427.0899658203125,10.050000190734863,5.943896279730162
2006-12-18,1422.47998046875,10.600000381469727,6.12967003861556
2006-12-19,1425.550048828125,10.300000190734863,6.208499598924832
2006-12-20,1423.530029296875,10.260000228881836,6.8215106370068375
2006-12-21,1418.300048828125,10.529999732971191,7.856500911845214
2006-12-22,1410.760009765625,11.359999656677246,7.617856077288073
2006-12-26,1416.9000244140625,11.260000228881836,7.493723545518849
2006-12-27,1426.8399658203125,10.640000343322754,7.362180487204692
2006-12-28,1424.72998046875,10.989999771118164,7.6709647043133256
2006-12-29,1418.300048828125,11.5600004196167,7.626092979561309
2007-01-03,1416.5999755859375,12.039999961853027,7.590592600624435
2007-01-04,1418.3399658203125,11.510000228881836,7.622377256389119
2007-01-05,1409.7099609375,12.140000343322754,7.1804625814607785
2007-01-08,1412.8399658203125,12.0,7.1725160439534665
2007-01-09,1412.1099853515625,11.90999984741211,7.196584932043409
2007-01-10,1414.8499755859375,11.470000267028809,7.741382426422675
2007-01-11,1423.8199462890625,10.869999885559082,7.5869309134758725
2007-01-12,1430.72998046875,10.149999618530273,7.846197661705529
2007-01-16,1431.9000244140625,10.739999771118164,8.230440552839848
2007-01-17,1430.6199951171875,10.59000015258789,8.208337848295283
2007-01-18,1426.3699951171875,10.850000381469727,8.116218721386776
2007-01-19,1430.5,10.399999618530273,8.1147117874212
2007-01-22,1422.949951171875,10.770000457763672,7.844522378350311
2007-01-23,1427.989990234375,10.34000015258789,7.8235452642714085
2007-01-24,1440.1300048828125,9.890000343322754,7.46712726790353
2007-01-25,1423.9000244140625,11.220000267028809,6.18355125891266
2007-01-26,1422.1800537109375,11.130000114440918,13.989660974677099
2007-01-29,1420.6199951171875,11.449999809265137,14.158975034215338
2007-01-30,1428.8199462890625,10.960000038146973,13.991278924756351
2007-01-31,1438.239990234375,10.420000076293945,14.177896404248234
2007-02-01,1445.93994140625,10.3100004196167,14.175603422788315
2007-02-02,1448.3900146484375,10.079999923706055,15.414674438843253
2007-02-05,1446.989990234375,10.550000190734863,15.413538825941252
2007-02-06,1448.0,10.649999618530273,15.703589714360405
2007-02-07,1450.02001953125,10.319999694824219,15.688667116261259
2007-02-08,1448.31005859375,10.4399995803833,15.757640457513292
2007-02-09,1438.06005859375,11.100000381469727,17.014413258391254
2007-02-12,1433.3699951171875,11.609999656677246,17.269854196286257
2007-02-13,1444.260009765625,10.34000015258789,17.062015924194533
2007-02-14,1455.300048828125,10.229999542236328,16.72830775927314
2007-02-15,1456.81005859375,10.220000267028809,17.308223573569446
2007-02-16,1455.5400390625,10.020000457763672,17.535518526172662
2007-02-20,1459.6800537109375,10.239999771118164,18.619696081280527
2007-02-21,1457.6300048828125,10.199999809265137,18.61904208840482
2007-02-22,1456.3800048828125,10.180000305175781,18.63002540290151
2007-02-23,1451.18994140625,10.579999923706055,18.607243420521353
2007-02-26,1449.3699951171875,11.149999618530273,18.712837649661633
2007-02-27,1399.0400390625,18.309999465942383,14.180626303923194
2007-02-28,1406.8199462890625,15.420000076293945,14.114965640029245
2007-03-01,1403.1700439453125,15.819999694824219,14.08382041306261
2007-03-02,1387.1700439453125,18.610000610351562,13.391395691988642
2007-03-05,1374.1199951171875,19.6299991607666,13.06767416852541
2007-03-06,1395.4100341796875,15.960000038146973,12.151738679007993
2007-03-07,1391.969970703125,15.239999771118164,12.0760504825172
2007-03-08,1401.8900146484375,14.289999961853027,11.921454831025864
2007-03-09,1402.8399658203125,14.09000015258789,11.924928202732346
2007-03-12,1406.5999755859375,13.989999771118164,12.240093990609868
2007-03-13,1377.949951171875,18.1299991607666,9.471072671071669
2007-03-14,1387.1700439453125,17.270000457763672,9.351750372772912
2007-03-15,1392.280029296875,16.43000030517578,9.786485478562811
2007-03-16,1386.949951171875,16.790000915527344,9.511581527896174
2007-03-19,1402.06005859375,14.59000015258789,9.073064001718162
2007-03-20,1410.93994140625,13.270000457763672,9.031207655069318
2007-03-21,1435.0400390625,12.1899995803833,7.720937732671135
2007-03-22,1434.5400390625,12.930000305175781,7.812734942307308
2007-03-23,1436.1099853515625,12.949999809265137,7.838555938745513
2007-03-26,1437.5,13.15999984741211,8.385918078878781
2007-03-27,1428.6099853515625,13.479999542236328,7.925018419739491
2007-03-28,1417.22998046875,14.979999542236328,7.080237609567742
2007-03-29,1422.530029296875,15.140000343322754,7.91842659420239
2007-03-30,1420.8599853515625,14.640000343322754,7.83793497949557
2007-04-02,1424.550048828125,14.529999732971191,7.978486752263679
2007-04-03,1437.77001953125,13.460000038146973,7.615350292355141
2007-04-04,1439.3699951171875,13.239999771118164,7.606981002032363
2007-04-05,1443.760009765625,13.229999542236328,7.60158523421864
2007-04-09,1444.6099853515625,13.140000343322754,7.670139783152163
2007-04-10,1448.3900146484375,12.680000305175781,7.678733315941262
2007-04-11,1438.8699951171875,13.489999771118164,9.050994601476537
2007-04-12,1447.800048828125,12.710000038146973,9.335945913244899
2007-04-13,1452.8499755859375,12.199999809265137,9.400010805732977
2007-04-16,1468.3299560546875,11.979999542236328,8.856230036028249
2007-04-17,1471.47998046875,12.140000343322754,9.22978828851981
2007-04-18,1472.5,12.420000076293945,9.261307653959033
2007-04-19,1470.72998046875,12.539999961853027,9.390085512778963
2007-04-20,1484.3499755859375,12.069999694824219,8.978581295921076
2007-04-23,1480.9300537109375,13.039999961853027,8.912868296542209
2007-04-24,1480.4100341796875,13.119999885559082,8.938606128331218
2007-04-25,1495.4200439453125,13.210000038146973,9.128620941420182
2007-04-26,1494.25,12.789999961853027,9.281549052681562
2007-04-27,1494.0699462890625,12.449999809265137,9.281648894902862
2007-04-30,1482.3699951171875,14.220000267028809,9.044289105305763
2007-05-01,1486.300048828125,13.510000228881836,9.044452461628099
2007-05-02,1495.9200439453125,13.079999923706055,8.900891402771318
2007-05-03,1502.3900146484375,13.09000015258789,8.835277437677961
2007-05-04,1505.6199951171875,12.90999984741211,9.107386226599795
2007-05-07,1509.47998046875,13.149999618530273,9.67537066830599
2007-05-08,1507.719970703125,13.210000038146973,11.507550929549899
2007-05-09,1512.5799560546875,12.880000114440918,12.162792446854159
2007-05-10,1491.469970703125,13.600000381469727,11.06318265846028
2007-05-11,1505.8499755859375,12.949999809265137,11.212248037032639
2007-05-14,1503.1500244140625,13.960000038146973,12.407745850643579
2007-05-15,1501.18994140625,14.010000228881836,12.482560754555486
2007-05-16,1514.1400146484375,13.5,12.33631945222857
2007-05-17,1512.75,13.510000228881836,12.34128880337708
2007-05-18,1522.75,12.760000228881836,12.156228389618875
2007-05-21,1525.0999755859375,13.300000190734863,13.077505099597147
2007-05-22,1524.1199951171875,13.0600004196167,13.27153462254979
2007-05-23,1522.280029296875,13.239999771118164,14.005957755859058
2007-05-24,1507.510009765625,14.079999923706055,13.647576138676914
2007-05-25,1515.72998046875,13.34000015258789,13.517634269712422
2007-05-29,1518.1099853515625,13.529999732971191,13.913007951546197
2007-05-30,1530.22998046875,12.829999923706055,13.580293181831982
2007-05-31,1530.6199951171875,13.050000190734863,13.577657824085534
2007-06-01,1536.3399658203125,12.779999732971191,14.073609366995065
2007-06-04,1539.1800537109375,13.289999961853027,14.122941803455657
2007-06-05,1530.949951171875,13.630000114440918,14.010539374927324
2007-06-06,1517.3800048828125,14.869999885559082,13.686374170674636
2007-06-07,1490.719970703125,17.059999465942383,11.992888615637154
2007-06-08,1507.6700439453125,14.84000015258789,12.564649902153729
2007-06-11,1509.1199951171875,14.710000038146973,12.713285285128986
2007-06-12,1493.0,16.670000076293945,13.581743434618748
2007-06-13,1515.6700439453125,14.729999542236328,12.703000343269801
2007-06-14,1522.969970703125,13.640000343322754,12.67236947993928
2007-06-15,1532.9100341796875,13.9399995803833,12.504610084576251
2007-06-18,1531.050048828125,13.420000076293945,12.522903713971756
2007-06-19,1533.699951171875,12.850000381469727,12.593054581361798
2007-06-20,1512.8399658203125,14.670000076293945,12.4009478550095
2007-06-21,1522.18994140625,14.210000038146973,12.336179632627788
2007-06-22,1502.56005859375,15.75,13.495926949135656
2007-06-25,1497.739990234375,16.649999618530273,13.515417438416524
2007-06-26,1492.8900146484375,18.889999389648438,15.887642531225671
2007-06-27,1506.3399658203125,15.529999732971191,16.40668097076009
2007-06-28,1505.7099609375,15.539999961853027,16.901710876569936
2007-06-29,1503.3499755859375,16.229999542236328,17.382819113851237
2007-07-02,1519.4300537109375,15.399999618530273,17.118886032060622
2007-07-03,1524.8699951171875,14.920000076293945,17.151148302873263
2007-07-05,1525.4000244140625,15.479999542236328,19.226281056577523
2007-07-06,1530.43994140625,14.720000267028809,21.281636890846176
2007-07-09,1531.8499755859375,15.15999984741211,21.447883941790998
2007-07-10,1510.1199951171875,17.56999969482422,21.599456006037286
2007-07-11,1518.760009765625,16.639999389648438,23.775584047291716
2007-07-12,1547.699951171875,15.539999961853027,22.55081727512251
2007-07-13,1552.5,15.149999618530273,22.462904030307307
2007-07-16,1549.52001953125,15.59000015258789,23.05990256671252
2007-07-17,1549.3699951171875,15.630000114440918,23.27038208023733
2007-07-18,1546.1700439453125,16.0,23.415487469456604
2007-07-19,1553.0799560546875,15.229999542236328,25.285226684229457
2007-07-20,1534.0999755859375,16.950000762939453,25.094806340173783
2007-07-23,1541.5699462890625,16.809999465942383,24.982960140678216
2007-07-24,1511.0400390625,18.549999237060547,24.67428459807567
2007-07-25,1518.0899658203125,18.100000381469727,24.57372766186029
2007-07-26,1482.6600341796875,20.739999771118164,23.63250946803582
2007-07-27,1458.949951171875,24.170000076293945,23.125678984978162
2007-07-30,1473.9100341796875,20.8700008392334,24.24951656357233
2007-07-31,1455.27001953125,23.520000457763672,25.13130767202427
2007-08-01,1465.81005859375,23.670000076293945,25.044921732645804
2007-08-02,1472.199951171875,21.219999313354492,25.312435348039813
2007-08-03,1433.06005859375,25.15999984741211,23.536759200786477
2007-08-06,1467.6700439453125,22.940000534057617,22.53779133574492
2007-08-07,1476.7099609375,21.559999465942383,22.483757791127744
2007-08-08,1497.489990234375,21.450000762939453,22.63283286967148
2007-08-09,1453.0899658203125,26.479999542236328,20.090371891680224
2007-08-10,1453.6400146484375,28.299999237060547,20.63534219786794
2007-08-13,1452.9200439453125,26.56999969482422,20.63262973287094
2007-08-14,1426.5400390625,27.68000030517578,19.593196071696305
2007-08-15,1406.699951171875,30.670000076293945,18.7415382588213
2007-08-16,1411.27001953125,30.829999923706055,18.926533229274522
2007-08-17,1445.93994140625,29.989999771118164,19.643143917617873
2007-08-20,1445.550048828125,26.329999923706055,19.658444726153185
2007-08-21,1447.1199951171875,25.25,19.923558384138293
2007-08-22,1464.0699462890625,22.889999389648438,19.6548702143415
2007-08-23,1462.5,22.6200008392334,19.789934084920013
2007-08-24,1479.3699951171875,20.719999313354492,19.480745852524255
2007-08-27,1466.7900390625,22.719999313354492,19.19871203831029
2007-08-28,1432.3599853515625,26.299999237060547,16.787600798551527
2007-08-29,1463.760009765625,23.809999465942383,15.488304016593684
2007-08-30,1457.6400146484375,25.059999465942383,15.780653491165324
2007-08-31,1473.989990234375,23.3799991607666,15.515655546519591
2007-09-04,1489.4200439453125,22.780000686645508,15.394584180309739
2007-09-05,1472.2900390625,24.579999923706055,14.633305382254736
2007-09-06,1478.550048828125,23.989999771118164,14.837271979008214
2007-09-07,1453.550048828125,26.229999542236328,13.229488396542314
2007-09-10,1451.699951171875,27.3799991607666,13.232526240105614
2007-09-11,1471.489990234375,25.270000457763672,12.835375490990478
2007-09-12,1471.56005859375,24.959999084472656,13.10384802590854
2007-09-13,1483.949951171875,24.760000228881836,12.961547494087998
2007-09-14,1484.25,24.920000076293945,13.482034281131284
2007-09-17,1476.6500244140625,26.479999542236328,13.58887052083465
2007-09-18,1519.780029296875,20.350000381469727,9.4628460454559
2007-09-19,1529.030029296875,20.030000686645508,9.265316445309628
2007-09-20,1518.75,20.450000762939453,12.821975810799907
2007-09-21,1525.75,19.0,12.783954748809093
2007-09-24,1517.72998046875,19.3700008392334,13.060772726083048
2007-09-25,1517.2099609375,18.600000381469727,13.089164954745005
2007-09-26,1525.4200439453125,17.6299991607666,12.940864223577012
2007-09-27,1531.3800048828125,17.0,13.764191643059414
2007-09-28,1526.75,18.0,13.767731835929242
2007-10-01,1547.0400390625,17.84000015258789,13.143562595823289
2007-10-02,1546.6300048828125,18.489999771118164,13.830417131103772
2007-10-03,1539.5899658203125,18.799999237060547,16.629062309626676
2007-10-04,1542.8399658203125,18.440000534057617,16.60468774469121
2007-10-05,1557.5899658203125,16.90999984741211,16.198133725087214
2007-10-08,1552.5799560546875,17.459999084472656,16.863229842701994
2007-10-09,1565.1500244140625,16.1200008392334,19.2348038838881
2007-10-10,1562.469970703125,16.670000076293945,19.2469682419402
2007-10-11,1554.4100341796875,18.8799991607666,19.653677508319518
2007-10-12,1561.800048828125,17.729999542236328,19.568783856244107
2007-10-15,1548.7099609375,19.25,22.48946895574586
2007-10-16,1538.530029296875,20.020000457763672,22.50263665443131
2007-10-17,1541.239990234375,18.540000915527344,22.77595030878025
2007-10-18,1540.0799560546875,18.5,22.93909908913738
2007-10-19,1500.6300048828125,22.959999084472656,22.033210372038834
2007-10-22,1506.3299560546875,21.639999389648438,22.05789187097241
2007-10-23,1519.5899658203125,20.40999984741211,22.185132540050528
2007-10-24,1515.8800048828125,20.799999237060547,23.25300234991234
2007-10-25,1514.4000244140625,21.170000076293945,24.36059825983573
2007-10-26,1535.280029296875,19.559999465942383,24.463642849993484
2007-10-29,1540.97998046875,19.8700008392334,26.72591337068686
2007-10-30,1531.02001953125,21.06999969482422,26.696610184287906
2007-10-31,1549.3800048828125,18.530000686645508,26.46125649555907
2007-11-01,1508.43994140625,23.209999084472656,24.95804195550745
2007-11-02,1509.6500244140625,23.010000228881836,25.01573468483696
2007-11-05,1502.1700439453125,24.309999465942383,25.622054453578368
2007-11-06,1520.27001953125,21.389999389648438,25.82316638642878
2007-11-07,1475.6199951171875,26.489999771118164,23.52504408190465
2007-11-08,1474.77001953125,26.15999984741211,23.625517871800835
2007-11-09,1453.699951171875,28.5,24.851022215169706
2007-11-12,1439.1800537109375,31.09000015258789,24.591863474463697
2007-11-13,1481.050048828125,24.100000381469727,22.527307629890274
2007-11-14,1470.5799560546875,25.940000534057617,22.921745675049955
2007-11-15,1451.1500244140625,28.059999465942383,23.06337132204464
2007-11-16,1458.739990234375,25.489999771118164,23.096902463309398
2007-11-19,1433.27001953125,26.010000228881836,22.215422386752152
2007-11-20,1439.699951171875,24.8799991607666,22.224818955002096
2007-11-21,1416.77001953125,26.84000015258789,22.000531529019497
2007-11-23,1440.699951171875,25.610000610351562,21.476722039834833
2007-11-26,1407.219970703125,28.90999984741211,19.417562256823693
2007-11-27,1428.22998046875,26.280000686645508,19.802892014066234
2007-11-28,1469.02001953125,24.110000610351562,17.287121925650403
2007-11-29,1469.719970703125,23.969999313354492,17.464660127501684
2007-11-30,1481.1400146484375,22.8700008392334,17.913346458298165
2007-12-03,1472.4200439453125,23.610000610351562,17.830597304973946
2007-12-04,1462.7900390625,23.790000915527344,19.610076330745134
2007-12-05,1485.010009765625,22.530000686645508,18.743342045703184
2007-12-06,1507.3399658203125,20.959999084472656,18.45845133906849
2007-12-07,1504.6600341796875,20.850000381469727,19.412554174311563
2007-12-10,1515.9599609375,20.739999771118164,19.443045775534966
2007-12-11,1477.6500244140625,23.59000015258789,18.098420712060076
2007-12-12,1486.5899658203125,22.469999313354492,18.455765593578867
2007-12-13,1488.4100341796875,22.559999465942383,20.02762779452442
2007-12-14,1467.949951171875,23.270000457763672,19.69613220528954
2007-12-17,1445.9000244140625,24.520000457763672,21.357513170560004
2007-12-18,1454.97998046875,22.639999389648438,21.045941484274206
2007-12-19,1453.0,21.68000030517578,21.137838680551706
2007-12-20,1460.1199951171875,20.579999923706055,22.7845207511775
2007-12-21,1484.4599609375,18.469999313354492,22.142123773648333
2007-12-24,1496.449951171875,18.600000381469727,21.998896378373306
2007-12-26,1497.6600341796875,18.65999984741211,23.31800745457365
2007-12-27,1476.27001953125,20.260000228881836,23.339341874767097
2007-12-28,1478.489990234375,20.739999771118164,23.259931358214338
2007-12-31,1468.3599853515625,22.5,24.31148468586804
2008-01-02,1447.1600341796875,23.170000076293945,24.474214095969923
2008-01-03,1447.1600341796875,22.489999771118164,24.650909046359544
2008-01-04,1411.6300048828125,23.940000534057617,25.658967691482832
2008-01-07,1416.1800537109375,23.790000915527344,25.62473848294638
2008-01-08,1390.18994140625,25.43000030517578,25.253041186767643
2008-01-09,1409.1300048828125,24.1200008392334,24.630642186117743
2008-01-10,1420.3299560546875,23.450000762939453,24.529495487953078
2008-01-11,1401.02001953125,23.68000030517578,24.43044595153636
2008-01-14,1416.25,22.899999618530273,24.623336479781067
2008-01-15,1380.949951171875,23.34000015258789,23.519645919185486
2008-01-16,1373.199951171875,24.3799991607666,23.470079238309168
2008-01-17,1333.25,28.459999084472656,21.025066710188188
2008-01-18,1325.18994140625,27.18000030517578,21.04466114296975
2008-01-22,1310.5,31.010000228881836,21.187188003213162
2008-01-23,1338.5999755859375,29.020000457763672,20.06861904288265
2008-01-24,1352.0699462890625,27.780000686645508,20.328991857217893
2008-01-25,1330.6099853515625,29.079999923706055,19.49048625165734
2008-01-28,1353.9599609375,27.780000686645508,18.656310806210154
2008-01-29,1362.300048828125,27.31999969482422,18.856281383992858
2008-01-30,1355.81005859375,27.6200008392334,21.11171739896959
2008-01-31,1378.550048828125,26.200000762939453,20.142097368367757
2008-02-01,1395.4200439453125,24.020000457763672,19.50826546369301
2008-02-04,1380.8199462890625,25.989999771118164,19.445276992078746
2008-02-05,1336.6400146484375,28.239999771118164,17.63394157326464
2008-02-06,1326.449951171875,28.969999313354492,17.67280500576657
2008-02-07,1336.9100341796875,27.65999984741211,18.020983024004483
2008-02-08,1331.2900390625,28.010000228881836,22.446149555585528
2008-02-11,1339.1300048828125,27.600000381469727,22.516770005550686
2008-02-12,1348.8599853515625,26.329999923706055,22.429532599476786
2008-02-13,1367.2099609375,24.8799991607666,22.762477098344796
2008-02-14,1348.8599853515625,25.540000915527344,22.5484562671205
2008-02-15,1349.989990234375,25.020000457763672,27.251877300153488
2008-02-19,1348.780029296875,25.59000015258789,28.48302661914876
2008-02-20,1360.030029296875,24.399999618530273,29.643457060719257
2008-02-21,1342.530029296875,25.1200008392334,29.826904239548348
2008-02-22,1353.1099853515625,24.059999465942383,29.710711978159654
2008-02-25,1371.800048828125,23.030000686645508,29.42302548564984
2008-02-26,1381.2900390625,21.899999618530273,29.48614163003581
2008-02-27,1380.02001953125,22.690000534057617,29.556337768204816
2008-02-28,1367.6800537109375,23.530000686645508,29.574187359956642
2008-02-29,1330.6300048828125,26.540000915527344,30.62475709204677
2008-03-03,1331.3399658203125,26.280000686645508,30.645447625853368
2008-03-04,1326.75,25.520000457763672,30.597190004366663
2008-03-05,1333.699951171875,24.600000381469727,30.56777402180491
2008-03-06,1304.3399658203125,27.549999237060547,29.34448165955361
2008-03-07,1293.3699951171875,27.489999771118164,29.211293488569
2008-03-10,1273.3699951171875,29.3799991607666,28.73711517963392
2008-03-11,1320.6500244140625,26.360000610351562,26.046725170407676
2008-03-12,1308.77001953125,27.219999313354492,26.923178242595025
2008-03-13,1315.47998046875,27.290000915527344,26.91533143015208
2008-03-14,1288.1400146484375,31.15999984741211,25.779803973424343
2008-03-17,1276.5999755859375,32.2400016784668,26.430679992088272
2008-03-18,1330.739990234375,25.790000915527344,22.449606252114314
2008-03-19,1298.4200439453125,29.84000015258789,21.08245555026446
2008-03-20,1329.510009765625,26.6200008392334,19.776430945379335
2008-03-24,1349.8800048828125,25.729999542236328,19.51497624585604
2008-03-25,1352.989990234375,25.719999313354492,19.521399626852233
2008-03-26,1341.1300048828125,26.079999923706055,19.27486425888329
2008-03-27,1325.760009765625,25.8799991607666,18.723472332320963
2008-03-28,1315.219970703125,25.709999084472656,18.384492031207277
2008-03-31,1322.699951171875,25.610000610351562,18.497962006596264
2008-04-01,1370.1800537109375,22.68000030517578,14.204365114249478
2008-04-02,1367.530029296875,23.43000030517578,15.26418161140693
2008-04-03,1369.31005859375,23.209999084472656,15.276689197293635
2008-04-04,1370.4000244140625,22.450000762939453,15.420155011890637
2008-04-07,1372.5400390625,22.420000076293945,15.576668356565543
2008-04-08,1365.5400390625,22.360000610351562,16.89908095033827
2008-04-09,1354.489990234375,22.809999465942383,16.59352590382321
2008-04-10,1360.550048828125,21.979999542236328,16.794073649061172
2008-04-11,1332.8299560546875,23.459999084472656,15.171682794079544
2008-04-14,1328.3199462890625,23.81999969482422,15.060939481893055
2008-04-15,1334.4300537109375,22.780000686645508,15.052513626354116
2008-04-16,1364.7099609375,20.530000686645508,13.564544173340126
2008-04-17,1365.56005859375,20.3700008392334,13.558198252776648
2008-04-18,1390.3299560546875,20.1299991607666,12.257298774902099
2008-04-21,1388.1700439453125,20.5,12.763749801386522
2008-04-22,1375.93994140625,20.8700008392334,13.686128048889215
2008-04-23,1379.9300537109375,20.260000228881836,13.680282220585744
2008-04-24,1388.8199462890625,20.059999465942383,14.29558869973686
2008-04-25,1397.8399658203125,19.59000015258789,14.317372687060443
2008-04-28,1396.3699951171875,19.639999389648438,14.39470369735201
2008-04-29,1390.93994140625,20.239999771118164,14.449601575036427
2008-04-30,1385.5899658203125,20.790000915527344,14.376990246868768
2008-05-01,1409.3399658203125,18.8799991607666,13.539150451179385
2008-05-02,1413.9000244140625,18.18000030517578,13.56145257233165
2008-05-05,1407.489990234375,18.899999618530273,13.510462360988393
2008-05-06,1418.260009765625,18.209999084472656,14.980579684116368
2008-05-07,1392.5699462890625,19.729999542236328,17.428328280593277
2008-05-08,1397.6800537109375,19.399999618530273,17.357660377158194
2008-05-09,1388.280029296875,19.40999984741211,17.249225454188768
2008-05-12,1403.5799560546875,17.790000915527344,17.520692382083787
2008-05-13,1403.0400390625,17.979999542236328,17.61845765828153
2008-05-14,1408.6600341796875,17.65999984741211,18.488554276311824
2008-05-15,1423.5699462890625,16.299999237060547,17.966632036534843
2008-05-16,1425.3499755859375,16.469999313354492,17.989766976410344
2008-05-19,1426.6300048828125,17.010000228881836,18.110545598207096
2008-05-20,1413.4000244140625,17.579999923706055,18.107293769282926
2008-05-21,1390.7099609375,18.59000015258789,18.36894452602034
2008-05-22,1394.3499755859375,18.049999237060547,18.29935418685011
2008-05-23,1375.9300537109375,19.549999237060547,17.888749255329735
2008-05-27,1385.3499755859375,19.639999389648438,17.82877175243488
2008-05-28,1390.8399658203125,19.06999969482422,20.050303657795844
2008-05-29,1398.260009765625,18.139999389648438,19.772634333013656
2008-05-30,1400.3800048828125,17.829999923706055,19.763658066406496
2008-06-02,1385.6700439453125,19.829999923706055,19.816057804435697
2008-06-03,1377.6500244140625,20.239999771118164,20.460310074859468
2008-06-04,1377.199951171875,20.799999237060547,20.500000071987028
2008-06-05,1404.050048828125,18.6299991607666,18.67526893916091
2008-06-06,1360.6800537109375,23.559999465942383,17.696460801156235
2008-06-09,1361.760009765625,23.1200008392334,18.91212282038165
2008-06-10,1358.43994140625,23.18000030517578,19.304057592809897
2008-06-11,1335.489990234375,24.1200008392334,18.900115230927764
2008-06-12,1339.8699951171875,23.329999923706055,18.821868987888763
2008-06-13,1360.030029296875,21.219999313354492,17.6141835662418
2008-06-16,1360.1400146484375,20.950000762939453,20.42612862733716
2008-06-17,1350.9300537109375,21.1299991607666,21.144531385488424
2008-06-18,1337.81005859375,22.239999771118164,21.044337940538515
2008-06-19,1342.8299560546875,21.579999923706055,20.927729703703523
2008-06-20,1317.9300537109375,22.8700008392334,20.852082526934364
2008-06-23,1318.0,22.639999389648438,20.93564066633517
2008-06-24,1314.2900390625,22.420000076293945,22.291847400365413
2008-06-25,1321.969970703125,21.139999389648438,22.222708786341787
2008-06-26,1283.1500244140625,23.93000030517578,20.788920682275997
2008-06-27,1278.3800048828125,23.440000534057617,22.48888187230391
2008-06-30,1280.0,23.950000762939453,23.25478280481233
2008-07-01,1284.9100341796875,23.649999618530273,23.66282200495145
2008-07-02,1261.52001953125,25.920000076293945,22.8576673662855
2008-07-03,1262.9000244140625,24.780000686645508,23.061110144373135
2008-07-07,1252.31005859375,25.780000686645508,24.91327567465599
2008-07-08,1273.699951171875,23.149999618530273,24.2697767830143
2008-07-09,1244.68994140625,25.229999542236328,23.717880477615573
2008-07-10,1253.3900146484375,25.59000015258789,24.93205809854566
2008-07-11,1239.489990234375,27.489999771118164,24.550088937461407
2008-07-14,1228.300048828125,28.479999542236328,24.752892933276964
2008-07-15,1214.9100341796875,28.540000915527344,24.362984423374595
2008-07-16,1245.3599853515625,25.100000381469727,23.04442321631445
2008-07-17,1260.3199462890625,25.010000228881836,22.766950119161425
2008-07-18,1260.6800537109375,24.049999237060547,23.485115708428072
2008-07-21,1260.0,23.049999237060547,23.73976480046706
2008-07-22,1277.0,21.18000030517578,23.364524323620557
2008-07-23,1282.18994140625,21.309999465942383,23.33580369911041
2008-07-24,1252.5400390625,23.440000534057617,22.041647462459906
2008-07-25,1257.760009765625,22.90999984741211,23.209364514829044
2008-07-28,1234.3699951171875,24.229999542236328,22.158948653519854
2008-07-29,1263.199951171875,22.030000686645508,20.876604322865386
2008-07-30,1284.260009765625,21.209999084472656,20.71285814406499
2008-07-31,1267.3800048828125,22.940000534057617,20.763270675975562
2008-08-01,1260.31005859375,22.56999969482422,20.71373992715828
2008-08-04,1249.010009765625,23.489999771118164,20.4433720456272
2008-08-05,1284.8800048828125,21.139999389648438,20.66461173955629
2008-08-06,1289.18994140625,20.229999542236328,20.70167608685054
2008-08-07,1266.0699462890625,21.149999618530273,21.153128090087435
2008-08-08,1296.3199462890625,20.65999984741211,22.577624570657758
2008-08-11,1305.3199462890625,20.1200008392334,22.536870473340205
2008-08-12,1289.5899658203125,21.170000076293945,22.956214520688224
2008-08-13,1285.8299560546875,21.549999237060547,22.98387602198915
2008-08-14,1292.9300537109375,20.34000015258789,27.990187399728338
2008-08-15,1298.199951171875,19.579999923706055,28.830694934415845
2008-08-18,1278.5999755859375,20.979999542236328,32.59657777234267
2008-08-19,1266.68994140625,21.280000686645508,36.39598700705959
2008-08-20,1274.5400390625,20.420000076293945,39.10141461914882
2008-08-21,1277.719970703125,19.81999969482422,41.251343976635376
2008-08-22,1292.199951171875,18.809999465942383,41.15980466083848
2008-08-25,1266.8399658203125,20.969999313354492,40.75750035453081
2008-08-26,1271.510009765625,20.489999771118164,41.45151657277592
2008-08-27,1281.6600341796875,19.760000228881836,41.33781517983997
2008-08-28,1300.6800537109375,19.43000030517578,51.1212838247316
2008-08-29,1282.8299560546875,20.649999618530273,55.160432991477016
2008-09-02,1277.5799560546875,21.989999771118164,55.160209697998596
2008-09-03,1274.97998046875,21.43000030517578,56.5791487815672
2008-09-04,1236.8299560546875,24.030000686645508,55.979071944278225
2008-09-05,1242.31005859375,23.059999465942383,57.02882657938624
2008-09-08,1267.7900390625,22.639999389648438,58.72555974490336
2008-09-09,1224.510009765625,25.469999313354492,58.11436673918379
2008-09-10,1232.0400390625,24.520000457763672,62.42329931406717
2008-09-11,1249.050048828125,24.389999389648438,61.593882771996775
2008-09-12,1251.699951171875,25.65999984741211,75.23591889230651
2008-09-15,1192.699951171875,31.700000762939453,73.98110572863474
2008-09-16,1213.5999755859375,30.299999237060547,79.05714074407483
2008-09-17,1156.3900146484375,36.220001220703125,80.24516457900809
2008-09-18,1206.510009765625,33.099998474121094,78.01377995327078
2008-09-19,1255.0799560546875,32.06999969482422,78.64005157303721
2008-09-22,1207.0899658203125,33.849998474121094,78.34577490663762
2008-09-23,1188.219970703125,35.720001220703125,80.37486977279781
2008-09-24,1185.8699951171875,35.189998626708984,80.79170579161244
2008-09-25,1209.1800537109375,32.81999969482422,80.2638589966071
2008-09-26,1213.27001953125,34.7400016784668,80.16838163401917
2008-09-29,1106.4200439453125,46.720001220703125,85.35567054915913
2008-09-30,1166.3599853515625,39.38999938964844,82.47087496486226
2008-10-01,1161.06005859375,39.810001373291016,83.40729267246552
2008-10-02,1114.280029296875,45.2599983215332,82.98627085776516
2008-10-03,1099.22998046875,45.13999938964844,82.95830278105588
2008-10-06,1056.8900146484375,52.04999923706055,83.51253417935362
2008-10-07,996.22998046875,53.68000030517578,83.10199281173763
2008-10-08,984.9400024414062,57.529998779296875,84.81447484915624
2008-10-09,909.9199829101562,63.91999816894531,80.898699202823
2008-10-10,899.219970703125,69.94999694824219,80.91751268345546
2008-10-13,1003.3499755859375,54.9900016784668,70.90797966272376
2008-10-14,998.010009765625,55.130001068115234,72.83636229577715
2008-10-15,907.8400268554688,69.25,69.92099846286985
2008-10-16,946.4299926757812,67.61000061035156,69.71697171226837
2008-10-17,940.5499877929688,70.33000183105469,70.14354124450387
2008-10-20,985.4000244140625,52.970001220703125,67.87010890043373
2008-10-21,955.0499877929688,53.11000061035156,70.18806110263482
2008-10-22,896.780029296875,69.6500015258789,70.86476653555548
2008-10-23,908.1099853515625,67.80000305175781,74.59418837907612
2008-10-24,876.77001953125,79.12999725341797,77.43242560220637
2008-10-27,848.9199829101562,80.05999755859375,76.64382298968253
2008-10-28,940.510009765625,66.95999908447266,68.43978613437459
2008-10-29,930.0900268554688,69.95999908447266,68.49654055072537
2008-10-30,954.0900268554688,62.900001525878906,74.66222331732934
2008-10-31,968.75,59.88999938964844,76.02480153149249
2008-11-03,966.2999877929688,53.68000030517578,76.8160244707665
2008-11-04,1005.75,47.72999954223633,75.45910428830717
2008-11-05,952.77001953125,54.560001373291016,75.00791609642108
2008-11-06,904.8800048828125,63.68000030517578,74.24257471204619
2008-11-07,930.989990234375,56.099998474121094,73.93316694326963
2008-11-10,919.2100219726562,59.97999954223633,73.98235688784726
2008-11-11,898.9500122070312,61.439998626708984,74.2583516889057
2008-11-12,852.2999877929688,66.45999908447266,71.84409437121853
2008-11-13,911.2899780273438,59.83000183105469,67.8969220503318
2008-11-14,873.2899780273438,66.30999755859375,68.5516829497229
2008-11-17,850.75,69.1500015258789,67.92936247852012
2008-11-18,859.1199951171875,67.63999938964844,68.38878288506048
2008-11-19,806.5800170898438,74.26000213623047,64.23708222386391
2008-11-20,752.4400024414062,80.86000061035156,59.0483160157651
2008-11-21,800.030029296875,72.66999816894531,55.85639484425777
2008-11-24,851.8099975585938,64.69999694824219,51.584893335356256
2008-11-25,857.3900146484375,60.900001525878906,51.570216606112766
2008-11-26,887.6799926757812,54.91999816894531,50.08811981368875
2008-11-28,896.239990234375,55.279998779296875,50.72315698633637
2008-12-01,816.2100219726562,68.51000213623047,37.86807582029165
2008-12-02,848.8099975585938,62.97999954223633,37.04244786184946
2008-12-03,870.739990234375,60.720001220703125,36.34889887904631
2008-12-04,845.219970703125,63.63999938964844,34.35869629270382
2008-12-05,876.0700073242188,59.93000030517578,34.485620733355844
2008-12-08,909.7000122070312,58.4900016784668,31.92151913421349
2008-12-09,888.6699829101562,58.90999984741211,31.75623086411402
2008-12-10,899.239990234375,55.72999954223633,32.40455361080717
2008-12-11,873.5900268554688,55.779998779296875,30.843765356082564
2008-12-12,879.72998046875,54.279998779296875,32.86292447034481
2008-12-15,868.5700073242188,56.7599983215332,32.64590196942033
2008-12-16,913.1799926757812,52.369998931884766,27.040003327998726
2008-12-17,904.4199829101562,49.84000015258789,32.25184498932504
2008-12-18,885.280029296875,47.34000015258789,35.71440043811885
2008-12-19,887.8800048828125,44.93000030517578,35.92278163652558
2008-12-22,871.6300048828125,44.560001373291016,35.60638147783216
2008-12-23,863.1599731445312,45.02000045776367,35.59234131334051
2008-12-24,868.1500244140625,44.209999084472656,35.76681456709508
2008-12-26,872.7999877929688,43.380001068115234,37.643620744564465
2008-12-29,869.4199829101562,43.900001525878906,39.41168593060894
2008-12-30,890.6400146484375,41.630001068115234,38.95631608734049
2008-12-31,903.25,40.0,38.44774798231902
2009-01-02,931.7999877929688,39.189998626708984,37.00309350569202
2009-01-05,927.4500122070312,39.08000183105469,37.0128298292177
2009-01-06,934.7000122070312,38.560001373291016,37.4975312237271
2009-01-07,906.6500244140625,43.38999938964844,37.77138328794757
2009-01-08,909.72998046875,42.560001373291016,37.74258497291791
2009-01-09,890.3499755859375,42.81999969482422,40.80756307635479
2009-01-12,870.260009765625,45.84000015258789,40.36120759294277
2009-01-13,871.7899780273438,43.27000045776367,40.36098450877536
2009-01-14,842.6199951171875,49.13999938964844,38.79031639859277
2009-01-15,843.739990234375,51.0,41.87779971254007
2009-01-16,850.1199951171875,46.11000061035156,41.70701125089294
2009-01-20,805.219970703125,56.650001525878906,37.608236229601225
2009-01-21,840.239990234375,46.41999816894531,34.111148561079276
2009-01-22,827.5,47.290000915527344,35.607844990236906
2009-01-23,831.9500122070312,47.27000045776367,38.676742470080114
2009-01-26,836.5700073242188,45.689998626708984,38.60840850027571
2009-01-27,845.7100219726562,42.25,38.39965909846085
2009-01-28,874.0900268554688,39.65999984741211,36.19599224117127
2009-01-29,845.1400146484375,42.630001068115234,37.73586251909471
2009-01-30,825.8800048828125,44.84000015258789,37.389025260107786
2009-02-02,825.4400024414062,45.52000045776367,38.89781288901666
2009-02-03,838.510009765625,43.060001373291016,39.93551463110779
2009-02-04,832.22998046875,43.849998474121094,40.11257814933775
2009-02-05,845.8499755859375,43.72999954223633,39.015921907990794
2009-02-06,868.5999755859375,43.369998931884766,44.72482627535291
2009-02-09,869.8900146484375,43.63999938964844,44.754262546710365
2009-02-10,827.1599731445312,46.66999816894531,45.14455882190704
2009-02-11,833.739990234375,44.529998779296875,45.13712106275505
2009-02-12,835.1900024414062,41.25,45.08042028561343
2009-02-13,826.8400268554688,42.93000030517578,46.759123473845946
2009-02-17,789.1699829101562,48.65999984741211,44.587214823890164
2009-02-18,788.4199829101562,48.459999084472656,44.827235296139506
2009-02-19,778.9400024414062,47.08000183105469,45.1705764487894
2009-02-20,770.0499877929688,49.29999923706055,50.86576689314285
2009-02-23,743.3300170898438,52.619998931884766,49.707037030719455
2009-02-24,773.1400146484375,45.4900016784668,48.074765918410534
2009-02-25,764.9000244140625,44.66999816894531,48.33245092742693
2009-02-26,752.8300170898438,44.65999984741211,48.598542690134714
2009-02-27,735.0900268554688,46.349998474121094,49.58638428201034
2009-03-02,700.8200073242188,52.650001525878906,46.05023743602805
2009-03-03,696.3300170898438,50.93000030517578,45.94238828955925
2009-03-04,712.8699951171875,47.560001373291016,46.187908379683414
2009-03-05,682.5499877929688,50.16999816894531,42.30592999892156
2009-03-06,683.3800048828125,49.33000183105469,42.685900016906785
2009-03-09,676.530029296875,49.68000030517578,43.76626547726099
2009-03-10,719.5999755859375,44.369998931884766,39.36949856208635
2009-03-11,721.3599853515625,43.61000061035156,40.74687757924521
2009-03-12,750.739990234375,41.18000030517578,39.10242700403862
2009-03-13,756.5499877929688,42.36000061035156,40.17086138002568
2009-03-16,753.8900146484375,43.7400016784668,40.1219782091587
2009-03-17,778.1199951171875,40.79999923706055,39.19030187774637
2009-03-18,794.3499755859375,40.060001373291016,38.778789110143826
2009-03-19,784.0399780273438,43.68000030517578,41.84413193070019
2009-03-20,768.5399780273438,45.88999938964844,41.43540820283371
2009-03-23,822.9199829101562,43.22999954223633,34.53690108953318
2009-03-24,806.1199951171875,42.93000030517578,33.716920641277866
2009-03-25,813.8800048828125,42.25,33.9887517104765
2009-03-26,832.8599853515625,40.36000061035156,33.45721843301792
2009-03-27,815.9400024414062,41.040000915527344,32.54435406845551
2009-03-30,787.530029296875,45.540000915527344,30.118089376071637
2009-03-31,797.8699951171875,44.13999938964844,30.03373641534432
2009-04-01,811.0800170898438,42.279998779296875,29.712957225404352
2009-04-02,834.3800048828125,42.040000915527344,30.27723764877857
2009-04-03,842.5,39.70000076293945,30.31775982816729
2009-04-06,835.47998046875,40.93000030517578,30.369799722763606
2009-04-07,815.5499877929688,40.38999938964844,29.29064530885077
2009-04-08,825.1599731445312,38.849998474121094,29.926522351999445
2009-04-09,856.5599975585938,36.529998779296875,29.02962051917038
2009-04-13,858.72998046875,37.810001373291016,29.05981344511044
2009-04-14,841.5,37.66999816894531,29.846029149451397
2009-04-15,852.0599975585938,36.16999816894531,29.762501677421678
2009-04-16,865.2999877929688,35.790000915527344,29.71992212414828
2009-04-17,869.5999755859375,33.939998626708984,31.35802888227052
2009-04-20,832.3900146484375,39.18000030517578,26.63506539633153
2009-04-21,850.0800170898438,37.13999938964844,26.082223894434485
2009-04-22,843.5499877929688,38.099998474121094,26.73919309080477
2009-04-23,851.9199829101562,37.150001525878906,26.632060834543005
2009-04-24,866.22998046875,36.81999969482422,27.462837516964278
2009-04-27,857.510009765625,38.31999969482422,28.150086166945442
2009-04-28,855.1599731445312,37.95000076293945,28.46451175845256
2009-04-29,873.6400146484375,36.08000183105469,27.94147836656029
2009-04-30,872.8099975585938,36.5,29.02027000789244
2009-05-01,877.52001953125,35.29999923706055,29.01900197203764
2009-05-04,907.239990234375,34.529998779296875,27.47466631142728
2009-05-05,903.7999877929688,33.36000061035156,27.626202568568075
2009-05-06,919.530029296875,32.45000076293945,27.09400932594011
2009-05-07,907.3900146484375,33.439998626708984,26.604422933814366
2009-05-08,929.22998046875,32.04999923706055,25.376455220856098
2009-05-11,909.239990234375,32.869998931884766,24.10008074854238
2009-05-12,908.3499755859375,31.799999237060547,24.131392578540474
2009-05-13,883.9199829101562,33.650001525878906,21.689274051184555
2009-05-14,893.0700073242188,31.3700008392334,23.47266578697247
2009-05-15,882.8800048828125,33.119998931884766,23.570095401814612
2009-05-18,909.7100219726562,30.239999771118164,21.193567243241134
2009-05-19,908.1300048828125,28.799999237060547,21.374724755599296
2009-05-20,903.469970703125,29.030000686645508,21.289498131129093
2009-05-21,888.3300170898438,31.350000381469727,23.260753988424103
2009-05-22,887.0,32.630001068115234,23.262000560181868
2009-05-26,910.3300170898438,30.6200008392334,21.47956486948166
2009-05-27,893.0599975585938,32.36000061035156,21.612859745025094
2009-05-28,906.8300170898438,31.670000076293945,21.029575181270904
2009-05-29,919.1400146484375,28.920000076293945,20.740906763427564
2009-06-01,942.8699951171875,30.040000915527344,18.819900587508325
2009-06-02,944.739990234375,29.6299991607666,18.8882742585867
2009-06-03,931.760009765625,31.020000457763672,20.906064798835082
2009-06-04,942.4600219726562,30.18000030517578,20.41773664198276
2009-06-05,940.0900268554688,29.6200008392334,21.31130253045214
2009-06-08,939.1400146484375,29.770000457763672,21.3044263439441
2009-06-09,942.4299926757812,28.270000457763672,21.30614947234713
2009-06-10,939.1500244140625,28.459999084472656,21.308162313795894
2009-06-11,944.8900146484375,28.110000610351562,23.203681238641245
2009-06-12,946.2100219726562,28.149999618530273,23.320430505838864
2009-06-15,923.719970703125,30.809999465942383,24.273565271763612
2009-06-16,911.969970703125,32.68000030517578,23.930229219162445
2009-06-17,910.7100219726562,31.540000915527344,23.917668358145175
2009-06-18,918.3699951171875,30.030000686645508,24.047672529058804
2009-06-19,921.22998046875,27.989999771118164,24.052183493949357
2009-06-22,893.0399780273438,31.170000076293945,20.933528341025344
2009-06-23,895.0999755859375,30.579999923706055,22.029930920633685
2009-06-24,900.9400024414062,29.049999237060547,22.015685631279496
2009-06-25,920.260009765625,26.360000610351562,21.102925062471392
2009-06-26,918.9000244140625,25.93000030517578,21.137458153248538
2009-06-29,927.22998046875,25.350000381469727,21.177770770858878
2009-06-30,919.3200073242188,26.350000381469727,21.024824623641056
2009-07-01,923.3300170898438,26.219999313354492,21.040810580834794
2009-07-02,896.4199829101562,27.950000762939453,17.707008822079906
2009-07-06,898.719970703125,29.0,17.698906185376458
2009-07-07,881.030029296875,30.850000381469727,15.489348828718393
2009-07-08,879.5599975585938,31.299999237060547,15.800231550851002
2009-07-09,882.6799926757812,29.780000686645508,15.974477989504688
2009-07-10,879.1300048828125,29.020000457763672,15.920019382718847
2009-07-13,901.0499877929688,26.309999465942383,15.81261082597715
2009-07-14,905.8400268554688,25.020000457763672,15.98545557015491
2009-07-15,932.6799926757812,25.889999389648438,13.382911980017631
2009-07-16,940.739990234375,25.420000076293945,13.936356298378671
2009-07-17,940.3800048828125,24.34000015258789,16.899884611296063
2009-07-20,951.1300048828125,24.399999618530273,16.816126086699093
2009-07-21,954.5800170898438,23.8700008392334,16.894542979036988
2009-07-22,954.0700073242188,23.469999313354492,17.136541162836718
2009-07-23,976.2899780273438,23.43000030517578,16.511514654776622
2009-07-24,979.260009765625,23.09000015258789,16.539925305043052
2009-07-27,982.1799926757812,24.280000686645508,16.537662872339254
2009-07-28,979.6199951171875,25.010000228881836,16.465155288440027
2009-07-29,975.1500244140625,25.610000610351562,16.274248961654024
2009-07-30,986.75,25.399999618530273,15.994227606426268
2009-07-31,987.47998046875,25.920000076293945,16.370917345018842
2009-08-03,1002.6300048828125,25.559999465942383,17.55773835147829
2009-08-04,1005.6500244140625,24.889999389648438,17.54770317389718
2009-08-05,1002.719970703125,24.899999618530273,17.794959648737894
2009-08-06,997.0800170898438,25.670000076293945,18.21656860760301
2009-08-07,1010.47998046875,24.760000228881836,17.890827492034724
2009-08-10,1007.0999755859375,24.989999771118164,17.98744842943746
2009-08-11,994.3499755859375,25.989999771118164,17.501275482123056
2009-08-12,1005.8099975585938,25.450000762939453,17.21933644988499
2009-08-13,1012.72998046875,24.709999084472656,17.200122366344335
2009-08-14,1004.0900268554688,24.270000457763672,16.79354221529245
2009-08-17,979.72998046875,27.889999389648438,14.252800669563277
2009-08-18,989.6699829101562,26.18000030517578,14.289208440353807
2009-08-19,996.4600219726562,26.260000228881836,14.240174080963966
2009-08-20,1007.3699951171875,25.09000015258789,14.143211161761487
2009-08-21,1026.1300048828125,25.010000228881836,13.022752040305402
2009-08-24,1025.5699462890625,25.139999389648438,13.670964663874663
2009-08-25,1028.0,24.920000076293945,14.201610223485323
2009-08-26,1028.1199951171875,24.950000762939453,14.414986015991166
2009-08-27,1030.97998046875,24.68000030517578,15.55491973569797
2009-08-28,1028.9300537109375,24.760000228881836,15.56189170288106
2009-08-31,1020.6199951171875,26.010000228881836,15.277850186175822
2009-09-01,998.0399780273438,29.149999618530273,16.051400565003167
2009-09-02,994.75,28.899999618530273,16.102523347302597
2009-09-03,1003.239990234375,27.100000381469727,16.58786600785629
2009-09-04,1016.4000244140625,25.260000228881836,16.638793010419256
2009-09-08,1025.3900146484375,25.6200008392334,16.44650648563154
2009-09-09,1033.3699951171875,24.31999969482422,16.43192978255317
2009-09-10,1044.1400146484375,23.549999237060547,16.18815572594729
2009-09-11,1042.72998046875,24.149999618530273,16.19462227531757
2009-09-14,1049.3399658203125,23.860000610351562,16.160797571610292
2009-09-15,1052.6300048828125,23.420000076293945,17.116940204003647
2009-09-16,1068.760009765625,23.690000534057617,16.43656921648051
2009-09-17,1065.489990234375,23.649999618530273,16.69476625788945
2009-09-18,1068.300048828125,23.920000076293945,16.939527045147535
2009-09-21,1064.6600341796875,24.059999465942383,17.067519969849272
2009-09-22,1071.6600341796875,23.079999923706055,17.29054447077265
2009-09-23,1060.8699951171875,23.489999771118164,17.186117804522922
2009-09-24,1050.780029296875,24.950000762939453,17.42678212821957
2009-09-25,1044.3800048828125,25.610000610351562,17.83659139343656
2009-09-28,1062.97998046875,24.8799991607666,16.822986276738515
2009-09-29,1060.6099853515625,25.190000534057617,18.157705893041726
2009-09-30,1057.0799560546875,25.610000610351562,19.80183066797408
2009-10-01,1029.8499755859375,28.270000457763672,20.214009060623027
2009-10-02,1025.2099609375,28.68000030517578,20.241771269669613
2009-10-05,1040.4599609375,26.84000015258789,19.61162177685075
2009-10-06,1054.719970703125,25.700000762939453,19.004548822712707
2009-10-07,1057.5799560546875,24.68000030517578,20.147460439653457
2009-10-08,1065.47998046875,24.18000030517578,20.00219857877702
2009-10-09,1071.489990234375,23.1200008392334,21.324804505183778
2009-10-12,1076.18994140625,23.010000228881836,21.29034704767056
2009-10-13,1073.18994140625,22.989999771118164,21.299103171807936
2009-10-14,1092.02001953125,22.860000610351562,20.786489968414312
2009-10-15,1096.56005859375,21.719999313354492,20.835162796079697
2009-10-16,1087.6800537109375,21.43000030517578,21.201265128613713
2009-10-19,1097.9100341796875,21.489999771118164,20.979140896169923
2009-10-20,1091.06005859375,20.899999618530273,20.838290157116155
2009-10-21,1081.4000244140625,22.219999313354492,21.168523074225767
2009-10-22,1092.9100341796875,20.690000534057617,20.885424896859845
2009-10-23,1079.5999755859375,22.270000457763672,20.8991469777481
2009-10-26,1066.949951171875,24.309999465942383,20.377795595141222
2009-10-27,1063.4100341796875,24.829999923706055,20.31498703940705
2009-10-28,1042.6300048828125,27.90999984741211,20.011149787070828
2009-10-29,1066.1099853515625,24.760000228881836,18.651262907075647
2009-10-30,1036.18994140625,30.690000534057617,15.518774546476221
2009-11-02,1042.8800048828125,29.780000686645508,15.50360421087175
2009-11-03,1045.4100341796875,28.809999465942383,15.997636193993516
2009-11-04,1046.5,27.719999313354492,16.023627213062138
2009-11-05,1066.6300048828125,25.43000030517578,14.942737109574649
2009-11-06,1069.300048828125,24.190000534057617,15.494511679385015
2009-11-09,1093.0799560546875,23.149999618530273,13.542848973952145
2009-11-10,1093.010009765625,22.84000015258789,13.685284201214104
2009-11-11,1098.510009765625,23.040000915527344,13.636048334832537
2009-11-12,1087.239990234375,24.239999771118164,13.241402785024095
2009-11-13,1093.47998046875,23.360000610351562,13.328487214725685
2009-11-16,1109.300048828125,22.889999389648438,12.36309035452094
2009-11-17,1110.3199462890625,22.40999984741211,13.020200511193577
2009-11-18,1109.800048828125,21.6299991607666,13.209534455968095
2009-11-19,1094.9000244140625,22.6299991607666,12.794043550934775
2009-11-20,1091.3800048828125,22.190000534057617,12.73929701273391
2009-11-23,1106.239990234375,21.15999984741211,11.933227124607331
2009-11-24,1105.6500244140625,20.469999313354492,12.030603777520115
2009-11-25,1110.6300048828125,20.479999542236328,11.95991576344466
2009-11-27,1091.489990234375,24.739999771118164,10.036915937751614
2009-11-30,1095.6300048828125,24.510000228881836,10.010496989673658
2009-12-01,1108.8599853515625,21.920000076293945,9.966514543239011
2009-12-02,1109.239990234375,21.1200008392334,11.345979509089405
2009-12-03,1099.9200439453125,22.459999084472656,10.827936824517714
2009-12-04,1105.97998046875,21.25,10.736622943775428
2009-12-07,1103.25,22.100000381469727,10.682156955455756
2009-12-08,1091.93994140625,23.690000534057617,9.762812457286502
2009-12-09,1095.949951171875,22.65999984741211,9.750597405813215
2009-12-10,1102.3499755859375,22.31999969482422,10.436877076679338
2009-12-11,1106.4100341796875,21.59000015258789,10.681008960157163
2009-12-14,1114.1099853515625,21.149999618530273,10.513315517938866
2009-12-15,1107.9300537109375,21.489999771118164,11.10499822405138
2009-12-16,1109.1800537109375,20.540000915527344,11.766213343469776
2009-12-17,1096.0799560546875,22.510000228881836,11.593843822267527
2009-12-18,1102.469970703125,21.68000030517578,13.5560010268961
2009-12-21,1114.050048828125,20.489999771118164,15.220981686995625
2009-12-22,1118.02001953125,19.540000915527344,15.263655808485613
2009-12-23,1120.5899658203125,19.709999084472656,15.257728976845778
2009-12-24,1126.47998046875,19.469999313354492,15.238290895827852
2009-12-28,1127.780029296875,19.93000030517578,15.644355706944227
2009-12-29,1126.199951171875,20.010000228881836,15.886592338625338
2009-12-30,1126.4200439453125,19.959999084472656,16.866148769044287
2009-12-31,1115.0999755859375,21.68000030517578,17.281416681771
2010-01-04,1132.989990234375,20.040000915527344,16.28030852840283
2010-01-05,1136.52001953125,19.350000381469727,19.218114092832437
2010-01-06,1137.1400146484375,19.15999984741211,19.292508715530325
2010-01-07,1141.68994140625,19.059999465942383,19.214857108942272
2010-01-08,1144.97998046875,18.1299991607666,19.951407628851832
2010-01-11,1146.97998046875,17.549999237060547,19.87454455967122
2010-01-12,1136.219970703125,18.25,20.238776160349648
2010-01-13,1145.6800537109375,17.850000381469727,19.85587409999519
2010-01-14,1148.4599609375,17.6299991607666,21.06862557071027
2010-01-15,1136.030029296875,17.90999984741211,20.94074012171829
2010-01-19,1150.22998046875,17.579999923706055,20.542534540312392
2010-01-20,1138.0400390625,18.68000030517578,20.32834385086045
2010-01-21,1116.47998046875,22.270000457763672,19.25872974147625
2010-01-22,1091.760009765625,27.309999465942383,18.075512518933387
2010-01-25,1096.780029296875,25.40999984741211,18.31800587557896
2010-01-26,1092.1700439453125,24.549999237060547,18.265739600328235
2010-01-27,1097.5,23.139999389648438,18.19987426443705
2010-01-28,1084.530029296875,23.729999542236328,17.936593215444557
2010-01-29,1073.8699951171875,24.6200008392334,17.466105160032818
2010-02-01,1089.18994140625,22.59000015258789,16.892521396349842
2010-02-02,1103.3199462890625,21.479999542236328,16.389627558434483
2010-02-03,1097.280029296875,21.600000381469727,16.81772800186741
2010-02-04,1063.1099853515625,26.079999923706055,11.696531361253584
2010-02-05,1066.18994140625,26.110000610351562,11.708392770292733
2010-02-08,1056.739990234375,26.510000228881836,10.851112698525114
2010-02-09,1070.52001953125,26.0,10.335129305444825
2010-02-10,1068.1300048828125,25.399999618530273,10.218997282881851
2010-02-11,1078.469970703125,23.959999084472656,10.01946956722298
2010-02-12,1075.510009765625,22.729999542236328,9.90946165604327
2010-02-16,1094.8699951171875,22.25,8.504398692969678
2010-02-17,1099.510009765625,21.719999313354492,8.567993373089685
2010-02-18,1106.75,20.6299991607666,8.867932053316203
2010-02-19,1109.1700439453125,20.020000457763672,8.92255828655857
2010-02-22,1108.010009765625,19.940000534057617,8.978237096191691
2010-02-23,1094.5999755859375,21.3700008392334,7.800149009923101
2010-02-24,1105.239990234375,20.270000457763672,7.580971846233949
2010-02-25,1102.93994140625,20.100000381469727,7.425734005367461
2010-02-26,1104.489990234375,19.5,7.480688292239374
2010-03-01,1115.7099609375,19.260000228881836,7.054956853999728
2010-03-02,1118.31005859375,19.059999465942383,7.323883663444213
2010-03-03,1118.7900390625,18.829999923706055,7.514547720482232
2010-03-04,1122.969970703125,18.719999313354492,7.738592437973392
2010-03-05,1138.699951171875,17.420000076293945,6.569316082969793
2010-03-08,1138.5,17.790000915527344,7.093983119754591
2010-03-09,1140.449951171875,17.920000076293945,7.114467043985657
2010-03-10,1145.6099853515625,18.56999969482422,7.252107741991855
2010-03-11,1150.239990234375,18.059999465942383,7.213842444558597
2010-03-12,1149.989990234375,17.579999923706055,7.187556622897549
2010-03-15,1150.510009765625,18.0,7.829600375197393
2010-03-16,1159.4599609375,17.690000534057617,7.600187061065975
2010-03-17,1166.2099609375,16.90999984741211,9.775596967236417
2010-03-18,1165.8299560546875,16.6200008392334,9.833448995516717
2010-03-19,1159.9000244140625,16.969999313354492,9.812180924283064
2010-03-22,1165.81005859375,16.8700008392334,9.790643955844454
2010-03-23,1174.1700439453125,16.350000381469727,9.586880957198042
2010-03-24,1167.719970703125,17.549999237060547,9.439232466739142
2010-03-25,1165.72998046875,18.399999618530273,9.608580235995356
2010-03-26,1166.5899658203125,17.770000457763672,13.06234585135849
2010-03-29,1173.219970703125,17.59000015258789,13.102213144396657
2010-03-30,1173.27001953125,17.1299991607666,13.75356191501251
2010-03-31,1169.4300537109375,17.59000015258789,15.059457701573184
2010-04-01,1178.0999755859375,17.469999313354492,15.496380130956148
2010-04-05,1187.43994140625,17.020000457763672,17.529286794581754
2010-04-06,1189.43994140625,16.229999542236328,17.630728272447545
2010-04-07,1182.449951171875,16.6200008392334,20.782144294176412
2010-04-08,1186.43994140625,16.479999542236328,21.15965732015209
2010-04-09,1194.3699951171875,16.139999389648438,26.387002535572513
2010-04-12,1196.47998046875,15.579999923706055,26.36958520196916
2010-04-13,1197.300048828125,16.200000762939453,26.891116108940054
2010-04-14,1210.6500244140625,15.59000015258789,26.779510981522503
2010-04-15,1211.6700439453125,15.890000343322754,27.374992417515315
2010-04-16,1192.1300048828125,18.360000610351562,26.980152206964362
2010-04-19,1197.52001953125,17.34000015258789,27.17168272665668
2010-04-20,1207.1700439453125,15.729999542236328,26.870300557217032
2010-04-21,1205.93994140625,16.31999969482422,29.582539063489367
2010-04-22,1208.6700439453125,16.469999313354492,30.322838333418005
2010-04-23,1217.280029296875,16.6200008392334,30.10890921907689
2010-04-26,1212.050048828125,17.469999313354492,30.184704539602848
2010-04-27,1183.7099609375,22.809999465942383,29.475294819320467
2010-04-28,1191.3599853515625,21.079999923706055,31.990145613617337
2010-04-29,1206.780029296875,18.440000534057617,31.54096500274409
2010-04-30,1186.68994140625,22.049999237060547,31.56654545422692
2010-05-03,1202.260009765625,20.190000534057617,32.734205004734754
2010-05-04,1173.5999755859375,23.84000015258789,32.03165907418729
2010-05-05,1165.8699951171875,24.90999984741211,33.89664943775275
2010-05-06,1128.1500244140625,32.79999923706055,32.47772067585505
2010-05-07,1110.8800048828125,40.95000076293945,32.530291690793746
2010-05-10,1159.72998046875,28.84000015258789,28.079992497370913
2010-05-11,1155.7900390625,28.31999969482422,30.39546244331987
2010-05-12,1171.6700439453125,25.520000457763672,29.924316002098927
2010-05-13,1157.43994140625,26.68000030517578,29.753262088638333
2010-05-14,1135.6800537109375,31.239999771118164,30.45830943498113
2010-05-17,1136.93994140625,30.84000015258789,30.450172884720573
2010-05-18,1120.800048828125,33.54999923706055,30.065179967091915
2010-05-19,1115.050048828125,35.31999969482422,30.014655215538212
2010-05-20,1071.5899658203125,45.790000915527344,26.3616538044587
2010-05-21,1087.68994140625,40.099998474121094,26.61585157433016
2010-05-24,1073.6500244140625,38.31999969482422,26.207323751793822
2010-05-25,1074.030029296875,34.61000061035156,26.92066690055976
2010-05-26,1067.949951171875,35.02000045776367,26.856736125442193
2010-05-27,1103.06005859375,29.68000030517578,24.212872024147718
2010-05-28,1089.4100341796875,32.06999969482422,26.146758486482053
2010-06-01,1070.7099609375,35.540000915527344,25.738514101588088
2010-06-02,1098.3800048828125,30.170000076293945,23.74175988341703
2010-06-03,1102.8299560546875,29.459999084472656,23.599080573868427
2010-06-04,1064.8800048828125,35.47999954223633,20.80456939760183
2010-06-07,1050.469970703125,36.56999969482422,23.157514097990106
2010-06-08,1062.0,33.70000076293945,23.075376436056946
2010-06-09,1055.68994140625,33.72999954223633,23.07021409178593
2010-06-10,1086.8399658203125,30.56999969482422,20.688933201280623
2010-06-11,1091.5999755859375,28.790000915527344,21.336323219487223
2010-06-14,1089.6300048828125,28.579999923706055,21.324785918361826
2010-06-15,1115.22998046875,25.8700008392334,19.63176875948555
2010-06-16,1114.6099853515625,25.920000076293945,21.962275979783456
2010-06-17,1116.0400390625,25.049999237060547,22.11445338792667
2010-06-18,1117.510009765625,23.950000762939453,22.569807964463642
2010-06-21,1113.199951171875,24.8799991607666,22.905170488827768
2010-06-22,1095.31005859375,27.049999237060547,23.740218617823956
2010-06-23,1092.0400390625,26.90999984741211,23.882363214712825
2010-06-24,1073.68994140625,29.739999771118164,23.277023386466517
2010-06-25,1076.760009765625,28.530000686645508,23.29398189874682
2010-06-28,1074.5699462890625,29.0,23.45243396525206
2010-06-29,1041.239990234375,34.130001068115234,20.325687820836436
2010-06-30,1030.7099609375,34.540000915527344,19.813633778070137
2010-07-01,1027.3699951171875,32.86000061035156,20.671372636545932
2010-07-02,1022.5800170898438,30.1200008392334,20.67883581739527
2010-07-06,1028.06005859375,29.649999618530273,20.68436796206017
2010-07-07,1060.27001953125,26.84000015258789,18.369450614687995
2010-07-08,1070.25,25.709999084472656,18.34394158301986
2010-07-09,1077.9599609375,24.979999542236328,18.295363178278876
2010-07-12,1078.75,24.43000030517578,18.507799391906357
2010-07-13,1095.3399658203125,24.559999465942383,20.61166950310339
2010-07-14,1095.1700439453125,24.889999389648438,20.688172926158714
2010-07-15,1096.47998046875,25.139999389648438,20.71325603607249
2010-07-16,1064.8800048828125,26.25,17.935993536056476
2010-07-19,1071.25,25.969999313354492,18.28923206049002
2010-07-20,1083.47998046875,23.93000030517578,17.896422703290423
2010-07-21,1069.5899658203125,25.639999389648438,18.342626282792533
2010-07-22,1093.6700439453125,24.6299991607666,16.53515392343932
2010-07-23,1102.6600341796875,23.469999313354492,16.222002744123976
2010-07-26,1115.010009765625,22.729999542236328,16.13731444007589
2010-07-27,1113.8399658203125,23.190000534057617,16.265048347257594
2010-07-28,1106.1300048828125,24.25,16.29325465376717
2010-07-29,1101.530029296875,24.1299991607666,17.560493454821216
2010-07-30,1101.5999755859375,23.5,18.128704009836724
2010-08-02,1125.8599853515625,22.010000228881836,15.923373302543077
2010-08-03,1120.4599609375,22.6299991607666,19.465645482703977
2010-08-04,1127.239990234375,22.209999084472656,19.643962108235183
2010-08-05,1125.81005859375,22.100000381469727,20.296740538692593
2010-08-06,1121.6400146484375,21.739999771118164,20.611486897246227
2010-08-09,1127.7900390625,22.139999389648438,20.653272707021376
2010-08-10,1121.06005859375,22.3700008392334,20.679456367762157
2010-08-11,1089.469970703125,25.389999389648438,18.084303760639717
2010-08-12,1083.6099853515625,25.729999542236328,18.264208584327566
2010-08-13,1079.25,26.239999771118164,18.169989823877057
2010-08-16,1079.3800048828125,26.100000381469727,18.16844490034995
2010-08-17,1092.5400390625,24.329999923706055,17.801133580248106
2010-08-18,1094.1600341796875,24.59000015258789,17.80210782154354
2010-08-19,1075.6300048828125,26.440000534057617,17.07982968533729
2010-08-20,1071.68994140625,25.489999771118164,17.03075436647151
2010-08-23,1067.3599853515625,25.65999984741211,17.073630107341895
2010-08-24,1051.8699951171875,27.459999084472656,16.389133078150525
2010-08-25,1055.3299560546875,26.700000762939453,17.50871379898593
2010-08-26,1047.219970703125,27.3700008392334,17.35039921055822
2010-08-27,1064.5899658203125,24.450000762939453,16.768156780115216
2010-08-30,1048.9200439453125,27.209999084472656,15.56836215342608
2010-08-31,1049.3299560546875,26.049999237060547,15.720471647269788
2010-09-01,1080.2900390625,23.889999389648438,12.815632614393799
2010-09-02,1090.0999755859375,23.190000534057617,13.135947139575771
2010-09-03,1104.510009765625,21.309999465942383,14.156122354859773
2010-09-07,1091.8399658203125,23.799999237060547,13.28520491841457
2010-09-08,1098.8699951171875,23.25,13.3085345599328
2010-09-09,1104.1800537109375,22.809999465942383,13.344116618239546
2010-09-10,1109.550048828125,21.989999771118164,13.341834614173953
2010-09-13,1121.9000244140625,21.209999084472656,12.975045945145789
2010-09-14,1121.0999755859375,21.559999465942383,13.051834907451049
2010-09-15,1125.0699462890625,22.100000381469727,13.20673575928619
2010-09-16,1124.6600341796875,21.719999313354492,13.178298004935893
2010-09-17,1125.5899658203125,22.010000228881836,13.283991469828878
2010-09-20,1142.7099609375,21.5,13.904276591608042
2010-09-21,1139.780029296875,22.350000381469727,14.21779259912294
2010-09-22,1134.280029296875,22.510000228881836,14.025108668444878
2010-09-23,1124.8299560546875,23.8700008392334,13.519651928743336
2010-09-24,1148.6700439453125,21.709999084472656,11.714019762097966
2010-09-27,1142.1600341796875,22.540000915527344,11.436231575439225
2010-09-28,1147.699951171875,22.600000381469727,11.479930792274295
2010-09-29,1144.72998046875,23.25,11.388125866077948
2010-09-30,1141.199951171875,23.700000762939453,11.287311930184247
2010-10-01,1146.239990234375,22.5,11.247245562041632
2010-10-04,1137.030029296875,23.530000686645508,10.868563968241032
2010-10-05,1160.75,21.760000228881836,8.617913461547499
2010-10-06,1159.969970703125,21.489999771118164,10.504396047598087
2010-10-07,1158.06005859375,21.559999465942383,10.407668914336186
2010-10-08,1165.1500244140625,20.709999084472656,10.459617342151853
2010-10-11,1165.3199462890625,18.959999084472656,11.047023255355093
2010-10-12,1169.77001953125,18.93000030517578,11.0606293666848
2010-10-13,1178.0999755859375,19.06999969482422,11.09408571278363
2010-10-14,1173.81005859375,19.8799991607666,11.903867917469771
2010-10-15,1176.18994140625,19.030000686645508,11.922344433326321
2010-10-18,1184.7099609375,19.09000015258789,13.077368345996293
2010-10-19,1165.9000244140625,20.6299991607666,11.75669022043767
2010-10-20,1178.1700439453125,19.790000915527344,12.366090904767685
2010-10-21,1180.260009765625,19.270000457763672,12.376947947843627
2010-10-22,1183.0799560546875,18.780000686645508,12.388234128162932
2010-10-25,1185.6199951171875,19.850000381469727,13.408542011726784
2010-10-26,1185.6400146484375,20.219999313354492,14.382480851940777
2010-10-27,1182.449951171875,20.709999084472656,14.611581666300946
2010-10-28,1183.780029296875,20.8799991607666,14.619077847182938
2010-10-29,1183.260009765625,21.200000762939453,14.778372458515369
2010-11-01,1184.3800048828125,21.829999923706055,16.552156054029407
2010-11-02,1193.5699462890625,21.56999969482422,16.901086653364267
2010-11-03,1197.9599609375,19.559999465942383,16.884636084821206
2010-11-04,1221.06005859375,18.520000457763672,15.564383275903024
2010-11-05,1225.8499755859375,18.260000228881836,15.503275110114018
2010-11-08,1223.25,18.290000915527344,15.537707101619242
2010-11-09,1213.4000244140625,19.079999923706055,15.283920250936387
2010-11-10,1218.7099609375,18.469999313354492,15.342117419854304
2010-11-11,1213.5400390625,18.639999389648438,15.234259964059463
2010-11-12,1199.2099609375,20.610000610351562,14.493421105381133
2010-11-15,1197.75,20.200000762939453,14.65387379405177
2010-11-16,1178.3399658203125,22.579999923706055,13.211099996149231
2010-11-17,1178.5899658203125,21.760000228881836,13.199010388306643
2010-11-18,1196.68994140625,18.75,12.36988133148845
2010-11-19,1199.72998046875,18.040000915527344,12.448483217609738
2010-11-22,1197.8399658203125,18.3700008392334,12.380715143945457
2010-11-23,1180.72998046875,20.6299991607666,10.907543737198822
2010-11-24,1198.3499755859375,19.559999465942383,10.039949932660953
2010-11-26,1189.4000244140625,22.219999313354492,9.412818437449905
2010-11-29,1187.760009765625,21.530000686645508,9.318607254406931
2010-11-30,1180.550048828125,23.540000915527344,8.89334629703604
2010-12-01,1206.0699462890625,21.360000610351562,5.9245420504299995
2010-12-02,1221.530029296875,19.389999389648438,5.5984438996442
2010-12-03,1224.7099609375,18.010000228881836,5.702033071164855
2010-12-06,1223.1199951171875,18.020000457763672,5.696643511401234
2010-12-07,1223.75,17.989999771118164,5.856658127813752
2010-12-08,1228.280029296875,17.739999771118164,5.957659115730736
2010-12-09,1233.0,17.25,5.989941322747043
2010-12-10,1240.4000244140625,17.610000610351562,5.820447801327592
2010-12-13,1240.4599609375,17.549999237060547,6.374245214548317
2010-12-14,1241.5899658203125,17.610000610351562,6.479846842192948
2010-12-15,1235.22998046875,17.940000534057617,6.2882473153760925
2010-12-16,1242.8699951171875,17.389999389648438,6.122947042139577
2010-12-17,1243.9100341796875,16.110000610351562,7.424823091288168
2010-12-20,1247.0799560546875,16.40999984741211,7.471424006680665
2010-12-21,1254.5999755859375,16.489999771118164,7.284037593197984
2010-12-22,1258.8399658203125,15.449999809265137,7.4289373828489085
2010-12-23,1256.77001953125,16.469999313354492,7.366115871100523
2010-12-27,1257.5400390625,17.670000076293945,7.4298918489733845
2010-12-28,1258.510009765625,17.520000457763672,7.43023398724834
2010-12-29,1259.780029296875,17.280000686645508,10.055795796145508
2010-12-30,1257.8800048828125,17.520000457763672,10.307251470225852
2010-12-31,1257.6400146484375,17.75,11.602857406963933
2011-01-03,1271.8699951171875,17.610000610351562,11.17912741290795
2011-01-04,1270.199951171875,17.3799991607666,11.147784354074359
2011-01-05,1276.56005859375,17.020000457763672,11.08489037188303
2011-01-06,1273.8499755859375,17.399999618530273,11.140354957308315
2011-01-07,1271.5,17.139999389648438,11.09674296755327
2011-01-10,1269.75,17.540000915527344,11.160659262446663
2011-01-11,1274.47998046875,16.889999389648438,11.146421819618507
2011-01-12,1285.9599609375,16.239999771118164,10.925273901037885
2011-01-13,1283.760009765625,16.389999389648438,10.862024927378759
2011-01-14,1293.239990234375,15.460000038146973,10.795075148366125
2011-01-18,1295.02001953125,15.869999885559082,10.931982109974989
2011-01-19,1281.9200439453125,17.309999465942383,10.081328084819603
2011-01-20,1280.260009765625,17.989999771118164,10.005072646739242
2011-01-21,1283.3499755859375,18.469999313354492,12.792868353036285
2011-01-24,1290.8399658203125,17.649999618530273,12.915538876582241
2011-01-25,1291.1800537109375,17.59000015258789,12.927106836234973
2011-01-26,1296.6300048828125,16.639999389648438,13.328559805411135
2011-01-27,1299.5400390625,16.149999618530273,13.420963040380855
2011-01-28,1276.3399658203125,20.040000915527344,13.052885611881123
2011-01-31,1286.1199951171875,19.530000686645508,12.838397952525332
2011-02-01,1307.5899658203125,17.6299991607666,12.919182898844186
2011-02-02,1304.030029296875,17.299999237060547,13.181136653733091
2011-02-03,1307.0999755859375,16.690000534057617,13.52311096152917
2011-02-04,1310.8699951171875,15.930000305175781,13.834343812944699
2011-02-07,1319.050048828125,16.280000686645508,13.680606665342449
2011-02-08,1324.5699462890625,15.8100004196167,15.088451613786802
2011-02-09,1320.8800048828125,15.869999885559082,15.330653719311723
2011-02-10,1321.8699951171875,16.09000015258789,15.436442912004681
2011-02-11,1329.1500244140625,15.6899995803833,15.648327088573193
2011-02-14,1332.3199462890625,15.949999809265137,16.747470123036283
2011-02-15,1328.010009765625,16.3700008392334,17.646718817712458
2011-02-16,1336.3199462890625,16.719999313354492,17.545422020193392
2011-02-17,1340.4300537109375,16.59000015258789,18.43589939299509
2011-02-18,1343.010009765625,16.43000030517578,18.404742232417423
2011-02-22,1315.43994140625,20.799999237060547,17.112461821455195
2011-02-23,1307.4000244140625,22.1299991607666,17.32341159988234
2011-02-24,1306.0999755859375,21.31999969482422,17.35054991294198
2011-02-25,1319.8800048828125,19.219999313354492,16.970509104357657
2011-02-28,1327.219970703125,18.350000381469727,17.04340998399588
2011-03-01,1306.3299560546875,21.010000228881836,16.21424543261537
2011-03-02,1308.43994140625,20.700000762939453,16.236166750999452
2011-03-03,1330.969970703125,18.600000381469727,15.199186144721825
2011-03-04,1321.1500244140625,19.059999465942383,14.95524839373805
2011-03-07,1310.1300048828125,20.65999984741211,14.613402872137303
2011-03-08,1321.8199462890625,19.81999969482422,14.328582468559837
2011-03-09,1320.02001953125,20.219999313354492,14.331272543051677
2011-03-10,1295.1099853515625,21.8799991607666,12.589289349646087
2011-03-11,1304.280029296875,20.079999923706055,12.474033988354503
2011-03-14,1296.3900146484375,21.1299991607666,12.607327291004989
2011-03-15,1281.8699951171875,24.31999969482422,11.845067511989802
2011-03-16,1256.8800048828125,29.399999618530273,9.120111063338431
2011-03-17,1273.719970703125,26.3700008392334,8.20458630744351
2011-03-18,1279.2099609375,24.440000534057617,9.250576884193823
2011-03-21,1298.3800048828125,20.610000610351562,7.969465120796332
2011-03-22,1293.77001953125,20.209999084472656,8.981787354939442
2011-03-23,1297.5400390625,19.170000076293945,9.07055286465932
2011-03-24,1309.6600341796875,18.0,8.657033963131838
2011-03-25,1313.800048828125,17.90999984741211,9.067234114977483
2011-03-28,1310.18994140625,19.440000534057617,9.108163726883815
2011-03-29,1319.43994140625,18.15999984741211,8.925454571364142
2011-03-30,1328.260009765625,17.709999084472656,8.730756426128538
2011-03-31,1325.8299560546875,17.739999771118164,8.727374869896712
2011-04-01,1332.4100341796875,17.399999618530273,8.76017972423358
2011-04-04,1332.8699951171875,17.5,9.161652062144597
2011-04-05,1332.6300048828125,17.25,9.750314460557892
2011-04-06,1335.5400390625,16.899999618530273,9.810630278337031
2011-04-07,1333.510009765625,17.110000610351562,9.90322678747903
2011-04-08,1328.1700439453125,17.8700008392334,10.096629406830404
2011-04-11,1324.4599609375,16.59000015258789,10.882860987454142
2011-04-12,1314.1600341796875,17.09000015258789,10.525344560018151
2011-04-13,1314.4100341796875,16.920000076293945,11.009548387812888
2011-04-14,1314.52001953125,16.270000457763672,11.277609948594302
2011-04-15,1319.6800537109375,15.319999694824219,11.213345949027648
2011-04-18,1305.1400146484375,16.959999084472656,10.766564783823172
2011-04-19,1312.6199951171875,15.829999923706055,10.652048706007132
2011-04-20,1330.3599853515625,15.069999694824219,10.074761493157206
2011-04-21,1337.3800048828125,14.6899995803833,10.71502021973933
2011-04-25,1335.25,15.770000457763672,10.710413182679781
2011-04-26,1347.239990234375,15.619999885559082,10.233665085358618
2011-04-27,1355.6600341796875,15.350000381469727,10.060638004958193
2011-04-28,1360.47998046875,14.619999885559082,10.092470598262429
2011-04-29,1363.6099853515625,14.75,10.813573608639384
2011-05-02,1361.219970703125,15.989999771118164,13.314858764555119
2011-05-03,1356.6199951171875,16.700000762939453,13.300639823762767
2011-05-04,1347.3199462890625,17.079999923706055,13.48368151481458
2011-05-05,1335.0999755859375,18.200000762939453,13.614311656332411
2011-05-06,1340.199951171875,18.399999618530273,13.466990067184875
2011-05-09,1346.2900390625,17.15999984741211,13.27101034997829
2011-05-10,1357.1600341796875,15.90999984741211,13.204342652564494
2011-05-11,1342.0799560546875,16.950000762939453,13.48148022352812
2011-05-12,1348.6500244140625,16.030000686645508,13.264311179859378
2011-05-13,1337.77001953125,17.06999969482422,14.122068291523352
2011-05-16,1329.469970703125,18.239999771118164,15.085109017582186
2011-05-17,1328.97998046875,17.549999237060547,15.138047296060487
2011-05-18,1340.6800537109375,16.229999542236328,14.737762859954573
2011-05-19,1343.5999755859375,15.520000457763672,14.907355439487965
2011-05-20,1333.27001953125,17.43000030517578,15.717563802810593
2011-05-23,1317.3699951171875,18.270000457763672,15.359970219030469
2011-05-24,1316.280029296875,17.81999969482422,15.371091691800526
2011-05-25,1320.469970703125,17.06999969482422,15.705124972182
2011-05-26,1325.68994140625,16.09000015258789,16.04886589309859
2011-05-27,1331.0999755859375,15.979999542236328,16.71961457910276
2011-05-31,1345.199951171875,15.449999809265137,16.534142713249107
2011-06-01,1314.550048828125,18.299999237060547,14.965306907105095
2011-06-02,1312.93994140625,18.09000015258789,15.724268124449534
2011-06-03,1300.1600341796875,17.950000762939453,15.262775733064151
2011-06-06,1286.1700439453125,18.489999771118164,14.609482386024633
2011-06-07,1284.93994140625,18.06999969482422,14.854855737416155
2011-06-08,1279.56005859375,18.790000915527344,15.0427277826836
2011-06-09,1289.0,17.770000457763672,16.510246172452206
2011-06-10,1270.97998046875,18.860000610351562,15.711211804999497
2011-06-13,1271.8299560546875,19.610000610351562,15.716181331517804
2011-06-14,1287.8699951171875,18.260000228881836,15.456317689264646
2011-06-15,1265.4200439453125,21.31999969482422,14.003605278742217
2011-06-16,1267.6400146484375,22.729999542236328,14.429010195415842
2011-06-17,1271.5,21.850000381469727,15.308114546260384
2011-06-20,1278.3599853515625,19.989999771118164,15.2844784161305
2011-06-21,1295.52001953125,18.860000610351562,15.296107951385974
2011-06-22,1287.1400146484375,18.520000457763672,15.00641102240084
2011-06-23,1283.5,19.290000915527344,15.154574164651871
2011-06-24,1268.449951171875,21.100000381469727,14.495356710396054
2011-06-27,1280.0999755859375,20.559999465942383,16.270581940222034
2011-06-28,1296.6700439453125,19.170000076293945,15.727756154440334
2011-06-29,1307.4100341796875,17.270000457763672,15.59839946565116
2011-06-30,1320.6400146484375,16.520000457763672,15.149307299331765
2011-07-01,1339.6700439453125,15.869999885559082,16.309449531669095
2011-07-05,1337.8800048828125,16.059999465942383,16.544199503221396
2011-07-06,1339.219970703125,16.34000015258789,22.91951722855584
2011-07-07,1353.219970703125,15.949999809265137,22.28336100468448
2011-07-08,1343.800048828125,15.949999809265137,31.253319885504183
2011-07-11,1319.489990234375,18.389999389648438,36.353845613797645
2011-07-12,1313.6400146484375,19.8700008392334,38.8382552667752
2011-07-13,1317.719970703125,19.90999984741211,42.83522119368596
2011-07-14,1308.8699951171875,20.799999237060547,42.99442521168398
2011-07-15,1316.1400146484375,19.530000686645508,43.83770437627316
2011-07-18,1305.43994140625,20.950000762939453,43.85969484762888
2011-07-19,1326.72998046875,19.209999084472656,43.27726697345936
2011-07-20,1325.8399658203125,19.09000015258789,45.45385304258932
2011-07-21,1343.800048828125,17.559999465942383,44.89502047576747
2011-07-22,1345.02001953125,17.520000457763672,44.87838884286727
2011-07-25,1337.4300537109375,19.350000381469727,47.21020319875155
2011-07-26,1331.93994140625,20.229999542236328,47.69891422449016
2011-07-27,1304.8900146484375,22.979999542236328,47.541048618490485
2011-07-28,1300.6700439453125,23.739999771118164,48.07414837569428
2011-07-29,1292.280029296875,25.25,49.3763051684805
2011-08-01,1286.93994140625,23.65999984741211,49.410663827992444
2011-08-02,1254.050048828125,24.790000915527344,48.74631375914845
2011-08-03,1260.3399658203125,23.3799991607666,48.821244366564926
2011-08-04,1200.0699462890625,31.65999984741211,46.61593040665154
2011-08-05,1199.3800048828125,32.0,46.668196391072584
2011-08-08,1119.4599609375,48.0,40.69722635116046
2011-08-09,1172.530029296875,35.060001373291016,37.78274521743556
2011-08-10,1120.760009765625,42.9900016784668,35.4753660592162
2011-08-11,1172.6400146484375,39.0,31.800870648574907
2011-08-12,1178.81005859375,36.36000061035156,31.914431299946035
2011-08-15,1204.489990234375,31.8700008392334,31.332218510349975
2011-08-16,1192.760009765625,32.849998474121094,31.720121723849882
2011-08-17,1193.8900146484375,31.579999923706055,31.768273911101964
2011-08-18,1140.6500244140625,42.66999816894531,27.27053023307886
2011-08-19,1123.530029296875,43.04999923706055,26.5590734626022
2011-08-22,1123.8199462890625,42.439998626708984,28.92184336061394
2011-08-23,1162.3499755859375,36.27000045776367,28.794130709354736
2011-08-24,1177.5999755859375,35.900001525878906,28.454201880005296
2011-08-25,1159.27001953125,39.7599983215332,29.209905818290483
2011-08-26,1176.800048828125,35.59000015258789,28.967746877713317
2011-08-29,1210.0799560546875,32.279998779296875,27.950431723195614
2011-08-30,1212.9200439453125,32.88999938964844,28.14264285222417
2011-08-31,1218.8900146484375,31.6200008392334,29.1213202380999
2011-09-01,1204.4200439453125,31.81999969482422,30.302040474779613
2011-09-02,1173.969970703125,33.91999816894531,30.604679752561015
2011-09-06,1165.239990234375,37.0,31.280779930200524
2011-09-07,1198.6199951171875,33.380001068115234,30.275204102741565
2011-09-08,1185.9000244140625,34.31999969482422,30.191384814668933
2011-09-09,1154.22998046875,38.52000045776367,30.950570182614502
2011-09-12,1162.27001953125,38.59000015258789,30.892006114603287
2011-09-13,1172.8699951171875,36.90999984741211,30.91395002665972
2011-09-14,1188.6800537109375,34.599998474121094,30.63114497708045
2011-09-15,1209.1099853515625,31.969999313354492,30.644058742675284
2011-09-16,1216.010009765625,30.979999542236328,31.35620290107304
2011-09-19,1204.0899658203125,32.72999954223633,31.961909588966385
2011-09-20,1202.0899658203125,32.86000061035156,32.29901475295351
2011-09-21,1166.760009765625,37.31999969482422,30.396506050464794
2011-09-22,1129.56005859375,41.349998474121094,28.19169511584148
2011-09-23,1136.4300537109375,41.25,28.33840605627579
2011-09-26,1162.949951171875,39.02000045776367,28.769236040071938
2011-09-27,1175.3800048828125,37.709999084472656,28.76401932256329
2011-09-28,1151.06005859375,41.08000183105469,29.351042545127427
2011-09-29,1160.4000244140625,38.84000015258789,29.377712907713015
2011-09-30,1131.4200439453125,42.959999084472656,29.346436347640786
2011-10-03,1099.22998046875,45.45000076293945,29.271067896941755
2011-10-04,1123.949951171875,40.81999969482422,28.881328545319978
2011-10-05,1144.030029296875,37.810001373291016,28.93441673305877
2011-10-06,1164.969970703125,36.27000045776367,28.735821365304755
2011-10-07,1155.4599609375,36.20000076293945,28.43070027475896
2011-10-10,1194.8900146484375,33.02000045776367,26.527185667729885
2011-10-11,1195.5400390625,32.86000061035156,30.016532256330596
2011-10-12,1207.25,31.260000228881836,29.978159919999463
2011-10-13,1203.6600341796875,30.700000762939453,30.568096051406418
2011-10-14,1224.5799560546875,28.239999771118164,30.331358789874752
2011-10-17,1200.8599853515625,33.38999938964844,29.405938834217864
2011-10-18,1225.3800048828125,31.559999465942383,29.34211984113087
2011-10-19,1209.8800048828125,34.439998626708984,29.615497688244087
2011-10-20,1215.3900146484375,34.779998779296875,29.574565034841378
2011-10-21,1238.25,31.31999969482422,29.448790954189015
2011-10-24,1254.18994140625,29.260000228881836,28.974014049586994
2011-10-25,1229.050048828125,32.220001220703125,29.143541529890598
2011-10-26,1242.0,29.860000610351562,28.748550855312804
2011-10-27,1284.5899658203125,25.459999084472656,27.994286151330233
2011-10-28,1285.0899658203125,24.530000686645508,28.033598886935206
2011-10-31,1253.300048828125,29.959999084472656,31.060977165110636
2011-11-01,1218.280029296875,34.77000045776367,29.350698242932655
2011-11-02,1237.9000244140625,32.7400016784668,28.84247692857922
2011-11-03,1261.1500244140625,30.5,28.311755333968318
2011-11-04,1253.22998046875,30.15999984741211,28.22528938474635
2011-11-07,1261.1199951171875,29.850000381469727,28.148191920296185
2011-11-08,1275.9200439453125,27.479999542236328,28.74229042512704
2011-11-09,1229.0999755859375,36.15999984741211,26.253914856917724
2011-11-10,1239.699951171875,32.810001373291016,26.66520184073753
2011-11-11,1263.8499755859375,30.040000915527344,25.84830449947606
2011-11-14,1251.780029296875,31.1299991607666,25.92793204402433
2011-11-15,1257.81005859375,31.219999313354492,25.88520213577849
2011-11-16,1236.9100341796875,33.5099983215332,25.332281761349595
2011-11-17,1216.1300048828125,34.5099983215332,24.976273454662177
2011-11-18,1215.6500244140625,32.0,27.02747494168624
2011-11-21,1192.97998046875,32.90999984741211,26.04839264641433
2011-11-22,1188.0400390625,31.969999313354492,26.034184967995106
2011-11-23,1161.7900390625,33.97999954223633,24.471627152290402
2011-11-25,1158.6700439453125,34.470001220703125,24.39402144200134
2011-11-28,1192.550048828125,32.130001068115234,23.31872459807456
2011-11-29,1195.18994140625,30.639999389648438,23.500549220912752
2011-11-30,1246.9599609375,27.799999237060547,18.59841777013541
2011-12-01,1244.5799560546875,27.40999984741211,19.276976245431747
2011-12-02,1244.280029296875,27.520000457763672,19.27343347323539
2011-12-05,1257.0799560546875,27.84000015258789,19.008672230686805
2011-12-06,1258.469970703125,28.1299991607666,19.045619512113003
2011-12-07,1261.010009765625,28.670000076293945,19.04787657118704
2011-12-08,1234.3499755859375,30.59000015258789,17.437140194945332
2011-12-09,1255.18994140625,26.3799991607666,16.617471430361284
2011-12-12,1236.469970703125,25.670000076293945,15.507086105395654
2011-12-13,1225.72998046875,25.40999984741211,15.22461598148078
2011-12-14,1211.8199462890625,26.040000915527344,14.372552667141195
2011-12-15,1215.75,25.110000610351562,14.633336646904413
2011-12-16,1219.6600341796875,24.290000915527344,14.641365295426755
2011-12-19,1205.3499755859375,24.920000076293945,13.59172729246171
2011-12-20,1241.300048828125,23.219999313354492,10.061277527624295
2011-12-21,1243.719970703125,21.43000030517578,10.144777543448127
2011-12-22,1254.0,21.15999984741211,10.174205919741963
2011-12-23,1265.3299560546875,20.729999542236328,10.300888172352106
2011-12-27,1265.4300537109375,21.90999984741211,10.355497982149345
2011-12-28,1249.6400146484375,23.520000457763672,9.100724918457725
2011-12-29,1263.02001953125,22.649999618530273,8.62617218452783
2011-12-30,1257.5999755859375,23.399999618530273,8.65301256918448
2012-01-03,1277.06005859375,22.969999313354492,7.274091811431781
2012-01-04,1277.300048828125,22.219999313354492,8.471747389709698
2012-01-05,1281.06005859375,21.479999542236328,8.527488596742543
2012-01-06,1277.81005859375,20.6299991607666,8.346028769237938
2012-01-09,1280.699951171875,21.06999969482422,8.346489920089844
2012-01-10,1292.0799560546875,20.690000534057617,8.02560768404919
2012-01-11,1292.47998046875,21.049999237060547,8.603847357478784
2012-01-12,1295.5,20.469999313354492,8.773726697065023
2012-01-13,1289.0899658203125,20.90999984741211,8.475929282872242
2012-01-17,1293.6700439453125,22.200000762939453,8.856784364338411
2012-01-18,1308.0400390625,20.889999389648438,8.84611355803826
2012-01-19,1314.5,19.8700008392334,8.775580565901327
2012-01-20,1315.3800048828125,18.280000686645508,8.774878072134475
2012-01-23,1316.0,18.670000076293945,8.938446025046003
2012-01-24,1314.6500244140625,18.90999984741211,8.939061750309985
2012-01-25,1326.06005859375,18.309999465942383,8.579449818435316
2012-01-26,1318.4300537109375,18.56999969482422,8.174170871149842
2012-01-27,1316.3299560546875,18.530000686645508,8.09892047821188
2012-01-30,1313.010009765625,19.399999618530273,8.289062169993583
2012-01-31,1312.4100341796875,19.440000534057617,8.369996790978393
2012-02-01,1324.0899658203125,18.549999237060547,8.203153796501093
2012-02-02,1325.5400390625,17.979999542236328,8.420453547829839
2012-02-03,1344.9000244140625,17.100000381469727,8.92344472824468
2012-02-06,1344.3299560546875,17.760000228881836,9.238212972139246
2012-02-07,1347.050048828125,17.649999618530273,9.794098550152107
2012-02-08,1349.9599609375,18.15999984741211,9.835417443010805
2012-02-09,1351.949951171875,18.6299991607666,9.83346578943571
2012-02-10,1342.6400146484375,20.790000915527344,11.11097519798429
2012-02-13,1351.77001953125,19.040000915527344,11.008709727460458
2012-02-14,1350.5,19.540000915527344,11.076807193055878
2012-02-15,1343.22998046875,21.139999389648438,10.76881896776427
2012-02-16,1358.0400390625,19.219999313354492,10.306886465294278
2012-02-17,1361.22998046875,17.780000686645508,10.435708643757707
2012-02-21,1362.2099609375,18.190000534057617,10.499360581197353
2012-02-22,1357.6600341796875,18.190000534057617,10.80274178570657
2012-02-23,1363.4599609375,16.799999237060547,10.768966025847488
2012-02-24,1365.739990234375,17.309999465942383,11.625558052786245
2012-02-27,1367.5899658203125,18.190000534057617,11.732394270870532
2012-02-28,1372.1800537109375,17.959999084472656,11.921996222561333
2012-02-29,1365.6800537109375,18.43000030517578,11.775209917303165
2012-03-01,1374.0899658203125,17.260000228881836,11.678424966994548
2012-03-02,1369.6300048828125,17.290000915527344,11.756934897636118
2012-03-05,1364.3299560546875,18.049999237060547,11.76412699096783
2012-03-06,1343.3599853515625,20.8700008392334,10.910164913099878
2012-03-07,1352.6300048828125,19.06999969482422,10.790630007565444
2012-03-08,1365.9100341796875,17.950000762939453,11.250020764969259
2012-03-09,1370.8699951171875,17.110000610351562,12.754090014130243
2012-03-12,1371.0899658203125,15.640000343322754,13.041118886312924
2012-03-13,1395.949951171875,14.800000190734863,12.360644268037401
2012-03-14,1394.280029296875,15.3100004196167,13.071606981838363
2012-03-15,1402.5999755859375,15.420000076293945,12.83913577076859
2012-03-16,1404.1700439453125,14.470000267028809,14.046363666273354
2012-03-19,1409.75,15.039999961853027,14.00317710471534
2012-03-20,1405.52001953125,15.579999923706055,14.097520006688146
2012-03-21,1402.8900146484375,15.130000114440918,14.11258194853974
2012-03-22,1392.780029296875,15.569999694824219,14.187762518508404
2012-03-23,1397.1099853515625,14.819999694824219,14.209306400146444
2012-03-26,1416.510009765625,14.260000228881836,14.17858931667921
2012-03-27,1412.52001953125,15.59000015258789,14.393352994958178
2012-03-28,1405.5400390625,15.470000267028809,14.327314825121478
2012-03-29,1403.280029296875,15.479999542236328,14.379833166616843
2012-03-30,1408.469970703125,15.5,14.461703422410999
2012-04-02,1419.0400390625,15.640000343322754,14.21485902205828
2012-04-03,1413.3800048828125,15.65999984741211,14.383685756962695
2012-04-04,1398.9599609375,16.440000534057617,15.022935759871315
2012-04-05,1398.0799560546875,16.700000762939453,15.030039820622939
2012-04-09,1382.199951171875,18.809999465942383,14.602547177535133
2012-04-10,1358.5899658203125,20.389999389648438,13.51167629428231
2012-04-11,1368.7099609375,20.020000457763672,13.270412377674104
2012-04-12,1387.5699462890625,17.200000762939453,12.27170481765622
2012-04-13,1370.260009765625,19.549999237060547,12.119190211042625
2012-04-16,1369.5699462890625,19.549999237060547,12.22185857313327
2012-04-17,1390.780029296875,18.459999084472656,10.624533312705596
2012-04-18,1385.1400146484375,18.639999389648438,11.513709415615772
2012-04-19,1376.9200439453125,18.360000610351562,11.574484439634116
2012-04-20,1378.530029296875,17.440000534057617,13.236368359126555
2012-04-23,1366.93994140625,18.969999313354492,13.066969341275092
2012-04-24,1371.969970703125,18.100000381469727,12.980438783287962
2012-04-25,1390.68994140625,16.81999969482422,11.78699222864797
2012-04-26,1399.97998046875,16.239999771118164,11.313796926993811
2012-04-27,1403.3599853515625,16.31999969482422,12.180608822572486
2012-04-30,1397.9100341796875,17.149999618530273,12.864455787666781
2012-05-01,1405.8199462890625,16.600000381469727,12.483073840876706
2012-05-02,1402.31005859375,16.8799991607666,14.543296574319834
2012-05-03,1391.5699462890625,17.559999465942383,14.573239100338705
2012-05-04,1369.0999755859375,19.15999984741211,14.234615364197294
2012-05-07,1369.5799560546875,18.940000534057617,16.792318771941936
2012-05-08,1363.719970703125,19.049999237060547,16.780866802648376
2012-05-09,1354.5799560546875,20.079999923706055,17.0081767445891
2012-05-10,1357.989990234375,18.829999923706055,17.420573802280835
2012-05-11,1353.3900146484375,19.889999389648438,18.005522481312703
2012-05-14,1338.3499755859375,21.8700008392334,17.76797899868205
2012-05-15,1330.6600341796875,21.969999313354492,18.109824565759798
2012-05-16,1324.800048828125,22.270000457763672,18.377970227044205
2012-05-17,1304.8599853515625,24.489999771118164,17.455120014501283
2012-05-18,1295.219970703125,25.100000381469727,17.372092608280532
2012-05-21,1315.989990234375,22.010000228881836,16.685123505993065
2012-05-22,1316.6300048828125,22.479999542236328,18.63477926707576
2012-05-23,1318.8599853515625,22.329999923706055,18.780707394641283
2012-05-24,1320.6800537109375,21.540000915527344,19.64157012139812
2012-05-25,1317.8199462890625,21.760000228881836,19.70296525725734
2012-05-29,1332.4200439453125,21.030000686645508,19.570565707550898
2012-05-30,1313.3199462890625,24.139999389648438,18.879962634850894
2012-05-31,1310.3299560546875,24.059999465942383,20.590301862280775
2012-06-01,1278.0400390625,26.65999984741211,18.138678066561162
2012-06-04,1278.1800537109375,26.1200008392334,18.13288795457775
2012-06-05,1285.5,24.68000030517578,18.326338027003644
2012-06-06,1315.1300048828125,22.15999984741211,17.30493944713515
2012-06-07,1314.989990234375,21.719999313354492,17.33002222423253
2012-06-08,1325.6600341796875,21.229999542236328,17.446537907619668
2012-06-11,1308.9300537109375,23.559999465942383,16.771629766004462
2012-06-12,1324.1800537109375,22.09000015258789,16.454925613503935
2012-06-13,1314.8800048828125,24.270000457763672,17.1089666968722
2012-06-14,1329.0999755859375,21.68000030517578,16.813986994854023
2012-06-15,1342.8399658203125,21.110000610351562,16.63838744195541
2012-06-18,1344.780029296875,18.31999969482422,16.7640350454517
2012-06-19,1357.97998046875,18.3799991607666,16.473758564494794
2012-06-20,1355.68994140625,17.239999771118164,16.877663253059936
2012-06-21,1325.510009765625,20.079999923706055,15.13753836031719
2012-06-22,1335.02001953125,18.110000610351562,15.334877916390202
2012-06-25,1313.719970703125,20.3799991607666,14.164020506667782
2012-06-26,1319.989990234375,19.719999313354492,15.110074989196967
2012-06-27,1331.8499755859375,19.450000762939453,16.09601043159276
2012-06-28,1329.0400390625,19.709999084472656,16.05473884764894
2012-06-29,1362.1600341796875,17.079999923706055,13.89762967194745
2012-07-02,1365.510009765625,16.799999237060547,13.931242258567242
2012-07-03,1374.02001953125,16.65999984741211,14.014682060343953
2012-07-05,1367.5799560546875,17.5,15.394360921032721
2012-07-06,1354.6800537109375,17.100000381469727,14.936889805095447
2012-07-09,1352.4599609375,17.979999542236328,14.94802659922763
2012-07-10,1341.469970703125,18.719999313354492,14.522404160625591
2012-07-11,1341.449951171875,17.950000762939453,14.515264094292313
2012-07-12,1334.760009765625,18.329999923706055,14.28214744519256
2012-07-13,1356.780029296875,16.739999771118164,13.399713612355141
2012-07-16,1353.6400146484375,17.110000610351562,13.339736615168277
2012-07-17,1363.6700439453125,16.479999542236328,13.181207091243763
2012-07-18,1372.780029296875,16.15999984741211,13.202790438340623
2012-07-19,1376.510009765625,15.449999809265137,13.195931121242577
2012-07-20,1362.6600341796875,16.270000457763672,12.531019225374038
2012-07-23,1350.52001953125,18.6200008392334,12.070518445154798
2012-07-24,1338.31005859375,20.469999313354492,11.389727174780887
2012-07-25,1337.8900146484375,19.34000015258789,11.947222061586414
2012-07-26,1360.02001953125,17.530000686645508,10.91103578182267
2012-07-27,1385.969970703125,16.700000762939453,8.966412467724663
2012-07-30,1385.300048828125,18.030000686645508,8.973131740103705
2012-07-31,1379.3199462890625,18.93000030517578,8.776253016047736
2012-08-01,1375.3199462890625,18.959999084472656,9.212717581371345
2012-08-02,1365.0,17.56999969482422,8.796015899464674
2012-08-03,1390.989990234375,15.640000343322754,6.125527589928383
2012-08-06,1394.22998046875,15.949999809265137,6.109108861574406
2012-08-07,1401.3499755859375,15.989999771118164,9.11290622440461
2012-08-08,1402.219970703125,15.319999694824219,9.170221681840804
2012-08-09,1402.800048828125,15.279999732971191,9.517802863074358
2012-08-10,1405.8699951171875,14.739999771118164,9.539669253966782
2012-08-13,1404.1099853515625,13.699999809265137,9.513604096166969
2012-08-14,1403.9300537109375,14.850000381469727,10.835997775015564
2012-08-15,1405.530029296875,14.630000114440918,10.856044435638742
2012-08-16,1415.510009765625,14.289999961853027,10.830251960816481
2012-08-17,1418.1600341796875,13.449999809265137,10.872054702434854
2012-08-20,1418.1300048828125,14.020000457763672,10.860737599522809
2012-08-21,1413.1700439453125,15.020000457763672,10.739320588882215
2012-08-22,1413.489990234375,15.109999656677246,10.744551710540398
2012-08-23,1402.0799560546875,15.960000038146973,10.26174584973896
2012-08-24,1411.1300048828125,15.180000305175781,10.964392230658026
2012-08-27,1410.43994140625,16.350000381469727,11.204513019643391
2012-08-28,1409.300048828125,16.489999771118164,11.59382280684205
2012-08-29,1410.489990234375,17.059999465942383,11.763919468075361
2012-08-30,1399.47998046875,17.829999923706055,11.32309750311276
2012-08-31,1406.5799560546875,17.469999313354492,11.25022244118468
2012-09-04,1404.93994140625,17.979999542236328,11.239700811383639
2012-09-05,1403.43994140625,17.739999771118164,11.35962746772493
2012-09-06,1432.1199951171875,15.600000381469727,9.216110070167002
2012-09-07,1437.9200439453125,14.380000114440918,9.265250763324344
2012-09-10,1429.0799560546875,16.280000686645508,9.694302285884694
2012-09-11,1433.56005859375,16.40999984741211,9.901755057194837
2012-09-12,1436.56005859375,15.800000190734863,9.872258969575249
2012-09-13,1459.989990234375,14.050000190734863,7.924587681788076
2012-09-14,1465.77001953125,14.510000228881836,8.363946707883468
2012-09-17,1461.18994140625,14.59000015258789,9.145126964240418
2012-09-18,1459.3199462890625,14.180000305175781,9.255134348646303
2012-09-19,1461.050048828125,13.880000114440918,9.284570163608501
2012-09-20,1460.260009765625,14.069999694824219,10.921868949185631
2012-09-21,1460.1500244140625,13.979999542236328,10.928167676986098
2012-09-24,1456.8900146484375,14.149999618530273,11.910848039976475
2012-09-25,1441.5899658203125,15.430000305175781,11.464168456068208
2012-09-26,1433.3199462890625,16.809999465942383,11.416789344699076
2012-09-27,1447.1500244140625,14.84000015258789,10.787859733356244
2012-09-28,1440.6700439453125,15.729999542236328,10.727836340718662
2012-10-01,1444.489990234375,16.31999969482422,11.430187607097148
2012-10-02,1445.75,15.710000038146973,11.817488381480402
2012-10-03,1450.989990234375,15.430000305175781,11.755601342355138
2012-10-04,1461.4000244140625,14.550000190734863,11.817462590662805
2012-10-05,1460.9300537109375,14.329999923706055,14.223481682146478
2012-10-08,1455.8800048828125,15.109999656677246,14.642707829971782
2012-10-09,1441.47998046875,16.3700008392334,14.465019071983354
2012-10-10,1432.56005859375,16.290000915527344,14.403690816885268
2012-10-11,1432.8399658203125,15.59000015258789,14.404435724553577
2012-10-12,1428.5899658203125,16.139999389648438,14.98984276247051
2012-10-15,1440.1300048828125,15.270000457763672,14.499174323882242
2012-10-16,1454.9200439453125,15.220000267028809,13.993377669398239
2012-10-17,1460.9100341796875,15.069999694824219,15.924368146982385
2012-10-18,1457.3399658203125,15.029999732971191,15.961485013854762
2012-10-19,1433.18994140625,17.059999465942383,15.141094800269892
2012-10-22,1433.8199462890625,16.6200008392334,15.933464277679537
2012-10-23,1413.1099853515625,18.829999923706055,15.145642688448593
2012-10-24,1408.75,18.329999923706055,15.214952986367372
2012-10-25,1412.969970703125,18.1200008392334,15.43853661714678
2012-10-26,1411.93994140625,17.809999465942383,15.509615429583267
2012-10-31,1412.1600341796875,18.600000381469727,15.509616720211866
2012-11-01,1427.5899658203125,16.690000534057617,15.08599056870375
2012-11-02,1414.199951171875,17.59000015258789,14.75101592953418
2012-11-05,1417.260009765625,18.420000076293945,14.740510081654378
2012-11-06,1428.3900146484375,17.579999923706055,14.509188791517893
2012-11-07,1394.530029296875,19.079999923706055,11.747725706902822
2012-11-08,1377.510009765625,18.489999771118164,10.748631115438611
2012-11-09,1379.8499755859375,18.610000610351562,10.894821568060403
2012-11-12,1380.030029296875,16.68000030517578,10.88987460526854
2012-11-13,1374.530029296875,16.649999618530273,11.07186765852949
2012-11-14,1355.489990234375,17.920000076293945,9.791507264571779
2012-11-15,1353.3299560546875,17.989999771118164,10.260482007323853
2012-11-16,1359.8800048828125,16.40999984741211,10.683425844306434
2012-11-19,1386.8900146484375,15.239999771118164,9.40893016893086
2012-11-20,1387.81005859375,15.079999923706055,9.492481041519971
2012-11-21,1391.030029296875,15.3100004196167,10.264147036158304
2012-11-23,1409.1500244140625,15.140000343322754,9.418073080629773
2012-11-26,1406.2900390625,15.5,9.5627376094121
2012-11-27,1398.93994140625,15.920000076293945,9.360224958729761
2012-11-28,1409.9300537109375,15.510000228881836,9.818054022929946
2012-11-29,1415.949951171875,15.0600004196167,11.381058214318745
2012-11-30,1416.1800537109375,15.869999885559082,14.245572937505976
2012-12-03,1409.4599609375,16.639999389648438,14.126684519199328
2012-12-04,1407.050048828125,17.1200008392334,14.112487766190215
2012-12-05,1409.280029296875,16.459999084472656,14.22267871695831
2012-12-06,1413.93994140625,16.579999923706055,14.313049012121533
2012-12-07,1418.0699462890625,15.899999618530273,14.309890355035648
2012-12-10,1418.550048828125,16.049999237060547,14.45939090520091
2012-12-11,1427.8399658203125,15.569999694824219,14.365615141019214
2012-12-12,1428.47998046875,15.949999809265137,14.38569108244106
2012-12-13,1419.449951171875,16.559999465942383,14.110174961984528
2012-12-14,1413.5799560546875,17.0,13.961355171354132
2012-12-17,1430.3599853515625,16.34000015258789,13.570775166227367
2012-12-18,1446.7900390625,15.569999694824219,13.120371730265957
2012-12-19,1435.81005859375,17.360000610351562,12.749967105957118
2012-12-20,1443.68994140625,17.670000076293945,12.681641487112985
2012-12-21,1430.1500244140625,17.84000015258789,12.048457658983098
2012-12-24,1426.6600341796875,17.84000015258789,11.982419259778563
2012-12-26,1419.8299560546875,19.479999542236328,11.798875019640368
2012-12-27,1418.0999755859375,19.469999313354492,11.742473934958838
2012-12-28,1402.4300537109375,22.719999313354492,10.892050767054949
2012-12-31,1426.18994140625,18.020000457763672,9.878682130615935
2013-01-02,1462.4200439453125,14.680000305175781,6.200088610496732
2013-01-03,1459.3699951171875,14.5600004196167,7.629963069212129
2013-01-04,1466.469970703125,13.829999923706055,8.183559883725797
2013-01-07,1461.8900146484375,13.789999961853027,8.022860522241821
2013-01-08,1457.1500244140625,13.619999885559082,7.927945756542056
2013-01-09,1461.02001953125,13.8100004196167,8.041111976985025
2013-01-10,1472.1199951171875,13.489999771118164,7.799714779654171
2013-01-11,1472.050048828125,13.359999656677246,7.781230930539014
2013-01-14,1470.6800537109375,13.520000457763672,7.738832301955785
2013-01-15,1472.3399658203125,13.550000190734863,7.743543334981828
2013-01-16,1472.6300048828125,13.420000076293945,7.782970813570077
2013-01-17,1480.93994140625,13.569999694824219,7.916053780598286
2013-01-18,1485.97998046875,12.460000038146973,9.254930754311767
2013-01-22,1492.56005859375,12.430000305175781,9.474835170774657
2013-01-23,1494.81005859375,12.460000038146973,9.91030534553898
2013-01-24,1494.8199462890625,12.6899995803833,11.927057156932618
2013-01-25,1502.9599609375,12.890000343322754,11.968603991142432
2013-01-28,1500.1800537109375,13.569999694824219,12.743703189392255
2013-01-29,1507.8399658203125,13.3100004196167,12.63979308666226
2013-01-30,1501.9599609375,14.319999694824219,12.567760384064592
2013-01-31,1498.1099853515625,14.279999732971191,12.591736644980225
2013-02-01,1513.1700439453125,12.899999618530273,12.548645595579952
2013-02-04,1495.7099609375,14.670000076293945,11.70568879324333
2013-02-05,1511.2900390625,13.720000267028809,11.249879874729121
2013-02-06,1512.1199951171875,13.40999984741211,11.310732005963322
2013-02-07,1509.3900146484375,13.5,11.27600159876554
2013-02-08,1517.9300537109375,13.020000457763672,11.244067992752253
2013-02-11,1517.010009765625,12.9399995803833,11.227623157730083
2013-02-12,1519.4300537109375,12.640000343322754,11.331670212244775
2013-02-13,1520.3299560546875,12.979999542236328,11.37620806116068
2013-02-14,1521.3800048828125,12.65999984741211,11.615854324809773
2013-02-15,1519.7900390625,12.460000038146973,11.655520002255617
2013-02-19,1530.93994140625,12.3100004196167,11.61345519815182
2013-02-20,1511.949951171875,14.680000305175781,11.088529331325178
2013-02-21,1502.4200439453125,15.220000267028809,10.940230942013658
2013-02-22,1515.5999755859375,14.170000076293945,10.759822169555736
2013-02-25,1487.8499755859375,18.989999771118164,8.293761318644789
2013-02-26,1496.93994140625,16.8700008392334,8.238749172871897
2013-02-27,1515.989990234375,14.729999542236328,7.334493399953926
2013-02-28,1514.6800537109375,15.510000228881836,7.5929531363908005
2013-03-01,1518.199951171875,15.359999656677246,7.695967534942587
2013-03-04,1525.199951171875,14.010000228881836,8.68835625147896
2013-03-05,1539.7900390625,13.479999542236328,8.195149713543815
2013-03-06,1541.4599609375,13.529999732971191,8.36748276244378
2013-03-07,1544.260009765625,13.0600004196167,8.604901479698094
2013-03-08,1551.1800537109375,12.59000015258789,8.557631458278458
2013-03-11,1556.219970703125,11.5600004196167,9.420202564905537
2013-03-12,1552.47998046875,12.270000457763672,9.37820415552534
2013-03-13,1554.52001953125,11.829999923706055,9.483810398067773
2013-03-14,1563.22998046875,11.300000190734863,12.513902149788963
2013-03-15,1560.699951171875,11.300000190734863,13.472830152071758
2013-03-18,1552.0999755859375,13.359999656677246,14.29618560861563
2013-03-19,1548.3399658203125,14.390000343322754,14.464502341105073
2013-03-20,1558.7099609375,12.670000076293945,14.610583470497978
2013-03-21,1545.800048828125,13.989999771118164,14.381091115988273
2013-03-22,1556.8900146484375,13.569999694824219,14.609494696104248
2013-03-25,1551.68994140625,13.739999771118164,14.53953126815524
2013-03-26,1563.77001953125,12.770000457763672,14.372005741399512
2013-03-27,1562.8499755859375,13.149999618530273,14.392166519879238
2013-03-28,1569.18994140625,12.699999809265137,14.526210615422208
2013-04-01,1562.1700439453125,13.579999923706055,14.410831708245041
2013-04-02,1570.25,12.779999732971191,14.764002751151523
2013-04-03,1553.68994140625,14.210000038146973,14.51126917244458
2013-04-04,1559.97998046875,13.890000343322754,14.83090579180693
2013-04-05,1553.280029296875,13.920000076293945,14.672817405272959
2013-04-08,1563.0699462890625,13.1899995803833,14.637557916110943
2013-04-09,1568.6099853515625,12.84000015258789,14.64745769023265
2013-04-10,1587.72998046875,12.359999656677246,14.278263148556473
2013-04-11,1593.3699951171875,12.239999771118164,14.296897489500413
2013-04-12,1588.8499755859375,12.0600004196167,14.229188597784226
2013-04-15,1552.3599853515625,17.270000457763672,11.378482085715325
2013-04-16,1574.5699462890625,13.960000038146973,10.654138709463139
2013-04-17,1552.010009765625,16.510000228881836,9.167009530845457
2013-04-18,1541.6099853515625,17.559999465942383,8.792880136078708
2013-04-19,1555.25,14.970000267028809,8.718926811764703
2013-04-22,1562.5,14.390000343322754,8.720127373978622
2013-04-23,1578.780029296875,13.479999542236328,9.159961475040392
2013-04-24,1578.7900390625,13.609999656677246,9.305978724526053
2013-04-25,1585.1600341796875,13.619999885559082,9.322635211602858
2013-04-26,1582.239990234375,13.609999656677246,9.338807259991556
2013-04-29,1593.6099853515625,13.710000038146973,9.697501954029411
2013-04-30,1597.5699462890625,13.520000457763672,9.719528038426589
2013-05-01,1582.699951171875,14.489999771118164,10.563387302780628
2013-05-02,1597.5899658203125,13.59000015258789,10.301238817992525
2013-05-03,1614.4200439453125,12.850000381469727,9.983486749268051
2013-05-06,1617.5,12.65999984741211,11.133550912738913
2013-05-07,1625.9599609375,12.829999923706055,11.387603290822346
2013-05-08,1632.68994140625,12.65999984741211,12.156525905203559
2013-05-09,1626.6700439453125,13.130000114440918,12.072600041518452
2013-05-10,1633.699951171875,12.59000015258789,12.529268611964492
2013-05-13,1633.77001953125,12.550000190734863,12.844610758830614
2013-05-14,1650.3399658203125,12.770000457763672,13.412175292841813
2013-05-15,1658.780029296875,12.8100004196167,13.384604849091716
2013-05-16,1650.469970703125,13.069999694824219,13.606058259341513
2013-05-17,1667.469970703125,12.449999809265137,13.387997875284489
2013-05-20,1666.2900390625,13.020000457763672,14.182321112907587
2013-05-21,1669.1600341796875,13.369999885559082,16.427027320721006
2013-05-22,1655.3499755859375,13.819999694824219,16.3667868988684
2013-05-23,1650.510009765625,14.069999694824219,16.756082590835806
2013-05-24,1649.5999755859375,13.989999771118164,17.23812230436972
2013-05-28,1660.06005859375,14.479999542236328,17.46444282528571
2013-05-29,1648.3599853515625,14.829999923706055,17.549924684585946
2013-05-30,1654.4100341796875,14.529999732971191,17.49847288429766
2013-05-31,1630.739990234375,16.299999237060547,16.98095386178884
2013-06-03,1640.4200439453125,16.280000686645508,16.821767313837345
2013-06-04,1631.3800048828125,16.270000457763672,16.739210275564208
2013-06-05,1608.9000244140625,17.5,16.37974485148865
2013-06-06,1622.56005859375,16.6299991607666,16.22443148816532
2013-06-07,1643.3800048828125,15.140000343322754,15.806128698338654
2013-06-10,1642.81005859375,15.4399995803833,15.804639162964977
2013-06-11,1626.1300048828125,17.06999969482422,15.951501811202606
2013-06-12,1612.52001953125,18.59000015258789,15.552223790612127
2013-06-13,1636.3599853515625,16.40999984741211,14.848268143349703
2013-06-14,1626.72998046875,17.149999618530273,14.733045965467825
2013-06-17,1639.0400390625,16.799999237060547,14.575606421424053
2013-06-18,1651.81005859375,16.610000610351562,14.45057752116682
2013-06-19,1628.9300537109375,16.639999389648438,13.378407950069917
2013-06-20,1588.18994140625,20.489999771118164,9.038157442007934
2013-06-21,1592.4300537109375,18.899999618530273,9.200552960558966
2013-06-24,1573.0899658203125,20.110000610351562,7.817486864282575
2013-06-25,1588.030029296875,18.469999313354492,7.491781613019658
2013-06-26,1603.260009765625,17.209999084472656,7.127663726344504
2013-06-27,1613.199951171875,16.860000610351562,7.318156073732392
2013-06-28,1606.280029296875,16.860000610351562,6.975741849535661
2013-07-01,1614.9599609375,16.3700008392334,6.930430288391087
2013-07-02,1614.0799560546875,16.440000534057617,7.736505824893104
2013-07-03,1615.4100341796875,16.200000762939453,7.717229377257512
2013-07-05,1631.8900146484375,14.890000343322754,7.345384264782339
2013-07-08,1640.4599609375,14.779999732971191,7.737175777776338
2013-07-09,1652.3199462890625,14.350000381469727,7.677090942870292
2013-07-10,1652.6199951171875,14.210000038146973,7.7280260018256355
2013-07-11,1675.02001953125,14.010000228881836,6.498444569556624
2013-07-12,1680.18994140625,13.84000015258789,6.448906346722698
2013-07-15,1682.5,13.789999961853027,6.497285612567101
2013-07-16,1676.260009765625,14.420000076293945,6.631616126415957
2013-07-17,1680.9100341796875,13.779999732971191,8.272560387816474
2013-07-18,1689.3699951171875,13.770000457763672,8.06547238528302
2013-07-19,1692.0899658203125,12.539999961853027,8.184570970064517
2013-07-22,1695.530029296875,12.289999961853027,8.298871735303392
2013-07-23,1692.3900146484375,12.65999984741211,8.447359322920601
2013-07-24,1685.93994140625,13.180000305175781,9.072183573755863
2013-07-25,1690.25,12.970000267028809,9.149601822510302
2013-07-26,1691.6500244140625,12.720000267028809,9.198767858460142
2013-07-29,1685.3299560546875,13.390000343322754,10.54270879908523
2013-07-30,1685.9599609375,13.390000343322754,10.629538266373737
2013-07-31,1685.72998046875,13.449999809265137,10.687206863602091
2013-08-01,1706.8699951171875,12.9399995803833,9.438237395656287
2013-08-02,1709.6700439453125,11.979999542236328,9.602928943494284
2013-08-05,1707.1400146484375,11.84000015258789,10.2184663578833
2013-08-06,1697.3699951171875,12.720000267028809,10.141210263136298
2013-08-07,1690.9100341796875,12.979999542236328,10.104143327154368
2013-08-08,1697.47998046875,12.729999542236328,10.676635003799746
2013-08-09,1691.4200439453125,13.40999984741211,10.973432796905398
2013-08-12,1689.469970703125,12.8100004196167,11.02428666671833
2013-08-13,1694.1600341796875,12.3100004196167,11.034892586132484
2013-08-14,1685.3900146484375,13.039999961853027,10.932944438959035
2013-08-15,1661.3199462890625,14.729999542236328,9.733076845865941
2013-08-16,1655.8299560546875,14.369999885559082,9.658980695673588
2013-08-19,1646.06005859375,15.100000381469727,9.954741197389199
2013-08-20,1652.3499755859375,14.90999984741211,10.035034446450338
2013-08-21,1642.800048828125,15.9399995803833,10.187561445402912
2013-08-22,1656.9599609375,14.760000228881836,10.132048696638568
2013-08-23,1663.5,13.979999542236328,10.168383150705031
2013-08-26,1656.780029296875,14.989999771118164,10.097200866439252
2013-08-27,1630.47998046875,16.770000457763672,7.99473446698568
2013-08-28,1634.9599609375,16.489999771118164,8.254891645355688
2013-08-29,1638.1700439453125,16.809999465942383,8.669676209828635
2013-08-30,1632.969970703125,17.010000228881836,8.81166689442425
2013-09-03,1639.77001953125,16.610000610351562,8.80588539479014
2013-09-04,1653.0799560546875,15.880000114440918,9.190615720417682
2013-09-05,1655.0799560546875,15.770000457763672,9.446269954759623
2013-09-06,1655.1700439453125,15.850000381469727,10.008397208210326
2013-09-09,1671.7099609375,15.630000114440918,10.36762532593498
2013-09-10,1683.989990234375,14.529999732971191,9.985768437023149
2013-09-11,1689.1300048828125,13.819999694824219,12.606373762799006
2013-09-12,1683.4200439453125,14.289999961853027,12.713377431486627
2013-09-13,1687.989990234375,14.15999984741211,12.750938409298145
2013-09-16,1697.5999755859375,14.380000114440918,12.879307922014712
2013-09-17,1704.760009765625,14.529999732971191,13.668637911480197
2013-09-18,1725.52001953125,13.59000015258789,13.210694887661198
2013-09-19,1722.3399658203125,13.15999984741211,13.364070791175525
2013-09-20,1709.9100341796875,13.119999885559082,13.05914366737128
2013-09-23,1701.8399658203125,14.3100004196167,12.98717254687835
2013-09-24,1697.4200439453125,14.079999923706055,13.091842906000913
2013-09-25,1692.77001953125,14.010000228881836,13.019970389933796
2013-09-26,1698.6700439453125,14.0600004196167,13.039864495377525
2013-09-27,1691.75,15.460000038146973,12.872091670537975
2013-09-30,1681.550048828125,16.600000381469727,12.589687971536637
2013-10-01,1695.0,15.539999961853027,12.672786436719171
2013-10-02,1693.8699951171875,16.600000381469727,12.800584217710293
2013-10-03,1678.6600341796875,17.670000076293945,12.190733521188928
2013-10-04,1690.5,16.739999771118164,12.079904197605282
2013-10-07,1676.1199951171875,19.40999984741211,11.595041976136592
2013-10-08,1655.449951171875,20.34000015258789,10.274119966709517
2013-10-09,1656.4000244140625,19.600000381469727,11.73526578283388
2013-10-10,1692.56005859375,16.479999542236328,10.30758648276153
2013-10-11,1703.199951171875,15.720000267028809,10.206804242908413
2013-10-14,1710.1400146484375,16.06999969482422,10.276744712358132
2013-10-15,1698.06005859375,18.65999984741211,10.003777540429695
2013-10-16,1721.5400390625,14.710000038146973,9.16125262744925
2013-10-17,1733.1500244140625,13.479999542236328,9.034341799642142
2013-10-18,1744.5,13.039999961853027,9.04848998696163
2013-10-21,1744.6600341796875,13.15999984741211,9.113495162516964
2013-10-22,1754.6700439453125,13.329999923706055,9.100882084018183
2013-10-23,1746.3800048828125,13.420000076293945,9.216565148273606
2013-10-24,1752.0699462890625,13.199999809265137,9.279671025651554
2013-10-25,1759.77001953125,13.09000015258789,9.257852306977078
2013-10-28,1762.1099853515625,13.3100004196167,9.263860522299712
2013-10-29,1771.949951171875,13.40999984741211,9.136489947413512
2013-10-30,1763.31005859375,13.649999618530273,8.914688128112976
2013-10-31,1756.5400390625,13.75,8.843777242402156
2013-11-01,1761.6400146484375,13.279999732971191,8.946711789683782
2013-11-04,1767.9300537109375,12.930000305175781,8.922781868949484
2013-11-05,1762.969970703125,13.270000457763672,9.013798586283448
2013-11-06,1770.489990234375,12.670000076293945,9.663415997191652
2013-11-07,1747.1500244140625,13.90999984741211,8.169365698866955
2013-11-08,1770.6099853515625,12.899999618530273,7.126756153222249
2013-11-11,1771.8900146484375,12.529999732971191,8.292755364434285
2013-11-12,1767.68994140625,12.819999694824219,8.363277998237212
2013-11-13,1782.0,12.520000457763672,7.860450866625708
2013-11-14,1790.6199951171875,12.369999885559082,7.994197541675821
2013-11-15,1798.1800537109375,12.1899995803833,7.897105261061747
2013-11-18,1791.530029296875,13.100000381469727,9.739623431969102
2013-11-19,1787.8699951171875,13.390000343322754,9.704442436568263
2013-11-20,1781.3699951171875,13.399999618530273,9.68313690441118
2013-11-21,1795.8499755859375,12.65999984741211,9.470521201413467
2013-11-22,1804.760009765625,12.260000228881836,9.385168355096328
2013-11-25,1802.47998046875,12.789999961853027,9.452940856886013
2013-11-26,1802.75,12.8100004196167,9.460168428268053
2013-11-27,1807.22998046875,12.979999542236328,9.452913851057524
2013-11-29,1805.81005859375,13.699999809265137,9.489893537595675
2013-12-02,1800.9000244140625,14.229999542236328,10.030222655349478
2013-12-03,1795.1500244140625,14.550000190734863,9.934447410063898
2013-12-04,1792.81005859375,14.699999809265137,9.977835767932072
2013-12-05,1785.030029296875,15.079999923706055,9.94038017335453
2013-12-06,1805.0899658203125,13.789999961853027,9.289260691400878
2013-12-09,1808.3699951171875,13.489999771118164,9.28389303702356
2013-12-10,1802.6199951171875,13.90999984741211,9.18290428266751
2013-12-11,1782.219970703125,15.420000076293945,9.407969250381901
2013-12-12,1775.5,15.539999961853027,9.820826854231631
2013-12-13,1775.3199462890625,15.760000228881836,9.869942791107606
2013-12-16,1786.5400390625,16.030000686645508,9.79764771376025
2013-12-17,1781.0,16.209999084472656,9.849184328076618
2013-12-18,1810.6500244140625,13.800000190734863,8.230964739645916
2013-12-19,1809.5999755859375,14.149999618530273,8.21514327822847
2013-12-20,1818.3199462890625,13.789999961853027,8.756257121178686
2013-12-23,1827.989990234375,13.039999961853027,11.259868159508962
2013-12-24,1833.3199462890625,12.479999542236328,11.243298938569927
2013-12-26,1842.02001953125,12.329999923706055,11.347912269590257
2013-12-27,1841.4000244140625,12.460000038146973,11.75551956077635
2013-12-30,1841.0699462890625,13.5600004196167,12.581966474313367
2013-12-31,1848.3599853515625,13.720000267028809,12.560041745855443
2014-01-02,1831.97998046875,14.229999542236328,14.408516714301397
2014-01-03,1831.3699951171875,13.760000228881836,14.809496651837756
2014-01-06,1826.77001953125,13.550000190734863,14.808419527938115
2014-01-07,1837.8800048828125,12.920000076293945,15.390002922447666
2014-01-08,1837.489990234375,12.869999885559082,16.233231542059503
2014-01-09,1838.1300048828125,12.890000343322754,16.252057279412703
2014-01-10,1842.3699951171875,12.140000343322754,16.746745742968802
2014-01-13,1819.199951171875,13.279999732971191,16.161572990086185
2014-01-14,1838.8800048828125,12.279999732971191,15.833239886972006
2014-01-15,1848.3800048828125,12.279999732971191,15.818481574444162
2014-01-16,1845.8900146484375,12.529999732971191,15.820419056508978
2014-01-17,1838.699951171875,12.4399995803833,15.925927540623649
2014-01-21,1843.800048828125,12.869999885559082,16.042839843182673
2014-01-22,1844.8599853515625,12.84000015258789,16.052823467309945
2014-01-23,1828.4599609375,13.770000457763672,15.871972599831274
2014-01-24,1790.2900390625,18.139999389648438,13.829764311392998
2014-01-27,1781.56005859375,17.420000076293945,13.65026264969322
2014-01-28,1792.5,15.800000190734863,13.607645632584811
2014-01-29,1774.199951171875,17.350000381469727,12.905390455454096
2014-01-30,1794.18994140625,17.290000915527344,12.885867697777128
2014-01-31,1782.5899658203125,18.40999984741211,13.398129063841498
2014-02-03,1741.8900146484375,21.440000534057617,9.761881566500664
2014-02-04,1755.199951171875,19.110000610351562,9.660265965772965
2014-02-05,1751.6400146484375,19.950000762939453,9.525233133385056
2014-02-06,1773.4300537109375,17.229999542236328,9.013094782649608
2014-02-07,1797.02001953125,15.289999961853027,8.543098511083237
2014-02-10,1799.8399658203125,15.260000228881836,8.559262218252425
2014-02-11,1819.75,14.510000228881836,9.085247826010963
2014-02-12,1819.260009765625,14.300000190734863,9.162122885000615
2014-02-13,1829.8299560546875,14.140000343322754,9.51962362879248
2014-02-14,1838.6300048828125,13.569999694824219,9.68281080455095
2014-02-18,1840.760009765625,13.869999885559082,9.981134150923166
2014-02-19,1828.75,15.5,9.80895513145685
2014-02-20,1839.780029296875,14.789999961853027,9.735333645390252
2014-02-21,1836.25,14.680000305175781,9.88775998742477
2014-02-24,1847.6099853515625,14.229999542236328,9.779230967418542
2014-02-25,1845.1199951171875,13.670000076293945,10.103945124620328
2014-02-26,1845.1600341796875,14.350000381469727,10.129960670592421
2014-02-27,1854.2900390625,14.039999961853027,10.112071405648106
2014-02-28,1859.449951171875,14.0,10.433766315592845
2014-03-03,1845.72998046875,16.0,10.281514928863613
2014-03-04,1873.9100341796875,14.100000381469727,8.946757793896333
2014-03-05,1873.81005859375,13.890000343322754,8.961782982131083
2014-03-06,1877.030029296875,14.210000038146973,10.006673457669951
2014-03-07,1878.0400390625,14.109999656677246,10.638375281404235
2014-03-10,1877.1700439453125,14.199999809265137,10.756509942680367
2014-03-11,1867.6300048828125,14.800000190734863,11.3291948699567
2014-03-12,1868.199951171875,14.470000267028809,13.503396221438226
2014-03-13,1846.3399658203125,16.219999313354492,13.297153629269323
2014-03-14,1841.1300048828125,17.81999969482422,13.628319696766699
2014-03-17,1858.8299560546875,15.640000343322754,13.404051715916912
2014-03-18,1872.25,14.520000457763672,13.679738955808777
2014-03-19,1860.77001953125,15.119999885559082,13.51828762301572
2014-03-20,1872.010009765625,14.520000457763672,13.416108474526903
2014-03-21,1866.52001953125,15.0,13.44306908589159
2014-03-24,1857.43994140625,15.09000015258789,13.34442592509533
2014-03-25,1865.6199951171875,14.020000457763672,13.276957462737787
2014-03-26,1852.56005859375,14.930000305175781,13.359305328318966
2014-03-27,1849.0400390625,14.619999885559082,13.372100156074612
2014-03-28,1857.6199951171875,14.40999984741211,13.37680691700772
2014-03-31,1872.3399658203125,13.880000114440918,13.142387309129871
2014-04-01,1885.52001953125,13.100000381469727,12.913115456451582
2014-04-02,1890.9000244140625,13.09000015258789,12.876338746097712
2014-04-03,1888.77001953125,13.369999885559082,12.892346769200314
2014-04-04,1865.0899658203125,13.960000038146973,12.507789230128088
2014-04-07,1845.0400390625,15.569999694824219,11.99103541812454
2014-04-08,1851.9599609375,14.890000343322754,11.966386312934144
2014-04-09,1872.1800537109375,13.819999694824219,11.3809995361057
2014-04-10,1833.0799560546875,15.890000343322754,8.841324030090904
2014-04-11,1815.68994140625,17.030000686645508,7.878864842119687
2014-04-14,1830.6099853515625,16.110000610351562,7.890105588412602
2014-04-15,1842.97998046875,15.609999656677246,8.49450244053001
2014-04-16,1862.31005859375,14.180000305175781,7.819123212625589
2014-04-17,1864.8499755859375,13.359999656677246,7.904203434365101
2014-04-21,1871.8900146484375,13.25,8.169463662237657
2014-04-22,1879.550048828125,13.1899995803833,8.529455440915536
2014-04-23,1875.3900146484375,13.270000457763672,8.51244349931054
2014-04-24,1878.6099853515625,13.319999694824219,8.604783000154441
2014-04-25,1863.4000244140625,14.0600004196167,8.188444602903875
2014-04-28,1869.4300537109375,13.970000267028809,8.192608301676193
2014-04-29,1878.3299560546875,13.710000038146973,8.229822328898043
2014-04-30,1883.949951171875,13.40999984741211,8.205293932160746
2014-05-01,1883.6800537109375,13.25,8.195664840703348
2014-05-02,1881.1400146484375,12.90999984741211,8.166981016426789
2014-05-05,1884.6600341796875,13.289999961853027,8.167233055655778
2014-05-06,1867.719970703125,13.800000190734863,7.489191388475323
2014-05-07,1878.2099609375,13.399999618530273,7.434160997083193
2014-05-08,1875.6300048828125,13.430000305175781,7.353530189854831
2014-05-09,1878.47998046875,12.920000076293945,7.389853927971625
2014-05-12,1896.6500244140625,12.229999542236328,7.031692568469737
2014-05-13,1897.449951171875,12.130000114440918,7.5949519817948135
2014-05-14,1888.530029296875,12.170000076293945,7.358319147473052
2014-05-15,1870.8499755859375,13.170000076293945,6.276533028437313
2014-05-16,1877.8599853515625,12.4399995803833,6.234840862715931
2014-05-19,1885.0799560546875,12.420000076293945,6.544181210444261
2014-05-20,1872.8299560546875,12.960000038146973,5.8145799639040145
2014-05-21,1888.030029296875,11.90999984741211,5.399966141049985
2014-05-22,1892.489990234375,12.029999732971191,5.439263673926494
2014-05-23,1900.530029296875,11.359999656677246,6.046155881441157
2014-05-27,1911.9100341796875,11.510000228881836,5.949787222904543
2014-05-28,1909.780029296875,11.680000305175781,5.952970359022905
2014-05-29,1920.030029296875,11.569999694824219,5.764523271679102
2014-05-30,1923.5699462890625,11.399999618530273,5.77501139803766
2014-06-02,1924.969970703125,11.579999923706055,6.10832302976699
2014-06-03,1924.239990234375,11.869999885559082,6.085450788926363
2014-06-04,1927.8800048828125,12.079999923706055,6.257786829496771
2014-06-05,1940.4599609375,11.680000305175781,6.229578478419387
2014-06-06,1949.43994140625,10.729999542236328,6.653547728780048
2014-06-09,1951.27001953125,11.149999618530273,6.816053167053596
2014-06-10,1950.7900390625,10.989999771118164,7.002329549758501
2014-06-11,1943.8900146484375,11.600000381469727,6.866242704374931
2014-06-12,1930.1099853515625,12.5600004196167,6.412335568661108
2014-06-13,1936.1600341796875,12.180000305175781,6.454683966367307
2014-06-16,1937.780029296875,12.649999618530273,6.554155042103746
2014-06-17,1941.989990234375,12.0600004196167,7.9250139339565155
2014-06-18,1956.97998046875,10.609999656677246,8.258871711014814
2014-06-19,1959.47998046875,10.619999885559082,8.31095986176284
2014-06-20,1962.8699951171875,10.850000381469727,8.455943972264054
2014-06-23,1962.6099853515625,10.979999542236328,8.46343411685604
2014-06-24,1949.97998046875,12.130000114440918,8.067772391565589
2014-06-25,1959.530029296875,11.59000015258789,8.169825174883842
2014-06-26,1957.219970703125,11.630000114440918,8.14861966773044
2014-06-27,1960.9599609375,11.260000228881836,8.31498135356526
2014-06-30,1960.22998046875,11.569999694824219,8.31246111073006
2014-07-01,1973.3199462890625,11.149999618530273,10.593598979117838
2014-07-02,1974.6199951171875,10.819999694824219,10.59267608866893
2014-07-03,1985.43994140625,10.319999694824219,10.742793319666049
2014-07-07,1977.6500244140625,11.329999923706055,11.115109875895193
2014-07-08,1963.7099609375,11.979999542236328,10.929173726624228
2014-07-09,1972.8299560546875,11.649999618530273,10.829929946766672
2014-07-10,1964.6800537109375,12.59000015258789,11.676194893019455
2014-07-11,1967.5699462890625,12.079999923706055,11.716238843732897
2014-07-14,1977.0999755859375,11.819999694824219,11.54107964015071
2014-07-15,1973.280029296875,11.960000038146973,11.840731934456002
2014-07-16,1981.5699462890625,11.0,11.84825342691633
2014-07-17,1958.1199951171875,14.539999961853027,11.117047411255024
2014-07-18,1978.219970703125,12.0600004196167,10.931202334224261
2014-07-21,1973.6300048828125,12.8100004196167,11.041447222110593
2014-07-22,1983.530029296875,12.239999771118164,10.936846195019605
2014-07-23,1987.010009765625,11.520000457763672,10.967708830671166
2014-07-24,1987.97998046875,11.84000015258789,10.991140521297915
2014-07-25,1978.3399658203125,12.6899995803833,10.959961294621728
2014-07-28,1978.9100341796875,12.5600004196167,10.961558068853645
2014-07-29,1969.949951171875,13.279999732971191,10.809750744465466
2014-07-30,1970.0699462890625,13.329999923706055,10.840288081913622
2014-07-31,1930.6700439453125,16.950000762939453,7.769206701298399
2014-08-01,1925.1500244140625,17.030000686645508,7.63570883144434
2014-08-04,1938.989990234375,15.119999885559082,7.435104439073788
2014-08-05,1920.2099609375,16.8700008392334,6.336926631895415
2014-08-06,1920.239990234375,16.3700008392334,6.388245723098371
2014-08-07,1909.5699462890625,16.65999984741211,6.059751535795417
2014-08-08,1931.5899658203125,15.770000457763672,5.815297013712171
2014-08-11,1936.9200439453125,14.229999542236328,5.849573712323088
2014-08-12,1933.75,14.130000114440918,5.747657296916937
2014-08-13,1946.719970703125,12.899999618530273,5.989563306815846
2014-08-14,1955.1800537109375,12.420000076293945,5.883203228453363
2014-08-15,1955.06005859375,13.149999618530273,6.320762247434717
2014-08-18,1971.739990234375,12.319999694824219,5.716467868493734
2014-08-19,1981.5999755859375,12.210000038146973,5.706323295484617
2014-08-20,1986.510009765625,11.779999732971191,5.682864600600235
2014-08-21,1992.3699951171875,11.760000228881836,6.341121063598056
2014-08-22,1988.4000244140625,11.470000267028809,6.62530418254441
2014-08-25,1997.9200439453125,11.699999809265137,6.981253094168611
2014-08-26,2000.02001953125,11.630000114440918,8.96173505319527
2014-08-27,2000.1199951171875,11.779999732971191,9.529743177136732
2014-08-28,1996.739990234375,12.050000190734863,9.548881144355216
2014-08-29,2003.3699951171875,12.09000015258789,9.479210559230758
2014-09-02,2002.280029296875,12.25,10.433052095412327
2014-09-03,2000.719970703125,12.359999656677246,10.442030018934538
2014-09-04,1997.6500244140625,12.640000343322754,11.291933084010113
2014-09-05,2007.7099609375,12.09000015258789,11.099122119305123
2014-09-08,2001.5400390625,12.65999984741211,12.133747665515822
2014-09-09,1988.43994140625,13.5,13.631028395094798
2014-09-10,1995.68994140625,12.880000114440918,15.2493922462454
2014-09-11,1997.449951171875,12.800000190734863,15.59227156564611
2014-09-12,1985.5400390625,13.3100004196167,16.331273976480436
2014-09-15,1984.1300048828125,14.119999885559082,16.386142800967505
2014-09-16,1998.97998046875,12.729999542236328,16.064330566699415
2014-09-17,2001.5699462890625,12.649999618530273,16.02717548179014
2014-09-18,2011.3599853515625,12.029999732971191,16.76236010002639
2014-09-19,2010.4000244140625,12.109999656677246,17.268024745386022
2014-09-22,1994.2900390625,13.6899995803833,18.728618914906544
2014-09-23,1982.77001953125,14.930000305175781,18.7825818015831
2014-09-24,1998.300048828125,13.270000457763672,19.11416894978592
2014-09-25,1965.989990234375,15.640000343322754,18.481394926634305
2014-09-26,1982.8499755859375,14.850000381469727,18.21996662950786
2014-09-29,1977.800048828125,15.979999542236328,18.69519234412604
2014-09-30,1972.2900390625,16.309999465942383,18.67346409952324
2014-10-01,1946.1600341796875,16.709999084472656,18.1015372865758
2014-10-02,1946.1700439453125,16.15999984741211,18.45391204866364
2014-10-03,1967.9000244140625,14.550000190734863,18.142288546117022
2014-10-06,1964.8199462890625,15.460000038146973,18.171864341248796
2014-10-07,1935.0999755859375,17.200000762939453,17.21681862998563
2014-10-08,1968.8900146484375,15.109999656677246,16.328330619907018
2014-10-09,1928.2099609375,18.760000228881836,14.179807297595898
2014-10-10,1906.1300048828125,21.239999771118164,13.232277869549744
2014-10-13,1874.739990234375,24.639999389648438,11.1669946756316
2014-10-14,1877.699951171875,22.790000915527344,11.257221490703076
2014-10-15,1862.489990234375,25.270000457763672,10.46165185224856
2014-10-16,1862.760009765625,25.200000762939453,10.456912779430596
2014-10-17,1886.760009765625,21.989999771118164,10.051866393259324
2014-10-20,1904.010009765625,18.56999969482422,9.877910490226824
2014-10-21,1941.280029296875,16.079999923706055,8.16256096724327
2014-10-22,1927.1099853515625,17.8700008392334,7.336716575041632
2014-10-23,1950.8199462890625,16.530000686645508,6.590808064383517
2014-10-24,1964.5799560546875,16.110000610351562,6.399175435960084
2014-10-27,1961.6300048828125,16.040000915527344,6.372709764208369
2014-10-28,1985.050048828125,14.390000343322754,5.390126207642387
2014-10-29,1982.300048828125,15.149999618530273,5.497432308422473
2014-10-30,1994.6500244140625,14.520000457763672,6.0709186748500334
2014-10-31,2018.050048828125,14.029999732971191,5.147662196501375
2014-11-03,2017.81005859375,14.729999542236328,5.203924624914502
2014-11-04,2012.0999755859375,14.890000343322754,5.066405079730462
2014-11-05,2023.5699462890625,14.170000076293945,4.823120652882086
2014-11-06,2031.2099609375,13.670000076293945,5.547592945444952
2014-11-07,2031.9200439453125,13.119999885559082,5.5556922683885
2014-11-10,2038.260009765625,12.670000076293945,8.049294067550774
2014-11-11,2039.6800537109375,12.920000076293945,8.215625886975937
2014-11-12,2038.25,13.020000457763672,9.96158408948616
2014-11-13,2039.3299560546875,13.789999961853027,10.126366073167171
2014-11-14,2039.8199462890625,13.3100004196167,10.422930846478483
2014-11-17,2041.3199462890625,13.989999771118164,12.854838476827481
2014-11-18,2051.800048828125,13.859999656677246,15.29566207669597
2014-11-19,2048.719970703125,13.960000038146973,15.353776503393316
2014-11-20,2052.75,13.579999923706055,15.388933323535944
2014-11-21,2063.5,12.899999618530273,15.304048382748878
2014-11-24,2069.409912109375,12.619999885559082,15.279265702526827
2014-11-25,2067.030029296875,12.25,15.304393227412504
2014-11-26,2072.830078125,12.069999694824219,15.28233329262373
2014-11-28,2067.56005859375,13.329999923706055,15.361208284351132
2014-12-01,2053.43994140625,14.15999984741211,15.61315245256267
2014-12-02,2066.550048828125,12.850000381469727,15.447514952308056
2014-12-03,2074.330078125,12.5,16.60382995495377
2014-12-04,2071.919921875,12.380000114440918,16.81551799536436
2014-12-05,2075.3701171875,11.890000343322754,17.39863085199785
2014-12-08,2060.31005859375,14.210000038146973,18.415366505527842
2014-12-09,2059.820068359375,15.350000381469727,18.648763281056237
2014-12-10,2026.1400146484375,18.530000686645508,17.94898931048971
2014-12-11,2035.3299560546875,20.079999923706055,17.894463788474038
2014-12-12,2002.3299560546875,21.079999923706055,17.056605196185
2014-12-15,1989.6300048828125,20.420000076293945,17.22812193694075
2014-12-16,1972.739990234375,23.56999969482422,17.515365696468916
2014-12-17,2012.8900146484375,19.440000534057617,16.096129196024364
2014-12-18,2061.22998046875,16.809999465942383,13.778834221109035
2014-12-19,2070.64990234375,16.489999771118164,14.741363945660718
2014-12-22,2078.5400390625,15.25,14.777705743959116
2014-12-23,2082.169921875,14.800000190734863,14.79693901447496
2014-12-24,2081.8798828125,14.369999885559082,15.45410474435088
2014-12-26,2088.77001953125,14.5,15.932477329943476
2014-12-29,2090.570068359375,15.0600004196167,16.402279461442816
2014-12-30,2080.35009765625,15.920000076293945,16.847740715113556
2014-12-31,2058.89990234375,19.200000762939453,17.31057139797284
2015-01-02,2058.199951171875,17.790000915527344,18.097807504803896
2015-01-05,2020.5799560546875,19.920000076293945,16.920285354367888
2015-01-06,2002.6099853515625,21.1200008392334,16.878198953225233
2015-01-07,2025.9000244140625,19.309999465942383,16.53658413011797
2015-01-08,2062.139892578125,17.010000228881836,15.396579667129545
2015-01-09,2044.81005859375,17.549999237060547,15.55068436743032
2015-01-12,2028.260009765625,19.600000381469727,15.231075485030903
2015-01-13,2023.030029296875,20.559999465942383,15.459304117932913
2015-01-14,2011.27001953125,21.479999542236328,15.245395379056022
2015-01-15,1992.6700439453125,22.389999389648438,14.68682380960002
2015-01-16,2019.4200439453125,20.950000762939453,14.170797385844585
2015-01-20,2022.550048828125,19.889999389648438,14.206757391152836
2015-01-21,2032.1199951171875,18.850000381469727,14.251593072019137
2015-01-22,2063.14990234375,16.399999618530273,13.407162162004898
2015-01-23,2051.820068359375,16.65999984741211,13.201059005696955
2015-01-26,2057.090087890625,15.520000457763672,13.21618755940931
2015-01-27,2029.550048828125,17.219999313354492,12.135408092257542
2015-01-28,2002.1600341796875,20.440000534057617,10.928444471093638
2015-01-29,2021.25,18.760000228881836,10.71157250960986
2015-01-30,1994.989990234375,20.969999313354492,9.518709042820692
2015-02-02,2020.8499755859375,19.43000030517578,9.041812060638907
2015-02-03,2050.030029296875,17.329999923706055,7.807030774140973
2015-02-04,2041.510009765625,18.329999923706055,9.317185494260649
2015-02-05,2062.52001953125,16.850000381469727,8.741248357488264
2015-02-06,2055.469970703125,17.290000915527344,10.584074274936796
2015-02-09,2046.739990234375,18.549999237060547,10.503631500504234
2015-02-10,2068.590087890625,17.229999542236328,10.766994390117825
2015-02-11,2068.530029296875,16.959999084472656,10.967795967601587
2015-02-12,2088.47998046875,15.34000015258789,11.476245368018864
2015-02-13,2096.989990234375,14.6899995803833,11.418240311233168
2015-02-17,2100.340087890625,15.800000190734863,12.213428868343245
2015-02-18,2099.679931640625,15.449999809265137,12.329406895971724
2015-02-19,2097.449951171875,15.289999961853027,12.728305501915543
2015-02-20,2110.300048828125,14.300000190734863,12.561890924188887
2015-02-23,2109.659912109375,14.5600004196167,12.734455498138672
2015-02-24,2115.47998046875,13.6899995803833,13.589815157474955
2015-02-25,2113.860107421875,13.84000015258789,13.594207259436361
2015-02-26,2110.739990234375,13.90999984741211,13.65359364866421
2015-02-27,2104.5,13.34000015258789,14.384305338696896
2015-03-02,2117.389892578125,13.039999961853027,14.461772921118538
2015-03-03,2107.780029296875,13.859999656677246,14.44597500799507
2015-03-04,2098.530029296875,14.229999542236328,14.478624503372869
2015-03-05,2101.0400390625,14.039999961853027,14.687543251660662
2015-03-06,2071.260009765625,15.199999809265137,13.824621108086067
2015-03-09,2079.429931640625,15.0600004196167,13.787645307340975
2015-03-10,2044.1600341796875,16.690000534057617,12.354104632775385
2015-03-11,2040.239990234375,16.8700008392334,12.381823682524347
2015-03-12,2065.949951171875,15.420000076293945,11.85665267713297
2015-03-13,2053.39990234375,16.0,11.605964648022498
2015-03-16,2081.18994140625,15.609999656677246,10.810943464042014
2015-03-17,2074.280029296875,15.65999984741211,10.730753057565622
2015-03-18,2099.5,13.970000267028809,10.671790356144339
2015-03-19,2089.27001953125,14.069999694824219,11.037223660322683
2015-03-20,2108.10009765625,13.020000457763672,10.581316519560179
2015-03-23,2104.419921875,13.40999984741211,10.722215319755914
2015-03-24,2091.5,13.619999885559082,10.501405797921233
2015-03-25,2061.050048828125,15.4399995803833,8.945948944632015
2015-03-26,2056.14990234375,15.800000190734863,9.057755326575863
2015-03-27,2061.02001953125,15.069999694824219,9.065253815249289
2015-03-30,2086.239990234375,14.510000228881836,8.288870288152914
2015-03-31,2067.889892578125,15.289999961853027,8.489868072824699
2015-04-01,2059.68994140625,15.109999656677246,9.06244858495859
2015-04-02,2066.9599609375,14.670000076293945,9.045020119255522
2015-04-06,2080.6201171875,14.739999771118164,9.859286882511293
2015-04-07,2076.330078125,14.779999732971191,9.963385873611195
2015-04-08,2081.89990234375,13.979999542236328,10.006068185247763
2015-04-09,2091.179931640625,13.09000015258789,10.924993276333131
2015-04-10,2102.06005859375,12.579999923706055,10.957664424296464
2015-04-13,2092.429931640625,13.9399995803833,10.884235482919971
2015-04-14,2095.840087890625,13.670000076293945,10.871789736933087
2015-04-15,2106.6298828125,12.84000015258789,11.361594608438914
2015-04-16,2104.989990234375,12.600000381469727,11.355277923104508
2015-04-17,2081.179931640625,13.890000343322754,10.54061342867655
2015-04-20,2100.39990234375,13.300000190734863,10.13019830876229
2015-04-21,2097.2900390625,13.25,10.117604464532343
2015-04-22,2107.9599609375,12.710000038146973,10.010390504023427
2015-04-23,2112.929931640625,12.479999542236328,10.030310607877079
2015-04-24,2117.68994140625,12.289999961853027,10.649563872824162
2015-04-27,2108.919921875,13.119999885559082,11.031153754694962
2015-04-28,2114.760009765625,12.40999984741211,11.007297918019873
2015-04-29,2106.85009765625,13.390000343322754,11.158035743109858
2015-04-30,2085.510009765625,14.550000190734863,10.537540438591995
2015-05-01,2108.2900390625,12.699999809265137,9.860610151648592
2015-05-04,2114.489990234375,12.850000381469727,9.834213426632356
2015-05-05,2089.4599609375,14.3100004196167,9.393616038877036
2015-05-06,2080.14990234375,15.149999618530273,9.264001650715619
2015-05-07,2088.0,15.130000114440918,9.458687660244047
2015-05-08,2116.10009765625,12.859999656677246,8.081778851012018
2015-05-11,2105.330078125,13.850000381469727,9.047158510341118
2015-05-12,2099.1201171875,13.859999656677246,9.000180209140561
2015-05-13,2098.47998046875,13.760000228881836,9.343520342756218
2015-05-14,2121.10009765625,12.739999771118164,8.586237355778158
2015-05-15,2122.72998046875,12.380000114440918,8.864956248773339
2015-05-18,2129.199951171875,12.729999542236328,8.817380216946503
2015-05-19,2127.830078125,12.850000381469727,9.538381181731813
2015-05-20,2125.85009765625,12.880000114440918,9.70338500717307
2015-05-21,2130.820068359375,12.109999656677246,9.918318091813575
2015-05-22,2126.06005859375,12.130000114440918,9.893099956047966
2015-05-26,2104.199951171875,14.0600004196167,9.552831279525643
2015-05-27,2123.47998046875,13.270000457763672,9.017512765296852
2015-05-28,2120.7900390625,13.3100004196167,9.012943184066492
2015-05-29,2107.389892578125,13.84000015258789,11.369915970854395
2015-06-01,2111.72998046875,13.970000267028809,11.392936931299975
2015-06-02,2109.60009765625,14.239999771118164,11.727243469288027
2015-06-03,2114.070068359375,13.65999984741211,11.683028992473496
2015-06-04,2095.840087890625,14.710000038146973,11.393608516625038
2015-06-05,2092.830078125,14.210000038146973,11.619727936679757
2015-06-08,2079.280029296875,15.289999961853027,12.803038984450652
2015-06-09,2080.14990234375,14.470000267028809,12.840091999422853
2015-06-10,2105.199951171875,13.220000267028809,12.876706139684865
2015-06-11,2108.860107421875,12.850000381469727,13.479420584079854
2015-06-12,2094.110107421875,13.779999732971191,13.333867613438455
2015-06-15,2084.429931640625,15.390000343322754,13.218690326894308
2015-06-16,2096.2900390625,14.8100004196167,13.355570119864213
2015-06-17,2100.43994140625,14.5,13.347911525864884
2015-06-18,2121.239990234375,13.1899995803833,12.917546927775122
2015-06-19,2109.989990234375,13.960000038146973,12.8666280875883
2015-06-22,2122.85009765625,12.739999771118164,12.713412291435136
2015-06-23,2124.199951171875,12.109999656677246,12.849529141033909
2015-06-24,2108.580078125,13.260000228881836,13.128057586752236
2015-06-25,2102.31005859375,14.010000228881836,13.226529696946915
2015-06-26,2101.489990234375,14.020000457763672,13.985070959586801
2015-06-29,2057.639892578125,18.850000381469727,11.948254699449576
2015-06-30,2063.110107421875,18.229999542236328,11.941607970519428
2015-07-01,2077.419921875,16.09000015258789,11.795470262788294
2015-07-02,2076.780029296875,16.790000915527344,11.849781073140054
2015-07-06,2068.760009765625,17.010000228881836,11.787993862958425
2015-07-07,2081.340087890625,16.09000015258789,11.658050254321957
2015-07-08,2046.6800537109375,19.65999984741211,10.323115250009803
2015-07-09,2051.31005859375,19.969999313354492,10.388000752862395
2015-07-10,2076.6201171875,16.829999923706055,10.454615974832858
2015-07-13,2099.60009765625,13.899999618530273,10.313592505027822
2015-07-14,2108.949951171875,13.369999885559082,10.178985628651365
2015-07-15,2107.39990234375,13.229999542236328,10.182150470152644
2015-07-16,2124.2900390625,12.109999656677246,9.844139740931947
2015-07-17,2126.639892578125,11.949999809265137,10.040909438575532
2015-07-20,2128.280029296875,12.25,10.053832218714405
2015-07-21,2119.2099609375,12.220000267028809,10.32599064689851
2015-07-22,2114.14990234375,12.119999885559082,12.520901251237419
2015-07-23,2102.14990234375,12.640000343322754,16.381056428239646
2015-07-24,2079.64990234375,13.739999771118164,20.72427012435603
2015-07-27,2067.639892578125,15.600000381469727,20.962791821272308
2015-07-28,2093.25,13.4399995803833,25.154749721217595
2015-07-29,2108.570068359375,12.5,26.68711877290421
2015-07-30,2108.6298828125,12.130000114440918,26.695654731545954
2015-07-31,2103.840087890625,12.119999885559082,26.765834219123263
2015-08-03,2098.0400390625,12.5600004196167,28.344665006844004
2015-08-04,2093.320068359375,13.0,29.3966958264129
2015-08-05,2099.840087890625,12.510000228881836,29.350053073777673
2015-08-06,2083.56005859375,13.770000457763672,29.610030675313215
2015-08-07,2077.570068359375,13.390000343322754,31.230902917681576
2015-08-10,2104.179931640625,12.229999542236328,30.954978883323815
2015-08-11,2084.070068359375,13.710000038146973,31.033244397766797
2015-08-12,2086.050048828125,13.609999656677246,31.115339950155192
2015-08-13,2083.389892578125,13.489999771118164,31.111652649996806
2015-08-14,2091.5400390625,12.829999923706055,31.510078972291183
2015-08-17,2102.43994140625,13.020000457763672,31.641697542207737
2015-08-18,2096.919921875,13.789999961853027,31.641669802668698
2015-08-19,2079.610107421875,15.25,31.946762897003268
2015-08-20,2035.72998046875,19.139999389648438,31.31447774828761
2015-08-21,1970.8900146484375,28.030000686645508,29.55973110301855
2015-08-24,1893.2099609375,40.7400016784668,25.85383685059973
2015-08-25,1867.6099853515625,36.02000045776367,25.35634046908611
2015-08-26,1940.510009765625,30.31999969482422,21.56471391708973
2015-08-27,1987.6600341796875,26.100000381469727,21.441858782361596
2015-08-28,1988.8699951171875,26.049999237060547,21.45472488984464
2015-08-31,1972.1800537109375,28.43000030517578,22.574589686306496
2015-09-01,1913.8499755859375,31.399999618530273,20.016938043577586
2015-09-02,1948.8599853515625,26.09000015258789,19.618378601659153
2015-09-03,1951.1300048828125,25.610000610351562,20.594035002752175
2015-09-04,1921.219970703125,27.799999237060547,19.8049128575179
2015-09-08,1969.4100341796875,24.899999618530273,18.092663045172646
2015-09-09,1942.0400390625,26.229999542236328,17.48211972624886
2015-09-10,1952.2900390625,24.3700008392334,17.4368000861866
2015-09-11,1961.050048828125,23.200000762939453,17.403233801682376
2015-09-14,1953.030029296875,24.25,17.53731547207819
2015-09-15,1978.0899658203125,22.540000915527344,17.129784762451816
2015-09-16,1995.31005859375,21.350000381469727,17.622081223967108
2015-09-17,1990.199951171875,21.139999389648438,17.629807204871316
2015-09-18,1958.030029296875,22.280000686645508,16.476358688444172
2015-09-21,1966.969970703125,20.139999389648438,16.480733292784024
2015-09-22,1942.739990234375,22.440000534057617,15.930788644715776
2015-09-23,1938.760009765625,22.1299991607666,16.64038980674068
2015-09-24,1932.239990234375,23.469999313354492,16.720999990647538
2015-09-25,1931.3399658203125,23.6200008392334,16.770648492963648
2015-09-28,1881.77001953125,27.6299991607666,13.188297187417488
2015-09-29,1884.0899658203125,26.829999923706055,13.368817013961682
2015-09-30,1920.030029296875,24.5,12.475315458396894
2015-10-01,1923.8199462890625,22.549999237060547,12.833065799357474
2015-10-02,1951.3599853515625,20.940000534057617,12.609554216789725
2015-10-05,1987.050048828125,19.540000915527344,11.447467726636228
2015-10-06,1979.9200439453125,19.399999618530273,11.444423242865238
2015-10-07,1995.8299560546875,18.399999618530273,11.36400287731502
2015-10-08,2013.4300537109375,17.420000076293945,11.158503348076596
2015-10-09,2014.8900146484375,17.079999923706055,11.88925889827179
2015-10-12,2017.4599609375,16.170000076293945,11.88902138101061
2015-10-13,2003.68994140625,17.670000076293945,11.632585678548134
2015-10-14,1994.239990234375,18.030000686645508,12.685246534377805
2015-10-15,2023.8599853515625,16.049999237060547,12.388137233888255
2015-10-16,2033.1099853515625,15.050000190734863,13.335718697442578
2015-10-19,2033.6600341796875,14.979999542236328,13.350390050893187
2015-10-20,2030.77001953125,15.75,14.381198554815711
2015-10-21,2018.93994140625,16.700000762939453,14.18061281713234
2015-10-22,2052.510009765625,14.449999809265137,13.126611029410698
2015-10-23,2075.14990234375,14.460000038146973,12.610970094268433
2015-10-26,2071.179931640625,15.289999961853027,12.589540591622328
2015-10-27,2065.889892578125,15.430000305175781,12.545421560401854
2015-10-28,2090.35009765625,14.329999923706055,11.862105223479393
2015-10-29,2089.409912109375,14.609999656677246,11.970750097862718
2015-10-30,2079.360107421875,15.069999694824219,12.408056805900838
2015-11-02,2104.050048828125,14.149999618530273,12.317656413416323
2015-11-03,2109.7900390625,14.539999961853027,13.153052005682264
2015-11-04,2102.31005859375,15.510000228881836,15.10950866166806
2015-11-05,2099.929931640625,15.050000190734863,15.289519524118745
2015-11-06,2099.199951171875,14.329999923706055,15.429138797254035
2015-11-09,2078.580078125,16.520000457763672,15.290221265508075
2015-11-10,2081.719970703125,15.289999961853027,15.30590999462401
2015-11-11,2075.0,16.059999465942383,16.64367377194341
2015-11-12,2045.969970703125,18.3700008392334,16.113182557096213
2015-11-13,2023.0400390625,20.079999923706055,16.059951842408015
2015-11-16,2053.18994140625,18.15999984741211,16.017461765617217
2015-11-17,2050.43994140625,18.84000015258789,16.90334786327619
2015-11-18,2083.580078125,16.850000381469727,16.891651341565805
2015-11-19,2081.239990234375,16.989999771118164,17.21408534396797
2015-11-20,2089.169921875,15.470000267028809,17.48748032860353
2015-11-23,2086.590087890625,15.619999885559082,18.10160080976929
2015-11-24,2089.139892578125,15.930000305175781,18.093950523092886
2015-11-25,2088.8701171875,15.1899995803833,18.100524466784112
2015-11-27,2090.110107421875,15.119999885559082,18.51876106508898
2015-11-30,2080.409912109375,16.1299991607666,18.61754990243799
2015-12-01,2102.6298828125,14.670000076293945,18.418932275800525
2015-12-02,2079.510009765625,15.90999984741211,18.767636950152273
2015-12-03,2049.6201171875,18.110000610351562,18.1977099657563
2015-12-04,2091.68994140625,14.8100004196167,16.96616450990204
2015-12-07,2077.070068359375,15.84000015258789,18.50109561851693
2015-12-08,2063.590087890625,17.600000381469727,18.662447365699315
2015-12-09,2047.6199951171875,19.610000610351562,18.64618101013782
2015-12-10,2052.22998046875,19.34000015258789,18.937018464555504
2015-12-11,2012.3699951171875,24.389999389648438,19.662462041333157
2015-12-14,2021.93994140625,22.729999542236328,20.648417573599847
2015-12-15,2043.4100341796875,20.950000762939453,21.126724712830523
2015-12-16,2073.070068359375,17.860000610351562,20.12958486701104
2015-12-17,2041.8900146484375,18.940000534057617,19.93933745621227
2015-12-18,2005.550048828125,20.700000762939453,19.57353967222773
2015-12-21,2021.1500244140625,18.700000762939453,20.877984940530304
2015-12-22,2038.969970703125,16.600000381469727,20.898205602422472
2015-12-23,2064.2900390625,15.569999694824219,21.07303972683426
2015-12-24,2060.989990234375,15.739999771118164,21.194278333337042
2015-12-28,2056.5,16.90999984741211,21.457278013015735
2015-12-29,2078.360107421875,16.079999923706055,23.11533894589458
2015-12-30,2063.360107421875,17.290000915527344,23.08824105299808
2015-12-31,2043.93994140625,18.209999084472656,23.65020845732956
2016-01-04,2012.6600341796875,20.700000762939453,23.398281229461823
2016-01-05,2016.7099609375,19.34000015258789,23.38729298844661
2016-01-06,1990.260009765625,20.59000015258789,23.776050237477957
2016-01-07,1943.0899658203125,24.989999771118164,22.90192588323578
2016-01-08,1922.030029296875,27.010000228881836,22.68838624619813
2016-01-11,1923.6700439453125,24.299999237060547,22.676123437419506
2016-01-12,1938.6800537109375,22.469999313354492,22.677363034194308
2016-01-13,1890.280029296875,25.219999313354492,22.361043245272423
2016-01-14,1921.8399658203125,23.950000762939453,22.34402641665667
2016-01-15,1880.3299560546875,27.020000457763672,21.688749142947152
2016-01-19,1881.3299560546875,26.049999237060547,21.782691929866346
2016-01-20,1859.3299560546875,27.59000015258789,21.295991282123904
2016-01-21,1868.989990234375,26.690000534057617,21.72958232310969
2016-01-22,1906.9000244140625,22.34000015258789,21.22444884879066
2016-01-25,1877.0799560546875,24.149999618530273,20.42995262747163
2016-01-26,1903.6300048828125,22.5,20.234710481668813
2016-01-27,1882.949951171875,23.110000610351562,19.79019394943984
2016-01-28,1893.3599853515625,22.420000076293945,20.016324262553333
2016-01-29,1940.239990234375,20.200000762939453,19.889504583853395
2016-02-01,1939.3800048828125,19.979999542236328,19.912079100076166
2016-02-02,1903.030029296875,21.979999542236328,18.53254859746694
2016-02-03,1912.530029296875,21.649999618530273,18.510035816158158
2016-02-04,1915.449951171875,21.84000015258789,18.514001082479272
2016-02-05,1880.050048828125,23.3799991607666,17.629831593305408
2016-02-08,1853.43994140625,26.0,16.56099909630094
2016-02-09,1852.2099609375,26.540000915527344,16.53827756016351
2016-02-10,1851.8599853515625,26.290000915527344,17.06125378731759
2016-02-11,1829.0799560546875,28.139999389648438,16.109170881907737
2016-02-12,1864.780029296875,25.399999618530273,15.340735370771268
2016-02-16,1895.5799560546875,24.110000610351562,14.657862373133316
2016-02-17,1926.8199462890625,22.309999465942383,13.925932961689686
2016-02-18,1917.8299560546875,21.639999389648438,13.670083053741486
2016-02-19,1917.780029296875,20.530000686645508,13.644818241763234
2016-02-22,1945.5,19.3799991607666,13.086790766043757
2016-02-23,1921.27001953125,20.979999542236328,12.352370373294736
2016-02-24,1929.800048828125,20.719999313354492,12.383628859379053
2016-02-25,1951.699951171875,19.110000610351562,11.981451275931498
2016-02-26,1948.050048828125,19.809999465942383,12.110816712872246
2016-02-29,1932.22998046875,20.549999237060547,11.476806304381347
2016-03-01,1978.3499755859375,17.700000762939453,8.858658254961917
2016-03-02,1986.449951171875,17.09000015258789,8.96015902512616
2016-03-03,1993.4000244140625,16.700000762939453,9.121524433304916
2016-03-04,1999.989990234375,16.860000610351562,9.98199408934717
2016-03-07,2001.760009765625,17.350000381469727,10.497346987808744
2016-03-08,1979.260009765625,18.670000076293945,10.61442348614675
2016-03-09,1989.260009765625,18.34000015258789,10.547744133437092
2016-03-10,1989.5699462890625,18.049999237060547,10.637457677885921
2016-03-11,2022.18994140625,16.5,9.658766129480162
2016-03-14,2019.6400146484375,16.920000076293945,10.113978771612677
2016-03-15,2015.9300537109375,16.84000015258789,10.055207213672778
2016-03-16,2027.219970703125,14.989999771118164,9.980600623504447
2016-03-17,2040.5899658203125,14.4399995803833,9.976991416959986
2016-03-18,2049.580078125,14.020000457763672,9.934828221315941
2016-03-21,2051.60009765625,13.789999961853027,9.935671019119079
2016-03-22,2049.800048828125,14.170000076293945,10.158533625040848
2016-03-23,2036.7099609375,14.9399995803833,9.80895426820878
2016-03-24,2035.93994140625,14.739999771118164,9.851782965989264
2016-03-28,2037.050048828125,15.239999771118164,9.851425774790513
2016-03-29,2055.010009765625,13.819999694824219,9.468061228873117
2016-03-30,2063.949951171875,13.5600004196167,10.007707991918727
2016-03-31,2059.739990234375,13.949999809265137,10.150306325683575
2016-04-01,2072.780029296875,13.100000381469727,10.275004673720577
2016-04-04,2066.1298828125,14.119999885559082,10.674112489794622
2016-04-05,2045.1700439453125,15.420000076293945,10.259864549372091
2016-04-06,2066.659912109375,14.09000015258789,9.549448930962274
2016-04-07,2041.9100341796875,16.15999984741211,8.613979489058964
2016-04-08,2047.5999755859375,15.359999656677246,8.570455832000505
2016-04-11,2041.989990234375,16.260000228881836,9.462497619726076
2016-04-12,2061.719970703125,14.850000381469727,9.593878055150878
2016-04-13,2082.419921875,13.84000015258789,8.888967500060843
2016-04-14,2082.780029296875,13.720000267028809,9.315091948007359
2016-04-15,2080.72998046875,13.619999885559082,10.009462259034374
2016-04-18,2094.340087890625,13.350000381469727,10.162061765298892
2016-04-19,2100.800048828125,13.239999771118164,10.061958706050882
2016-04-20,2102.39990234375,13.279999732971191,10.070299053075207
2016-04-21,2091.47998046875,13.949999809265137,10.287291773469285
2016-04-22,2091.580078125,13.220000267028809,10.289096210239206
2016-04-25,2087.7900390625,14.079999923706055,11.453462909612512
2016-04-26,2091.699951171875,13.960000038146973,11.705400232490764
2016-04-27,2095.14990234375,13.770000457763672,11.689597122151456
2016-04-28,2075.81005859375,15.220000267028809,11.287464604879968
2016-04-29,2065.300048828125,15.699999809265137,11.119553987547578
2016-05-02,2081.429931640625,14.680000305175781,10.822597578794653
2016-05-03,2063.3701171875,15.600000381469727,10.323694282518094
2016-05-04,2051.1201171875,16.049999237060547,10.119005815906723
2016-05-05,2050.6298828125,15.90999984741211,10.188913276459068
2016-05-06,2057.139892578125,14.720000267028809,10.167301135911568
2016-05-09,2058.68994140625,14.569999694824219,10.18977541836246
2016-05-10,2084.389892578125,13.630000114440918,9.408354542794063
2016-05-11,2064.4599609375,14.6899995803833,9.355313668735086
2016-05-12,2064.110107421875,14.40999984741211,9.846672271910235
2016-05-13,2046.6099853515625,15.039999961853027,9.347678290299443
2016-05-16,2066.659912109375,14.680000305175781,8.772854461130077
2016-05-17,2047.2099609375,15.569999694824219,8.101013437890698
2016-05-18,2047.6300048828125,15.949999809265137,8.216558587709292
2016-05-19,2040.0400390625,16.329999923706055,8.255401625590842
2016-05-20,2052.320068359375,15.199999809265137,8.080897459355787
2016-05-23,2048.0400390625,15.819999694824219,8.062427011949715
2016-05-24,2076.06005859375,14.420000076293945,8.000652243431098
2016-05-25,2090.5400390625,13.899999618530273,14.98176141348963
2016-05-26,2090.10009765625,13.430000305175781,16.091554361766374
2016-05-27,2099.06005859375,13.119999885559082,17.36855023577787
2016-05-31,2096.949951171875,14.1899995803833,18.495928944633395
2016-06-01,2099.330078125,14.199999809265137,19.12481734386533
2016-06-02,2105.260009765625,13.630000114440918,19.11090546750534
2016-06-03,2099.1298828125,13.470000267028809,19.234290013992535
2016-06-06,2109.409912109375,13.649999618530273,19.250147957975916
2016-06-07,2112.1298828125,14.050000190734863,19.243375738613665
2016-06-08,2119.1201171875,14.079999923706055,19.948093251875147
2016-06-09,2115.47998046875,14.640000343322754,19.963559005766847
2016-06-10,2096.070068359375,17.030000686645508,19.7592546344091
2016-06-13,2079.06005859375,20.969999313354492,19.46867015472433
2016-06-14,2075.320068359375,20.5,19.46425541908761
2016-06-15,2071.5,20.139999389648438,19.44418126391996
2016-06-16,2077.989990234375,19.3700008392334,19.44058569213618
2016-06-17,2071.219970703125,19.40999984741211,19.388552995732287
2016-06-20,2083.25,18.3700008392334,19.358888138749613
2016-06-21,2088.89990234375,18.479999542236328,19.453939153460794
2016-06-22,2085.449951171875,21.170000076293945,19.43748251151931
2016-06-23,2113.320068359375,17.25,19.062668082402073
2016-06-24,2037.4100341796875,25.760000228881836,13.236667910163199
2016-06-27,2000.5400390625,23.850000381469727,10.899059777454125
2016-06-28,2036.0899658203125,18.75,9.685110226861472
2016-06-29,2070.77001953125,16.639999389648438,8.274447568368988
2016-06-30,2098.860107421875,15.630000114440918,7.2846271289011595
2016-07-01,2102.949951171875,14.770000457763672,7.789355509669529
2016-07-05,2088.550048828125,15.579999923706055,7.232713828564618
2016-07-06,2099.72998046875,14.960000038146973,7.123624413858332
2016-07-07,2097.89990234375,14.760000228881836,7.478948957634011
2016-07-08,2129.89990234375,13.199999809265137,5.767481481310925
2016-07-11,2137.159912109375,13.539999961853027,5.711824426842541
2016-07-12,2152.139892578125,13.550000190734863,5.419704090848229
2016-07-13,2152.429931640625,13.039999961853027,5.609055367093167
2016-07-14,2163.75,12.819999694824219,5.3824378034321745
2016-07-15,2161.739990234375,12.670000076293945,5.41685112050524
2016-07-18,2166.889892578125,12.4399995803833,5.770089467144653
2016-07-19,2163.780029296875,11.970000267028809,5.762140557965305
2016-07-20,2173.02001953125,11.770000457763672,5.630921715692816
2016-07-21,2165.169921875,12.739999771118164,5.488391397539877
2016-07-22,2175.030029296875,12.020000457763672,5.285052172108745
2016-07-25,2168.47998046875,12.869999885559082,5.187349549712385
2016-07-26,2169.179931640625,13.050000190734863,5.545553792792081
2016-07-27,2166.580078125,12.829999923706055,5.550920675247963
2016-07-28,2170.06005859375,12.720000267028809,5.553885213527261
2016-07-29,2173.60009765625,11.869999885559082,5.820651699650939
2016-08-01,2170.840087890625,12.4399995803833,5.846470837261043
2016-08-02,2157.030029296875,13.369999885559082,5.435937683472644
2016-08-03,2163.7900390625,12.859999656677246,5.338576341048156
2016-08-04,2164.25,12.420000076293945,5.518906286542683
2016-08-05,2182.8701171875,11.390000343322754,4.756736522802483
2016-08-08,2180.889892578125,11.5,4.744142459908608
2016-08-09,2181.739990234375,11.65999984741211,4.811082029523394
2016-08-10,2175.489990234375,12.050000190734863,9.840311689770393
2016-08-11,2185.7900390625,11.680000305175781,11.081819051616716
2016-08-12,2184.050048828125,11.550000190734863,12.14768765246187
2016-08-15,2190.14990234375,11.8100004196167,12.061888301512735
2016-08-16,2178.14990234375,12.640000343322754,12.591690708109827
2016-08-17,2182.219970703125,12.1899995803833,12.599694320116203
2016-08-18,2187.02001953125,11.430000305175781,12.553273414946483
2016-08-19,2183.8701171875,11.34000015258789,12.560992124817119
2016-08-22,2182.639892578125,12.270000457763672,13.213908742735706
2016-08-23,2186.89990234375,12.380000114440918,13.4082900133775
2016-08-24,2175.43994140625,13.449999809265137,13.433036322381554
2016-08-25,2172.469970703125,13.630000114440918,13.741781738930712
2016-08-26,2169.0400390625,13.649999618530273,13.946666009520586
2016-08-29,2180.3798828125,12.9399995803833,13.95001939742607
2016-08-30,2176.1201171875,13.119999885559082,14.299458088276609
2016-08-31,2170.949951171875,13.420000076293945,14.577007613651666
2016-09-01,2170.860107421875,13.479999542236328,14.619260527207153
2016-09-02,2179.97998046875,11.979999542236328,14.61589281081771
2016-09-06,2186.47998046875,12.020000457763672,14.663816263436724
2016-09-07,2186.159912109375,11.9399995803833,14.66780111967585
2016-09-08,2181.300048828125,12.510000228881836,14.686972523426176
2016-09-09,2127.81005859375,17.5,11.831928500744826
2016-09-12,2159.0400390625,15.15999984741211,11.577468624984355
2016-09-13,2127.02001953125,17.850000381469727,10.321112826897199
2016-09-14,2125.77001953125,18.139999389648438,10.384123204631203
2016-09-15,2147.260009765625,16.299999237060547,9.740685028816817
2016-09-16,2139.159912109375,15.369999885559082,9.710990637378735
2016-09-19,2139.1201171875,15.529999732971191,9.963276163665407
2016-09-20,2139.760009765625,15.920000076293945,9.991653500946292
2016-09-21,2163.1201171875,13.300000190734863,9.199423296015874
2016-09-22,2177.179931640625,12.020000457763672,8.847944031872755
2016-09-23,2164.68994140625,12.289999961853027,8.853509302511023
2016-09-26,2146.10009765625,14.5,8.429389460208805
2016-09-27,2159.929931640625,13.100000381469727,8.105777559234136
2016-09-28,2171.3701171875,12.390000343322754,7.8712973928836245
2016-09-29,2151.1298828125,14.020000457763672,7.295836038308249
2016-09-30,2168.27001953125,13.289999961853027,6.617209008316643
2016-10-03,2161.199951171875,13.569999694824219,6.8831114176392205
2016-10-04,2150.489990234375,13.630000114440918,7.015292136380415
2016-10-05,2159.72998046875,12.989999771118164,6.806552869944063
2016-10-06,2160.77001953125,12.84000015258789,6.76459467496703
2016-10-07,2153.739990234375,13.479999542236328,10.595228624068243
2016-10-10,2163.659912109375,13.380000114440918,10.548772368496591
2016-10-11,2136.72998046875,15.359999656677246,10.326735932628628
2016-10-12,2139.179931640625,15.90999984741211,10.335947167446664
2016-10-13,2132.550048828125,16.690000534057617,10.275114219891355
2016-10-14,2132.97998046875,16.1200008392334,10.277666448381737
2016-10-17,2126.5,16.209999084472656,10.438956101366752
2016-10-18,2139.60009765625,15.279999732971191,10.319746103051855
2016-10-19,2144.2900390625,14.40999984741211,10.396387131786359
2016-10-20,2141.340087890625,13.75,10.430715769080239
2016-10-21,2141.159912109375,13.34000015258789,10.66441690698795
2016-10-24,2151.330078125,13.020000457763672,10.595403341022028
2016-10-25,2143.159912109375,13.460000038146973,10.44417166029591
2016-10-26,2139.429931640625,14.239999771118164,10.416835392992063
2016-10-27,2133.0400390625,15.359999656677246,10.572485744175523
2016-10-28,2126.409912109375,16.190000534057617,10.438900200641326
2016-10-31,2126.14990234375,17.059999465942383,10.53180167489544
2016-11-01,2111.719970703125,18.559999465942383,10.25900999129388
2016-11-02,2097.93994140625,19.31999969482422,9.823605470845528
2016-11-03,2088.659912109375,22.079999923706055,9.605096171234246
2016-11-04,2085.179931640625,22.510000228881836,9.482749403107212
2016-11-07,2131.52001953125,18.709999084472656,7.512634402115796
2016-11-08,2139.56005859375,18.739999771118164,7.496255794056136
2016-11-09,2163.260009765625,14.380000114440918,6.938208869037721
2016-11-10,2167.47998046875,14.739999771118164,7.027026052109371
2016-11-11,2164.449951171875,14.170000076293945,7.089906131747653
2016-11-14,2164.199951171875,14.479999542236328,7.931669950545392
2016-11-15,2180.389892578125,13.369999885559082,7.711025506204116
2016-11-16,2176.93994140625,13.720000267028809,7.720428147096217
2016-11-17,2187.1201171875,13.350000381469727,7.6479828037905655
2016-11-18,2181.89990234375,12.850000381469727,7.534370980759597
2016-11-21,2198.179931640625,12.420000076293945,7.397220572926916
2016-11-22,2202.93994140625,12.40999984741211,7.4780543235644785
2016-11-23,2204.719970703125,12.430000305175781,7.476417304080305
2016-11-25,2213.35009765625,12.34000015258789,7.424261579633735
2016-11-28,2201.719970703125,13.149999618530273,7.833610424400685
2016-11-29,2204.659912109375,12.899999618530273,7.845956938389478
2016-11-30,2198.81005859375,13.329999923706055,7.990380053641988
2016-12-01,2191.080078125,14.069999694824219,8.235919467160404
2016-12-02,2191.949951171875,14.119999885559082,8.356545277846948
2016-12-05,2204.7099609375,12.140000343322754,8.257664450868917
2016-12-06,2212.22998046875,11.789999961853027,8.26102939605297
2016-12-07,2241.35009765625,12.220000267028809,7.237873883210885
2016-12-08,2246.18994140625,12.640000343322754,7.217262566588922
2016-12-09,2259.530029296875,11.75,6.999509909967924
2016-12-12,2256.9599609375,12.640000343322754,7.0348435554325475
2016-12-13,2271.719970703125,12.720000267028809,6.6909216176966755
2016-12-14,2253.280029296875,13.1899995803833,6.104976905596846
2016-12-15,2262.030029296875,12.789999961853027,5.992200616999986
2016-12-16,2258.070068359375,12.199999809265137,6.102739674922033
2016-12-19,2262.530029296875,11.710000038146973,6.174375451667223
2016-12-20,2270.760009765625,11.449999809265137,6.118008322106771
2016-12-21,2265.179931640625,11.270000457763672,6.468398083750358
2016-12-22,2260.9599609375,11.430000305175781,6.9351109395413
2016-12-23,2263.7900390625,11.4399995803833,6.95228896998025
2016-12-27,2268.8798828125,11.989999771118164,6.947957829018074
2016-12-28,2249.919921875,12.949999809265137,6.604905273717049
2016-12-29,2249.260009765625,13.369999885559082,6.618884224816414
2016-12-30,2238.830078125,14.039999961853027,6.338446078246879
2017-01-03,2257.830078125,12.850000381469727,5.705298221886375
2017-01-04,2270.75,11.850000381469727,5.903333634491624
2017-01-05,2269.0,11.670000076293945,5.959637046387388
2017-01-06,2276.97998046875,11.319999694824219,5.857738184372419
2017-01-09,2268.89990234375,11.5600004196167,5.68452910610843
2017-01-10,2268.89990234375,11.489999771118164,5.956909497832606
2017-01-11,2275.320068359375,11.260000228881836,5.99350639313882
2017-01-12,2270.43994140625,11.539999961853027,6.073778264034916
2017-01-13,2274.639892578125,11.229999542236328,6.148082331972058
2017-01-17,2267.889892578125,11.869999885559082,6.068516167915561
2017-01-18,2271.889892578125,12.479999542236328,6.131831429196383
2017-01-19,2263.68994140625,12.779999732971191,5.8366478466042695
2017-01-20,2271.31005859375,11.539999961853027,5.99729807454901
2017-01-23,2265.199951171875,11.770000457763672,5.865231099284814
2017-01-24,2280.070068359375,11.069999694824219,5.648397751003559
2017-01-25,2298.3701171875,10.8100004196167,5.166570313790129
2017-01-26,2296.679931640625,10.630000114440918,5.110308105222053
2017-01-27,2294.68994140625,10.579999923706055,5.2428289927024805
2017-01-30,2280.89990234375,11.880000114440918,6.072612258294686
2017-01-31,2278.8701171875,11.989999771118164,6.627570377859487
2017-02-01,2279.550048828125,11.8100004196167,6.620888864080969
2017-02-02,2280.85009765625,11.930000305175781,6.864265031987705
2017-02-03,2297.419921875,10.970000267028809,6.776101685907538
2017-02-06,2292.56005859375,11.369999885559082,6.7875681369343726
2017-02-07,2293.080078125,11.289999961853027,6.7775540794590405
2017-02-08,2294.669921875,11.449999809265137,6.798977386663364
2017-02-09,2307.8701171875,10.880000114440918,6.638995310664869
2017-02-10,2316.10009765625,10.850000381469727,6.780079840708822
2017-02-13,2328.25,11.069999694824219,7.102094247410161
2017-02-14,2337.580078125,10.739999771118164,7.0853351096830774
2017-02-15,2349.25,11.970000267028809,6.96130495934979
2017-02-16,2347.219970703125,11.760000228881836,7.002617757616549
2017-02-17,2351.159912109375,11.489999771118164,8.307285811430608
2017-02-21,2365.3798828125,11.569999694824219,8.038958260157312
2017-02-22,2362.820068359375,11.739999771118164,8.038706967517884
2017-02-23,2363.81005859375,11.710000038146973,8.035570788886917
2017-02-24,2367.340087890625,11.470000267028809,8.008063706392994
2017-02-27,2369.75,12.09000015258789,8.435637929436353
2017-02-28,2363.639892578125,12.920000076293945,8.402132644923988
2017-03-01,2395.9599609375,12.539999961853027,6.9008072465125885
2017-03-02,2381.919921875,11.8100004196167,6.658930876067487
2017-03-03,2383.1201171875,10.960000038146973,6.664346224256519
2017-03-06,2375.31005859375,11.239999771118164,6.593843590316354
2017-03-07,2368.389892578125,11.449999809265137,6.601108420575709
2017-03-08,2362.97998046875,11.859999656677246,6.603643513099025
2017-03-09,2364.8701171875,12.300000190734863,6.599433925429053
2017-03-10,2372.60009765625,11.65999984741211,6.489086822521297
2017-03-13,2373.469970703125,11.350000381469727,6.49539322480632
2017-03-14,2365.449951171875,12.300000190734863,6.5188595913914655
2017-03-15,2385.260009765625,11.630000114440918,6.054275206677802
2017-03-16,2381.3798828125,11.210000038146973,6.920189660549335
2017-03-17,2378.25,11.279999732971191,6.961290271770054
2017-03-20,2373.469970703125,11.34000015258789,6.955196297329555
2017-03-21,2344.02001953125,12.470000267028809,6.088525292969315
2017-03-22,2348.449951171875,12.8100004196167,6.159294016478351
2017-03-23,2345.9599609375,13.119999885559082,7.18234521865484
2017-03-24,2343.97998046875,12.960000038146973,7.407001076404464
2017-03-27,2341.590087890625,12.5,7.39186342240344
2017-03-28,2358.570068359375,11.529999732971191,7.0275303184086635
2017-03-29,2361.1298828125,11.420000076293945,7.078416613758702
2017-03-30,2368.06005859375,11.539999961853027,7.0377918694905155
2017-03-31,2362.719970703125,12.369999885559082,6.974421933717637
2017-04-03,2358.840087890625,12.380000114440918,6.960746789762387
2017-04-04,2360.159912109375,11.789999961853027,6.960739627108121
2017-04-05,2352.949951171875,12.890000343322754,6.928573331808886
2017-04-06,2357.489990234375,12.390000343322754,6.925175045394701
2017-04-07,2355.5400390625,12.869999885559082,6.931524417718787
2017-04-10,2357.159912109375,14.050000190734863,6.932078678123872
2017-04-11,2353.780029296875,15.069999694824219,6.966938983852448
2017-04-12,2344.929931640625,15.770000457763672,6.820888279835902
2017-04-13,2328.949951171875,15.960000038146973,6.323208407338665
2017-04-17,2349.010009765625,14.65999984741211,5.805819838985949
2017-04-18,2342.18994140625,14.420000076293945,8.811834934439903
2017-04-19,2338.169921875,14.930000305175781,8.854324376026264
2017-04-20,2355.840087890625,14.149999618530273,8.780394762550305
2017-04-21,2348.68994140625,14.630000114440918,8.820037239147261
2017-04-24,2374.14990234375,10.84000015258789,8.071110739029699
2017-04-25,2388.610107421875,10.760000228881836,7.850874705901975
2017-04-26,2387.449951171875,10.850000381469727,7.971692818260075
2017-04-27,2388.77001953125,10.359999656677246,7.9721153011829555
2017-04-28,2384.199951171875,10.819999694824219,7.948378160421528
2017-05-01,2388.330078125,10.109999656677246,7.944295265048776
2017-05-02,2391.169921875,10.59000015258789,8.313495890780107
2017-05-03,2388.1298828125,10.680000305175781,8.338158532571084
2017-05-04,2389.52001953125,10.460000038146973,8.372920723393715
2017-05-05,2399.2900390625,10.569999694824219,8.383984533236623
2017-05-08,2399.3798828125,9.770000457763672,8.387967587939821
2017-05-09,2396.919921875,9.960000038146973,8.367054508178136
2017-05-10,2399.6298828125,10.210000038146973,8.382698159659324
2017-05-11,2394.43994140625,10.600000381469727,8.342781312598813
2017-05-12,2390.89990234375,10.399999618530273,8.4038433236654
2017-05-15,2402.320068359375,10.420000076293945,8.312931273108852
2017-05-16,2400.669921875,10.649999618530273,8.36293759349255
2017-05-17,2357.030029296875,15.59000015258789,4.745491126320803
2017-05-18,2365.719970703125,14.65999984741211,5.255865028648213
2017-05-19,2381.72998046875,12.039999961853027,5.6900676837163475
2017-05-22,2394.02001953125,10.930000305175781,5.519337561690476
2017-05-23,2398.419921875,10.720000267028809,5.523283312292999
2017-05-24,2404.389892578125,10.020000457763672,5.495022768734463
2017-05-25,2415.070068359375,9.989999771118164,5.321923141785888
2017-05-26,2415.820068359375,9.8100004196167,6.096119804766188
2017-05-30,2412.909912109375,10.380000114440918,6.774680976202285
2017-05-31,2411.800048828125,10.40999984741211,7.482747120072607
2017-06-01,2430.06005859375,9.890000343322754,7.009859037030824
2017-06-02,2439.070068359375,9.75,6.930094843126305
2017-06-05,2436.10009765625,10.069999694824219,6.942229847096656
2017-06-06,2429.330078125,10.449999809265137,7.6159557845462995
2017-06-07,2433.139892578125,10.390000343322754,7.947012241805497
2017-06-08,2433.7900390625,10.15999984741211,7.954728655440162
2017-06-09,2431.77001953125,10.699999809265137,7.954216280742626
2017-06-12,2429.389892578125,11.460000038146973,8.346868465530475
2017-06-13,2440.35009765625,10.420000076293945,8.22782499846372
2017-06-14,2437.919921875,10.640000343322754,8.361297676200858
2017-06-15,2432.4599609375,10.899999618530273,8.30785326605796
2017-06-16,2433.14990234375,10.380000114440918,8.307442193250566
2017-06-19,2453.4599609375,10.369999885559082,8.016869114474051
2017-06-20,2437.030029296875,10.859999656677246,7.594377361601702
2017-06-21,2435.610107421875,10.75,7.5901449642620324
2017-06-22,2434.5,10.479999542236328,7.604898932457714
2017-06-23,2438.300048828125,10.020000457763672,7.639036740753795
2017-06-26,2439.070068359375,9.899999618530273,7.63928392601691
2017-06-27,2419.3798828125,11.0600004196167,6.967428617960329
2017-06-28,2440.68994140625,10.029999732971191,6.422390931751744
2017-06-29,2419.699951171875,11.4399995803833,5.506840123078738
2017-06-30,2423.409912109375,11.180000305175781,5.52733565379128
2017-07-03,2429.010009765625,11.220000267028809,5.5101522641900065
2017-07-05,2432.5400390625,11.069999694824219,5.610968339450587
2017-07-06,2409.75,12.539999961853027,4.220261023902948
2017-07-07,2425.179931640625,11.1899995803833,3.8006400214194387
2017-07-10,2427.429931640625,11.109999656677246,3.989682218692546
2017-07-11,2425.530029296875,10.890000343322754,3.9696898192973533
2017-07-12,2443.25,10.300000190734863,6.180057368957807
2017-07-13,2447.830078125,9.899999618530273,6.159460191951975
2017-07-14,2459.27001953125,9.510000228881836,6.912565314152563
2017-07-17,2459.139892578125,9.819999694824219,6.9157543419789524
2017-07-18,2460.610107421875,9.890000343322754,6.928956698573524
2017-07-19,2473.830078125,9.789999961853027,8.545632521944542
2017-07-20,2473.449951171875,9.579999923706055,8.548219017261921
2017-07-21,2472.5400390625,9.359999656677246,8.577300923996829
2017-07-24,2469.909912109375,9.430000305175781,9.349095387022025
2017-07-25,2477.1298828125,9.430000305175781,9.330320093510068
2017-07-26,2477.830078125,9.600000381469727,9.33670378741375
2017-07-27,2475.419921875,10.109999656677246,9.373709190734942
2017-07-28,2472.10009765625,10.289999961853027,9.377536755921263
2017-07-31,2470.300048828125,10.260000228881836,9.389335064872052
2017-08-01,2476.35009765625,10.09000015258789,9.502737672666708
2017-08-02,2477.570068359375,10.279999732971191,9.730598374096946
2017-08-03,2472.159912109375,10.4399995803833,9.725848548472964
2017-08-04,2476.830078125,10.029999732971191,10.052145577948366
2017-08-07,2480.909912109375,9.930000305175781,10.102336673944684
2017-08-08,2474.919921875,10.960000038146973,10.072825552294763
2017-08-09,2474.02001953125,11.109999656677246,10.082833142170763
2017-08-10,2438.2099609375,16.040000915527344,9.338980086857047
2017-08-11,2441.320068359375,15.510000228881836,9.375514411977813
2017-08-14,2465.840087890625,12.329999923706055,8.795057895070602
2017-08-15,2464.610107421875,12.039999961853027,8.807216762048
2017-08-16,2468.110107421875,11.739999771118164,8.813477567274603
2017-08-17,2430.010009765625,15.550000190734863,6.5629324929563815
2017-08-18,2425.550048828125,14.260000228881836,6.456868369427767
2017-08-21,2428.3701171875,13.1899995803833,6.463616633201704
2017-08-22,2452.510009765625,11.350000381469727,5.88584937589402
2017-08-23,2444.0400390625,12.25,5.66830964774654
2017-08-24,2438.969970703125,12.229999542236328,5.679041744679868
2017-08-25,2443.050048828125,11.279999732971191,5.686252444030475
2017-08-28,2444.239990234375,11.319999694824219,5.777737900859694
2017-08-29,2446.300048828125,11.699999809265137,5.776212925721719
2017-08-30,2457.590087890625,11.220000267028809,5.71764218751859
2017-08-31,2471.64990234375,10.59000015258789,5.567940128982925
2017-09-01,2476.550048828125,10.130000114440918,5.571799866017011
2017-09-05,2457.85009765625,12.229999542236328,4.591496577540781
2017-09-06,2465.5400390625,11.630000114440918,4.779889755456683
2017-09-07,2465.10009765625,11.550000190734863,4.832669418923054
2017-09-08,2461.429931640625,12.119999885559082,4.859302206131256
2017-09-11,2488.110107421875,10.729999542236328,3.549038053770111
2017-09-12,2496.47998046875,10.579999923706055,3.468826591371931
2017-09-13,2498.3701171875,10.5,3.600887493202825
2017-09-14,2495.6201171875,10.4399995803833,3.520327114901368
2017-09-15,2500.22998046875,10.170000076293945,3.5178663977999505
2017-09-18,2503.8701171875,10.149999618530273,3.5178332803699592
2017-09-19,2506.64990234375,10.180000305175781,3.5192707812646224
2017-09-20,2508.239990234375,9.779999732971191,3.525163441978613
2017-09-21,2500.60009765625,9.670000076293945,3.4725262737769103
2017-09-22,2502.219970703125,9.59000015258789,3.937784368147869
2017-09-25,2496.659912109375,10.210000038146973,3.7391915715952546
2017-09-26,2496.840087890625,10.170000076293945,4.269421231864958
2017-09-27,2507.0400390625,9.869999885559082,4.13444546739817
2017-09-28,2510.06005859375,9.550000190734863,4.800919024741591
2017-09-29,2519.360107421875,9.510000228881836,4.963565780783933
2017-10-02,2529.1201171875,9.449999809265137,4.85292231762036
2017-10-03,2534.580078125,9.510000228881836,4.837826637169075
2017-10-04,2537.739990234375,9.630000114440918,4.840325525617297
2017-10-05,2552.070068359375,9.1899995803833,4.593602390441507
2017-10-06,2549.330078125,9.649999618530273,4.553521103488252
2017-10-09,2544.72998046875,10.329999923706055,4.47177979628028
2017-10-10,2550.639892578125,10.079999923706055,4.44573939575021
2017-10-11,2555.239990234375,9.850000381469727,4.700620043504607
2017-10-12,2550.929931640625,9.90999984741211,4.66113836698704
2017-10-13,2553.169921875,9.609999656677246,4.662124066745754
2017-10-16,2557.639892578125,9.90999984741211,4.746094256503362
2017-10-17,2559.360107421875,10.3100004196167,5.169303734462076
2017-10-18,2561.260009765625,10.069999694824219,5.876593133298959
2017-10-19,2562.10009765625,10.050000190734863,5.972911221622098
2017-10-20,2575.2099609375,9.970000267028809,5.727980198952095
2017-10-23,2564.97998046875,11.069999694824219,5.9303765678743705
2017-10-24,2569.1298828125,11.15999984741211,5.937342820803414
2017-10-25,2557.14990234375,11.229999542236328,5.646755699042619
2017-10-26,2560.39990234375,11.300000190734863,5.659785182098836
2017-10-27,2581.070068359375,9.800000190734863,5.969484398001259
2017-10-30,2572.830078125,10.5,5.806590210295832
2017-10-31,2575.260009765625,10.180000305175781,6.31694826208321
2017-11-01,2579.360107421875,10.199999809265137,6.420760686735602
2017-11-02,2579.85009765625,9.930000305175781,6.458408477303544
2017-11-03,2587.840087890625,9.140000343322754,6.623294424304822
2017-11-06,2591.1298828125,9.399999618530273,6.6272604812723275
2017-11-07,2590.639892578125,9.890000343322754,6.662691344564756
2017-11-08,2594.3798828125,9.779999732971191,6.853382632309786
2017-11-09,2584.6201171875,10.5,6.659965031947325
2017-11-10,2582.300048828125,11.289999961853027,6.608770156172438
2017-11-13,2584.840087890625,11.5,6.641878845980907
2017-11-14,2578.8701171875,11.59000015258789,6.793317550990589
2017-11-15,2564.6201171875,13.130000114440918,6.798757458325932
2017-11-16,2585.639892578125,11.760000228881836,6.543545784039917
2017-11-17,2578.85009765625,11.430000305175781,6.599384773232986
2017-11-20,2582.139892578125,10.649999618530273,6.662715974146698
2017-11-21,2599.030029296875,9.729999542236328,6.435658605213003
2017-11-22,2597.080078125,9.880000114440918,6.423324708987502
2017-11-24,2602.419921875,9.670000076293945,6.483151775771964
2017-11-27,2601.419921875,9.869999885559082,6.4549453681348705
2017-11-28,2627.0400390625,10.029999732971191,5.704863408079438
2017-11-29,2626.070068359375,10.699999809265137,6.09180018063952
2017-11-30,2647.580078125,11.279999732971191,6.108740630148452
2017-12-01,2642.219970703125,11.430000305175781,6.299269569407256
2017-12-04,2639.43994140625,11.680000305175781,6.309736681996108
2017-12-05,2629.570068359375,11.329999923706055,6.282577245423349
2017-12-06,2629.27001953125,11.020000457763672,6.236753857523939
2017-12-07,2636.97998046875,10.15999984741211,6.234926538655172
2017-12-08,2651.5,9.579999923706055,6.191309573157875
2017-12-11,2659.989990234375,9.34000015258789,6.442685593596526
2017-12-12,2664.110107421875,9.920000076293945,6.654565755687132
2017-12-13,2662.85009765625,10.180000305175781,6.885803587426772
2017-12-14,2652.010009765625,10.489999771118164,6.968216297626569
2017-12-15,2675.81005859375,9.420000076293945,6.719504962644689
2017-12-18,2690.159912109375,9.529999732971191,6.668996721474747
2017-12-19,2681.469970703125,10.029999732971191,6.679761555560952
2017-12-20,2679.25,9.720000267028809,6.564636696108497
2017-12-21,2684.570068359375,9.619999885559082,6.66097956506181
2017-12-22,2683.340087890625,9.899999618530273,6.6087661669104065
2017-12-26,2680.5,10.25,7.163172299137935
2017-12-27,2682.6201171875,10.470000267028809,7.9319029753119
2017-12-28,2687.5400390625,10.180000305175781,9.28019673047676
2017-12-29,2673.610107421875,11.039999961853027,8.900248905319808
2018-01-02,2695.81005859375,9.770000457763672,8.719145161486917
2018-01-03,2713.06005859375,9.149999618530273,11.807763565392005
2018-01-04,2723.989990234375,9.220000267028809,18.84759033073943
2018-01-05,2743.14990234375,9.220000267028809,19.736353705369154
2018-01-08,2747.7099609375,9.520000457763672,19.765176927678407
2018-01-09,2751.2900390625,10.079999923706055,23.535931836756443
2018-01-10,2748.22998046875,9.819999694824219,24.334643934329428
2018-01-11,2767.56005859375,9.880000114440918,24.772681855164873
2018-01-12,2786.239990234375,10.15999984741211,24.63143204163086
2018-01-16,2776.419921875,11.65999984741211,25.197548378264482
2018-01-17,2802.56005859375,11.90999984741211,25.354294735212218
2018-01-18,2798.030029296875,12.220000267028809,25.359821883934785
2018-01-19,2810.300048828125,11.270000457763672,25.32748082180843
2018-01-22,2832.969970703125,11.029999732971191,25.110596392313443
2018-01-23,2839.1298828125,11.100000381469727,25.087322618010443
2018-01-24,2837.5400390625,11.470000267028809,25.86896679857324
2018-01-25,2839.25,11.579999923706055,26.26659150911991
2018-01-26,2872.8701171875,11.079999923706055,26.13815402383604
2018-01-29,2853.530029296875,13.84000015258789,26.279362018153517
2018-01-30,2822.429931640625,14.789999961853027,26.393747406746765
2018-01-31,2823.81005859375,13.539999961853027,26.50634510900296
2018-02-01,2821.97998046875,13.470000267028809,26.89972251798184
2018-02-02,2762.1298828125,17.309999465942383,25.95428388649765
2018-02-05,2648.93994140625,37.31999969482422,21.18819148662468
2018-02-06,2695.139892578125,29.979999542236328,20.426515584754316
2018-02-07,2681.659912109375,27.729999542236328,21.07614897497398
2018-02-08,2581.0,33.459999084472656,15.321135636983593
2018-02-09,2619.550048828125,29.059999465942383,15.121460342573883
2018-02-12,2656.0,25.610000610351562,14.804235534206578
2018-02-13,2662.93994140625,24.969999313354492,14.82306742966824
2018-02-14,2698.6298828125,19.260000228881836,14.187787733401178
2018-02-15,2731.199951171875,19.1299991607666,14.525072117757901
2018-02-16,2732.219970703125,19.459999084472656,14.53679071414399
2018-02-20,2716.260009765625,20.600000381469727,14.408204424711835
2018-02-21,2701.330078125,20.020000457763672,16.817464761085553
2018-02-22,2703.9599609375,18.719999313354492,18.182391952637424
2018-02-23,2747.300048828125,16.489999771118164,19.85471503931872
2018-02-26,2779.60009765625,15.800000190734863,19.967564831697764
2018-02-27,2744.280029296875,18.59000015258789,19.644951811361473
2018-02-28,2713.830078125,19.850000381469727,20.140121918678876
2018-03-01,2677.669921875,22.469999313354492,21.065353958342648
2018-03-02,2691.25,19.59000015258789,21.523447122715766
2018-03-05,2720.93994140625,18.729999542236328,21.562399678005786
2018-03-06,2728.1201171875,18.360000610351562,21.709072952473047
2018-03-07,2726.800048828125,17.760000228881836,22.891705655468524
2018-03-08,2738.969970703125,16.540000915527344,22.85397002220222
2018-03-09,2786.570068359375,14.640000343322754,22.786151176375625
2018-03-12,2783.02001953125,15.779999732971191,22.81058853583204
2018-03-13,2765.31005859375,16.350000381469727,23.054595876359045
2018-03-14,2749.47998046875,17.229999542236328,23.01396277761665
2018-03-15,2747.330078125,16.59000015258789,23.25893883197299
2018-03-16,2752.010009765625,15.800000190734863,23.601813879665507
2018-03-19,2712.919921875,19.020000457763672,23.086937914648253
2018-03-20,2716.93994140625,18.200000762939453,23.161080875497834
2018-03-21,2711.929931640625,17.860000610351562,23.329920822442638
2018-03-22,2643.68994140625,23.34000015258789,21.524331357269386
2018-03-23,2588.260009765625,24.8700008392334,20.695448470432133
2018-03-26,2658.550048828125,21.030000686645508,18.434584347270494
2018-03-27,2612.6201171875,22.5,17.689414778397712
2018-03-28,2605.0,22.8700008392334,17.63243364276602
2018-03-29,2640.8701171875,19.969999313354492,17.304441814347005
2018-04-02,2581.8798828125,23.6200008392334,15.210114776281658
2018-04-03,2614.449951171875,21.100000381469727,14.913040534540503
2018-04-04,2644.68994140625,20.059999465942383,14.372730610198792
2018-04-05,2662.840087890625,18.940000534057617,14.87589469567962
2018-04-06,2604.469970703125,21.489999771118164,12.525680902522884
2018-04-09,2613.159912109375,21.770000457763672,12.51163099427967
2018-04-10,2656.8701171875,20.469999313354492,11.624624152935073
2018-04-11,2642.18994140625,20.239999771118164,11.754648091504487
2018-04-12,2663.989990234375,18.489999771118164,11.494900103851647
2018-04-13,2656.300048828125,17.40999984741211,11.402717271742583
2018-04-16,2677.840087890625,16.559999465942383,11.459435296042011
2018-04-17,2706.389892578125,15.25,10.951712522812668
2018-04-18,2708.639892578125,15.600000381469727,10.95664892545602
2018-04-19,2693.1298828125,15.960000038146973,10.795951747339997
2018-04-20,2670.139892578125,16.8799991607666,10.544658564538222
2018-04-23,2670.2900390625,16.34000015258789,10.64254527678532
2018-04-24,2634.56005859375,18.020000457763672,9.274790964689144
2018-04-25,2639.39990234375,17.84000015258789,9.366380066856284
2018-04-26,2666.93994140625,16.239999771118164,8.883415939745673
2018-04-27,2669.909912109375,15.40999984741211,9.895404680579013
2018-04-30,2648.050048828125,15.930000305175781,10.246491884882005
2018-05-01,2654.800048828125,15.489999771118164,10.623076201507335
2018-05-02,2635.669921875,15.970000267028809,10.719587840466744
2018-05-03,2629.72998046875,15.899999618530273,10.655482480036367
2018-05-04,2663.419921875,14.770000457763672,9.930028503268609
2018-05-07,2672.6298828125,14.75,10.20764291215172
2018-05-08,2671.919921875,14.710000038146973,10.219953963621824
2018-05-09,2697.7900390625,13.420000076293945,9.825999849482477
2018-05-10,2723.070068359375,13.229999542236328,9.394893879679685
2018-05-11,2727.719970703125,12.649999618530273,9.395231026390414
2018-05-14,2730.1298828125,12.930000305175781,9.55736265231932
2018-05-15,2711.449951171875,14.630000114440918,9.15410046291868
2018-05-16,2722.4599609375,13.420000076293945,9.125687752322063
2018-05-17,2720.1298828125,13.430000305175781,9.168658282937574
2018-05-18,2712.969970703125,13.420000076293945,9.24944243694532
2018-05-21,2733.010009765625,13.079999923706055,8.95172839669988
2018-05-22,2724.43994140625,13.220000267028809,9.187863534470047
2018-05-23,2733.2900390625,12.579999923706055,9.14710983424892
2018-05-24,2727.760009765625,12.529999732971191,10.368017502389232
2018-05-25,2721.330078125,13.220000267028809,10.367986126054099
2018-05-29,2689.860107421875,17.020000457763672,9.989044980992567
2018-05-30,2724.010009765625,14.9399995803833,9.194468853764642
2018-05-31,2705.27001953125,15.430000305175781,8.860816993355877
2018-06-01,2734.6201171875,13.460000038146973,8.069353417210182
2018-06-04,2746.8701171875,12.739999771118164,8.052045105437008
2018-06-05,2748.800048828125,12.399999618530273,8.65160938816455
2018-06-06,2772.35009765625,11.640000343322754,8.64078183243616
2018-06-07,2770.3701171875,12.130000114440918,9.181307824966256
2018-06-08,2779.030029296875,12.180000305175781,9.195784681652535
2018-06-11,2782.0,12.350000381469727,9.535473956300377
2018-06-12,2786.85009765625,12.34000015258789,10.002641554412326
2018-06-13,2775.6298828125,12.9399995803833,9.886382885892274
2018-06-14,2782.489990234375,12.119999885559082,9.87011738023186
2018-06-15,2779.659912109375,11.979999542236328,9.938803922210097
2018-06-18,2773.75,12.3100004196167,9.906335729771643
2018-06-19,2762.590087890625,13.350000381469727,9.902098754848831
2018-06-20,2767.320068359375,12.789999961853027,9.911319517356716
2018-06-21,2749.760009765625,14.640000343322754,9.58800546587823
2018-06-22,2754.8798828125,13.770000457763672,9.674208995752151
2018-06-25,2717.070068359375,17.329999923706055,8.383031979140759
2018-06-26,2723.06005859375,15.920000076293945,8.577746684057544
2018-06-27,2699.6298828125,17.90999984741211,8.281830556829776
2018-06-28,2716.31005859375,16.850000381469727,8.563608462046478
2018-06-29,2718.3701171875,16.09000015258789,8.637651994196158
2018-07-02,2726.7099609375,15.600000381469727,8.672081928341079
2018-07-03,2713.219970703125,16.139999389648438,8.417657167950198
2018-07-05,2736.610107421875,14.970000267028809,8.132370717486978
2018-07-06,2759.820068359375,13.369999885559082,7.795453600638588
2018-07-09,2784.169921875,12.6899995803833,7.35842540622909
2018-07-10,2793.840087890625,12.640000343322754,7.330436679889744
2018-07-11,2774.02001953125,13.630000114440918,6.7733366570009155
2018-07-12,2798.2900390625,12.579999923706055,6.827165800182189
2018-07-13,2801.31005859375,12.180000305175781,7.00696567184438
2018-07-16,2798.429931640625,12.829999923706055,7.286688775643407
2018-07-17,2809.550048828125,12.0600004196167,7.726249573836908
2018-07-18,2815.6201171875,12.100000381469727,8.156944823198508
2018-07-19,2804.489990234375,12.869999885559082,8.053184393874705
2018-07-20,2801.830078125,12.859999656677246,8.047325203824329
2018-07-23,2806.97998046875,12.619999885559082,8.050985697249859
2018-07-24,2820.39990234375,12.40999984741211,7.939546260374662
2018-07-25,2846.070068359375,12.289999961853027,7.364873428430463
2018-07-26,2837.43994140625,12.140000343322754,7.547068779113797
2018-07-27,2818.820068359375,13.029999732971191,7.443980056715217
2018-07-30,2802.60009765625,14.260000228881836,7.0021898975583845
2018-07-31,2816.2900390625,12.829999923706055,7.055689148004116
2018-08-01,2813.360107421875,13.149999618530273,7.3111429089957864
2018-08-02,2827.219970703125,12.1899995803833,7.213674397855632
2018-08-03,2840.35009765625,11.640000343322754,7.16923103888341
2018-08-06,2850.39990234375,11.270000457763672,7.216137729675558
2018-08-07,2858.449951171875,10.930000305175781,7.317144194593475
2018-08-08,2857.699951171875,10.850000381469727,7.368028192653966
2018-08-09,2853.580078125,11.270000457763672,7.363160708017502
2018-08-10,2833.280029296875,13.15999984741211,6.911451054240036
2018-08-13,2821.929931640625,14.779999732971191,6.681175584439108
2018-08-14,2839.9599609375,13.3100004196167,6.5823188766181815
2018-08-15,2818.3701171875,14.640000343322754,5.7881015490167655
2018-08-16,2840.68994140625,13.449999809265137,5.779020268686223
2018-08-17,2850.1298828125,12.640000343322754,5.931908643044199
2018-08-20,2857.050048828125,12.489999771118164,5.907700171965127
2018-08-21,2862.9599609375,12.859999656677246,6.37443365709082
2018-08-22,2861.820068359375,12.25,6.373555940911232
2018-08-23,2856.97998046875,12.40999984741211,6.505253333956425
2018-08-24,2874.68994140625,11.989999771118164,6.271024592300642
2018-08-27,2896.739990234375,12.15999984741211,5.871264921585297
2018-08-28,2897.52001953125,12.5,5.940521726973082
2018-08-29,2914.0400390625,12.25,5.604482821395756
2018-08-30,2901.1298828125,13.529999732971191,5.495572652298651
2018-08-31,2901.52001953125,12.859999656677246,5.501683941434552
2018-09-04,2896.719970703125,13.15999984741211,5.453400267086859
2018-09-05,2888.60009765625,13.90999984741211,6.139294633836577
2018-09-06,2878.050048828125,14.649999618530273,6.321084017889703
2018-09-07,2871.679931640625,14.880000114440918,6.267396142377894
2018-09-10,2877.1298828125,14.15999984741211,6.260292569617102
2018-09-11,2887.889892578125,13.220000267028809,13.051850397423639
2018-09-12,2888.919921875,13.140000343322754,14.59304388054013
2018-09-13,2904.179931640625,12.369999885559082,15.49604224801599
2018-09-14,2904.97998046875,12.069999694824219,15.514880164623898
2018-09-17,2888.800048828125,13.680000305175781,17.52201517228836
2018-09-18,2904.31005859375,12.789999961853027,17.359862002362075
2018-09-19,2907.949951171875,11.75,17.88479124224824
2018-09-20,2930.75,11.800000190734863,17.52105243981633
2018-09-21,2929.669921875,11.680000305175781,17.507459412159676
2018-09-24,2919.3701171875,12.199999809265137,17.530025281894584
2018-09-25,2915.56005859375,12.420000076293945,20.068422263496924
2018-09-26,2905.969970703125,12.890000343322754,21.58166105917117
2018-09-27,2914.0,12.40999984741211,21.98847155398278
2018-09-28,2913.97998046875,12.119999885559082,21.942129065885442
2018-10-01,2924.590087890625,12.0,22.878714715300276
2018-10-02,2923.429931640625,12.050000190734863,23.42941275766494
2018-10-03,2925.510009765625,11.609999656677246,23.896198041856344
2018-10-04,2901.610107421875,14.220000267028809,23.85481962091724
2018-10-05,2885.570068359375,14.819999694824219,24.01766551004368
2018-10-08,2884.429931640625,15.6899995803833,24.200017542651544
2018-10-09,2880.340087890625,15.949999809265137,25.498482282832963
2018-10-10,2785.679931640625,22.959999084472656,22.653798909531265
2018-10-11,2728.3701171875,24.979999542236328,21.625459103468923
2018-10-12,2767.1298828125,21.309999465942383,22.211174018758545
2018-10-15,2750.7900390625,21.299999237060547,22.13298566873091
2018-10-16,2809.919921875,17.6200008392334,20.773228248842912
2018-10-17,2809.2099609375,17.399999618530273,21.210941362054562
2018-10-18,2768.780029296875,20.059999465942383,20.690408889758757
2018-10-19,2767.780029296875,19.889999389648438,21.438795498317393
2018-10-22,2755.8798828125,19.639999389648438,22.217966293135778
2018-10-23,2740.68994140625,20.709999084472656,22.24531707759777
2018-10-24,2656.10009765625,25.229999542236328,19.565043910361208
2018-10-25,2705.570068359375,24.219999313354492,19.22069644897806
2018-10-26,2658.68994140625,24.15999984741211,18.23917922296343
2018-10-29,2641.25,24.700000762939453,19.59533073786594
2018-10-30,2682.6298828125,23.350000381469727,18.98282605686625
2018-10-31,2711.739990234375,21.229999542236328,18.831368850202974
2018-11-01,2740.3701171875,19.34000015258789,18.856339114178525
2018-11-02,2723.06005859375,19.510000228881836,22.100171329965654
2018-11-05,2738.31005859375,19.959999084472656,21.994397777946524
2018-11-06,2755.449951171875,19.90999984741211,23.196548677538452
2018-11-07,2813.889892578125,16.360000610351562,21.685805560974938
2018-11-08,2806.830078125,16.719999313354492,21.7057504289626
2018-11-09,2781.010009765625,17.360000610351562,21.765945276246253
2018-11-12,2726.219970703125,20.450000762939453,20.805196670372013
2018-11-13,2722.179931640625,20.020000457763672,21.713244675476815
2018-11-14,2701.580078125,21.25,22.611011658682152
2018-11-15,2730.199951171875,19.979999542236328,22.117166159392767
2018-11-16,2736.27001953125,18.139999389648438,22.408448515736456
2018-11-19,2690.72998046875,20.100000381469727,22.34766299934096
2018-11-20,2641.889892578125,22.479999542236328,22.562072058966777
2018-11-21,2649.929931640625,20.799999237060547,23.76637960121771
2018-11-23,2632.56005859375,21.520000457763672,30.255508245521106
2018-11-26,2673.449951171875,18.899999618530273,29.816002994163345
2018-11-27,2682.169921875,19.020000457763672,29.729917134967142
2018-11-28,2743.7900390625,18.489999771118164,28.524373871126464
2018-11-29,2737.800048828125,18.790000915527344,28.581662661211908
2018-11-30,2760.169921875,18.06999969482422,29.09504962341922
2018-12-03,2790.3701171875,16.440000534057617,31.702119088432827
2018-12-04,2700.06005859375,20.739999771118164,30.19537008181466
2018-12-06,2695.949951171875,21.190000534057617,30.498053040714694
2018-12-07,2633.080078125,23.229999542236328,29.54336376837901
2018-12-10,2637.719970703125,22.639999389648438,29.58958386078289
2018-12-11,2636.780029296875,21.760000228881836,29.590023224761374
2018-12-12,2651.070068359375,21.459999084472656,29.54186799199931
2018-12-13,2650.5400390625,20.649999618530273,29.828680168065564
2018-12-14,2599.949951171875,21.6299991607666,29.064603408019536
2018-12-17,2545.93994140625,24.520000457763672,28.096588622579468
2018-12-18,2546.159912109375,25.579999923706055,28.365284820656644
2018-12-19,2506.9599609375,25.579999923706055,28.26913407888031
2018-12-20,2467.419921875,28.3799991607666,27.482693061309387
2018-12-21,2416.6201171875,30.110000610351562,26.080552489672854
2018-12-24,2351.10009765625,36.06999969482422,23.403948208854754
2018-12-26,2467.699951171875,30.40999984741211,18.05366681920943
2018-12-27,2488.830078125,29.959999084472656,18.019573391983755
2018-12-28,2485.739990234375,28.34000015258789,18.467350226486694
2018-12-31,2506.85009765625,25.420000076293945,18.470830674889356
2019-01-02,2510.030029296875,23.219999313354492,18.477168641617506
2019-01-03,2447.889892578125,25.450000762939453,15.268062534676485
2019-01-04,2531.93994140625,21.3799991607666,11.162793509233031
2019-01-07,2549.68994140625,21.399999618530273,11.278836825864987
2019-01-08,2574.409912109375,20.469999313354492,11.840430255508757
2019-01-09,2584.9599609375,19.979999542236328,11.837183859414315
2019-01-10,2596.639892578125,19.5,11.817479382064848
2019-01-11,2596.260009765625,18.190000534057617,12.356434515735451
2019-01-14,2582.610107421875,19.06999969482422,12.015982626690255
2019-01-15,2610.300048828125,18.600000381469727,11.836003986076198
2019-01-16,2616.10009765625,19.040000915527344,12.188407207507275
2019-01-17,2635.9599609375,18.059999465942383,12.071452505119495
2019-01-18,2670.7099609375,17.799999237060547,11.443416746602056
2019-01-22,2632.89990234375,20.799999237060547,10.041819080829166
2019-01-23,2638.699951171875,19.520000457763672,10.130531484848948
2019-01-24,2642.330078125,18.889999389648438,10.133022589810757
2019-01-25,2664.760009765625,17.420000076293945,9.97577976833437
2019-01-28,2643.85009765625,18.8700008392334,9.340591044254534
2019-01-29,2640.0,19.1299991607666,9.427435608348413
2019-01-30,2681.050048828125,17.65999984741211,8.35833822113652
2019-01-31,2704.10009765625,16.56999969482422,8.263448414534377
2019-02-01,2706.530029296875,16.139999389648438,8.313011876543937
2019-02-04,2724.8701171875,15.729999542236328,8.516097006220289
2019-02-05,2737.699951171875,15.569999694824219,8.930535925648552
2019-02-06,2731.610107421875,15.380000114440918,8.927417310026023
2019-02-07,2706.050048828125,16.3700008392334,9.519644618047087
2019-02-08,2707.8798828125,15.720000267028809,9.532211920022299
2019-02-11,2709.800048828125,15.970000267028809,9.712974323778798
2019-02-12,2744.72998046875,15.430000305175781,8.868942803817639
2019-02-13,2753.030029296875,15.649999618530273,8.947841062225406
2019-02-14,2745.72998046875,16.219999313354492,8.874553902471748
2019-02-15,2775.60009765625,14.90999984741211,8.20963256912894
2019-02-19,2779.760009765625,14.880000114440918,8.31723804881444
2019-02-20,2784.699951171875,14.020000457763672,9.014099251734818
2019-02-21,2774.8798828125,14.460000038146973,11.363247501582974
2019-02-22,2792.669921875,13.510000228881836,11.16048966761333
2019-02-25,2796.110107421875,14.850000381469727,11.422095460494438
2019-02-26,2793.89990234375,15.170000076293945,11.549698285555074
2019-02-27,2792.3798828125,14.699999809265137,11.604771397048394
2019-02-28,2784.489990234375,14.779999732971191,11.740955020169293
2019-03-01,2803.68994140625,13.569999694824219,12.143080016366907
2019-03-04,2792.81005859375,14.630000114440918,12.017008370900578
2019-03-05,2789.64990234375,14.739999771118164,11.988666773988292
2019-03-06,2771.449951171875,15.739999771118164,11.634736676811901
2019-03-07,2748.929931640625,16.59000015258789,11.083016537051774
2019-03-08,2743.070068359375,16.049999237060547,10.97225868582526
2019-03-11,2783.300048828125,14.329999923706055,10.450440306344392
2019-03-12,2791.52001953125,13.770000457763672,10.460530955793686
2019-03-13,2810.919921875,13.40999984741211,10.291217844225272
2019-03-14,2808.47998046875,13.5,10.41720567966501
2019-03-15,2822.47998046875,12.880000114440918,10.372638197489534
2019-03-18,2832.93994140625,13.100000381469727,10.341657364572288
2019-03-19,2832.570068359375,13.5600004196167,10.403753391492412
2019-03-20,2824.22998046875,13.90999984741211,10.297909986042779
2019-03-21,2854.8798828125,13.630000114440918,9.70735089610614
2019-03-22,2800.7099609375,16.479999542236328,6.847123854150474
2019-03-25,2798.360107421875,16.329999923706055,6.938590008803628
2019-03-26,2818.4599609375,14.680000305175781,6.740472997053123
2019-03-27,2805.3701171875,15.149999618530273,6.382446679177615
2019-03-28,2815.43994140625,14.430000305175781,6.374672730751274
2019-03-29,2834.39990234375,13.710000038146973,6.159483037872225
2019-04-01,2867.18994140625,13.399999618530273,5.92013120496546
2019-04-02,2867.239990234375,13.359999656677246,6.007688215849412
2019-04-03,2873.39990234375,13.739999771118164,6.724519110295504
2019-04-04,2879.389892578125,13.579999923706055,6.992849174004098
2019-04-05,2892.739990234375,12.819999694824219,9.114794655716858
2019-04-08,2895.77001953125,13.180000305175781,9.117488793026665
2019-04-09,2878.199951171875,14.279999732971191,8.931245601504166
2019-04-10,2888.2099609375,13.300000190734863,8.94388233940177
2019-04-11,2888.320068359375,13.020000457763672,12.283603691330839
2019-04-12,2907.409912109375,12.010000228881836,12.405182773691738
2019-04-15,2905.580078125,12.319999694824219,12.642325747392476
2019-04-16,2907.06005859375,12.180000305175781,13.082829348695334
2019-04-17,2900.449951171875,12.600000381469727,13.202000533620614
2019-04-18,2905.030029296875,12.09000015258789,13.338510490368161
2019-04-22,2907.969970703125,12.420000076293945,13.72910446823526
2019-04-23,2933.679931640625,12.279999732971191,13.297107306512817
2019-04-24,2927.25,13.140000343322754,13.805431732347534
2019-04-25,2926.169921875,13.25,13.839808720806532
2019-04-26,2939.8798828125,12.729999542236328,13.827781541617387
2019-04-29,2943.030029296875,13.109999656677246,13.861380239828353
2019-04-30,2945.830078125,13.119999885559082,13.904605306608845
2019-05-01,2923.72998046875,14.800000190734863,14.298465525469641
2019-05-02,2917.52001953125,14.420000076293945,14.295921309533227
2019-05-03,2945.639892578125,12.869999885559082,16.036044810479684
2019-05-06,2932.469970703125,15.4399995803833,16.416225078552607
2019-05-07,2884.050048828125,19.31999969482422,15.692614863549782
2019-05-08,2879.419921875,19.399999618530273,16.15087385898312
2019-05-09,2870.719970703125,19.100000381469727,16.19449696208054
2019-05-10,2881.39990234375,16.040000915527344,16.14657318266973
2019-05-13,2811.8701171875,20.549999237060547,13.514744616481916
2019-05-14,2834.409912109375,18.059999465942383,13.332240780465451
2019-05-15,2850.9599609375,16.440000534057617,13.238479768207611
2019-05-16,2876.320068359375,15.289999961853027,12.895807587510296
2019-05-17,2859.530029296875,15.960000038146973,13.094188785494199
2019-05-20,2840.22998046875,16.309999465942383,12.801125578290046
2019-05-21,2864.360107421875,14.949999809265137,12.872328425293581
2019-05-22,2856.27001953125,14.75,12.817684793362844
2019-05-23,2822.239990234375,16.920000076293945,11.914220096029378
2019-05-24,2826.06005859375,15.850000381469727,12.572175126530635
2019-05-28,2802.389892578125,17.5,12.095051132807091
2019-05-29,2783.02001953125,17.899999618530273,11.676506013639006
2019-05-30,2788.860107421875,17.299999237060547,11.733931581905965
2019-05-31,2752.06005859375,18.709999084472656,10.333582868081564
2019-06-03,2744.449951171875,18.860000610351562,10.080853418523679
2019-06-04,2803.27001953125,16.969999313354492,8.014905190826454
2019-06-05,2826.14990234375,16.09000015258789,7.978304980976371
2019-06-06,2843.489990234375,15.930000305175781,8.283178919514974
2019-06-07,2873.340087890625,16.299999237060547,7.719091599938685
2019-06-10,2886.72998046875,15.9399995803833,7.712175202175718
2019-06-11,2885.719970703125,15.989999771118164,7.676870147531438
2019-06-12,2879.840087890625,15.90999984741211,7.5977374090993575
2019-06-13,2891.639892578125,15.819999694824219,7.5937789143098025
2019-06-14,2886.97998046875,15.279999732971191,7.725210921419322
2019-06-17,2889.669921875,15.350000381469727,8.259131411195924
2019-06-18,2917.75,15.149999618530273,7.75742422422933
2019-06-19,2926.4599609375,14.329999923706055,8.140733802600499
2019-06-20,2954.179931640625,14.75,7.560607369962208
2019-06-21,2950.4599609375,15.399999618530273,7.837761107027928
2019-06-24,2945.35009765625,15.260000228881836,7.882935500202724
2019-06-25,2917.3798828125,16.280000686645508,7.265937617647118
2019-06-26,2913.780029296875,16.209999084472656,7.481868683004493
2019-06-27,2924.919921875,15.819999694824219,7.533729540965349
2019-06-28,2941.760009765625,15.079999923706055,7.500382847851405
2019-07-01,2964.330078125,14.0600004196167,8.201672796919325
2019-07-02,2973.010009765625,12.930000305175781,8.740856554336887
2019-07-03,2995.820068359375,12.569999694824219,8.558895152231957
2019-07-05,2990.409912109375,13.279999732971191,13.259119155276464
2019-07-08,2975.949951171875,13.960000038146973,14.236476375361532
2019-07-09,2979.6298828125,14.09000015258789,14.225909009797299
2019-07-10,2993.070068359375,13.029999732971191,15.738053993617404
2019-07-11,2999.909912109375,12.930000305175781,15.815197314237835
2019-07-12,3013.77001953125,12.390000343322754,16.107756247607153
2019-07-15,3014.300048828125,12.680000305175781,17.16021762000038
2019-07-16,3004.0400390625,12.859999656677246,19.770334861952254
2019-07-17,2984.419921875,13.970000267028809,19.793507483350993
2019-07-18,2995.110107421875,13.529999732971191,20.527549340764565
2019-07-19,2976.610107421875,14.449999809265137,20.99305982764702
2019-07-22,2985.030029296875,13.529999732971191,21.086553061269424
2019-07-23,3005.469970703125,12.609999656677246,21.159897022750275
2019-07-24,3019.56005859375,12.069999694824219,21.05126387932551
2019-07-25,3003.669921875,12.739999771118164,22.71296235188503
2019-07-26,3025.860107421875,12.15999984741211,22.941190676719977
2019-07-29,3020.969970703125,12.829999923706055,22.941152010380964
2019-07-30,3013.179931640625,13.9399995803833,23.150724976307114
2019-07-31,2980.3798828125,16.1200008392334,23.442678738378298
2019-08-01,2953.56005859375,17.8700008392334,23.258305926412632
2019-08-02,2932.050048828125,17.610000610351562,23.244305764810033
2019-08-05,2844.739990234375,24.59000015258789,20.834033314148076
2019-08-06,2881.77001953125,20.170000076293945,20.833543165206997
2019-08-07,2883.97998046875,19.489999771118164,20.832937617422374
2019-08-08,2938.090087890625,16.90999984741211,19.890371795363315
2019-08-09,2918.64990234375,17.969999313354492,19.714392092625214
2019-08-12,2882.699951171875,21.09000015258789,19.20138243806963
2019-08-13,2926.320068359375,17.520000457763672,18.608804643799218
2019-08-14,2840.60009765625,22.100000381469727,14.838171345186154
2019-08-15,2847.60009765625,21.18000030517578,14.976579776728489
2019-08-16,2888.679931640625,18.469999313354492,14.342629290584199
2019-08-19,2923.64990234375,16.8799991607666,13.864783744109252
2019-08-20,2900.510009765625,17.5,13.461686465020945
2019-08-21,2924.429931640625,15.800000190734863,13.430771995760724
2019-08-22,2922.949951171875,16.68000030517578,13.425395011337859
2019-08-23,2847.110107421875,19.8700008392334,9.760743224660517
2019-08-26,2878.3798828125,19.31999969482422,9.338669579968261
2019-08-27,2869.159912109375,20.309999465942383,9.290686067818333
2019-08-28,2887.93994140625,19.350000381469727,9.43234764884963
2019-08-29,2924.580078125,17.8799991607666,8.607337582253958
2019-08-30,2926.4599609375,18.979999542236328,9.743979226315773
2019-09-03,2906.27001953125,19.65999984741211,11.397853821920476
2019-09-04,2937.780029296875,17.329999923706055,11.087583232156119
2019-09-05,2976.0,16.270000457763672,11.274592229266192
2019-09-06,2978.7099609375,15.0,11.351262068720699
2019-09-09,2978.429931640625,15.270000457763672,12.484351953861164
2019-09-10,2979.389892578125,15.199999809265137,12.99184429114677
2019-09-11,3000.929931640625,14.609999656677246,12.930641171043163
2019-09-12,3009.570068359375,14.220000267028809,13.517434669508152
2019-09-13,3007.389892578125,13.739999771118164,13.519998607138334
2019-09-16,2997.9599609375,14.670000076293945,13.966153614604332
2019-09-17,3005.699951171875,14.4399995803833,13.94822109282026
2019-09-18,3006.72998046875,13.949999809265137,13.986316470761729
2019-09-19,3006.7900390625,14.050000190734863,14.047353670746944
2019-09-20,2992.070068359375,15.319999694824219,14.154244407809172
2019-09-23,2991.780029296875,14.90999984741211,14.215594524491983
2019-09-24,2966.60009765625,17.049999237060547,13.897647064266149
2019-09-25,2984.8701171875,15.960000038146973,13.762092689612116
2019-09-26,2977.6201171875,16.06999969482422,13.777416632913436
2019-09-27,2961.7900390625,17.219999313354492,13.691953393208816
2019-09-30,2976.739990234375,16.239999771118164,13.637375350776617
2019-10-01,2940.25,18.559999465942383,12.76484684871148
2019-10-02,2887.610107421875,20.559999465942383,10.732947040206984
2019-10-03,2910.6298828125,19.1200008392334,10.856702235274206
2019-10-04,2952.010009765625,17.040000915527344,10.01841537436261
2019-10-07,2938.7900390625,17.860000610351562,9.812379256999145
2019-10-08,2893.06005859375,20.280000686645508,7.406666041414198
2019-10-09,2919.39990234375,18.639999389648438,7.063013210601085
2019-10-10,2938.1298828125,17.56999969482422,6.92908828532189
2019-10-11,2970.27001953125,15.579999923706055,6.365210571079466
2019-10-14,2966.14990234375,14.569999694824219,6.258072744382803
2019-10-15,2995.679931640625,13.539999961853027,5.561828879439729
2019-10-16,2989.68994140625,13.680000305175781,5.4192909264546
2019-10-17,2997.949951171875,13.789999961853027,5.79658593595466
2019-10-18,2986.199951171875,14.25,5.426068705965392
2019-10-21,3006.719970703125,14.0,5.217002955192409
2019-10-22,2995.989990234375,14.460000038146973,5.2416204536940425
2019-10-23,3004.52001953125,14.010000228881836,5.349061182614861
2019-10-24,3010.2900390625,13.710000038146973,5.3520244359278015
2019-10-25,3022.550048828125,12.649999618530273,5.674674750935806
2019-10-28,3039.419921875,13.109999656677246,5.504296060613503
2019-10-29,3036.889892578125,13.199999809265137,5.503071992483953
2019-10-30,3046.77001953125,12.329999923706055,5.827745034337753
2019-10-31,3037.56005859375,13.220000267028809,6.644263950458612
2019-11-01,3066.909912109375,12.300000190734863,6.429720185371924
2019-11-04,3078.27001953125,12.829999923706055,6.657172720767322
2019-11-05,3074.6201171875,13.100000381469727,6.63486454458558
2019-11-06,3076.780029296875,12.619999885559082,7.250180333979647
2019-11-07,3085.179931640625,12.729999542236328,7.365875627225166
2019-11-08,3093.080078125,12.069999694824219,7.363402002599158
2019-11-11,3087.010009765625,12.6899995803833,7.34258836819596
2019-11-12,3091.840087890625,12.680000305175781,7.812308765120396
2019-11-13,3094.0400390625,13.0,7.820135803140811
2019-11-14,3096.6298828125,13.050000190734863,8.088270811240088
2019-11-15,3120.4599609375,12.050000190734863,7.769190370405703
2019-11-18,3122.030029296875,12.460000038146973,7.784793734208413
2019-11-19,3120.179931640625,12.859999656677246,7.847028744718129
2019-11-20,3108.4599609375,12.779999732971191,7.719617913288565
2019-11-21,3103.5400390625,13.130000114440918,7.634611083485952
2019-11-22,3110.2900390625,12.34000015258789,7.664587192194968
2019-11-25,3133.639892578125,11.869999885559082,7.481570459454908
2019-11-26,3140.52001953125,11.539999961853027,7.496941048057288
2019-11-27,3153.6298828125,11.75,7.834942915236136
2019-11-29,3140.97998046875,12.619999885559082,7.6405016490269535
2019-12-02,3113.8701171875,14.90999984741211,7.084509229855467
2019-12-03,3093.199951171875,15.960000038146973,7.152275735868498
2019-12-04,3112.760009765625,14.800000190734863,7.011522584186129
2019-12-05,3117.429931640625,14.520000457763672,7.20626780874872
2019-12-06,3145.909912109375,13.619999885559082,6.805760070949073
2019-12-09,3135.9599609375,15.859999656677246,6.788423016824864
2019-12-10,3132.52001953125,15.680000305175781,6.9179177636902605
2019-12-11,3141.6298828125,14.989999771118164,7.12523572216038
2019-12-12,3168.570068359375,13.9399995803833,6.838448843885035
2019-12-13,3168.800048828125,12.630000114440918,6.813127979888292
2019-12-16,3191.449951171875,12.140000343322754,6.94429853619925
2019-12-17,3192.52001953125,12.289999961853027,6.955561040931784
2019-12-18,3191.139892578125,12.579999923706055,7.094846531220381
2019-12-19,3205.3701171875,12.5,7.0524683251374345
2019-12-20,3221.219970703125,12.510000228881836,6.955012606180924
2019-12-23,3224.010009765625,12.609999656677246,7.866687682537078
2019-12-24,3223.3798828125,12.670000076293945,9.808431466476938
2019-12-26,3239.909912109375,12.649999618530273,10.247266615255993
2019-12-27,3240.02001953125,13.430000305175781,10.257524873710985
2019-12-30,3221.2900390625,14.819999694824219,10.031925315727278
2019-12-31,3230.780029296875,13.779999732971191,11.914325772984636
2020-01-02,3257.85009765625,12.470000267028809,11.82088005898996
2020-01-03,3234.85009765625,14.020000457763672,12.613401516727002
2020-01-06,3246.280029296875,13.850000381469727,13.083705446041025
2020-01-07,3237.179931640625,13.789999961853027,13.014546936518173
2020-01-08,3253.050048828125,13.449999809265137,13.172082023454049
2020-01-09,3274.699951171875,12.539999961853027,13.209452303731972
2020-01-10,3265.35009765625,12.5600004196167,13.13087310958342
2020-01-13,3288.1298828125,12.319999694824219,13.104509189860018
2020-01-14,3283.14990234375,12.390000343322754,13.107718534445379
2020-01-15,3289.2900390625,12.420000076293945,13.107576078407114
2020-01-16,3316.81005859375,12.319999694824219,12.925169297158057
2020-01-17,3329.6201171875,12.100000381469727,12.953742046653499
2020-01-21,3320.7900390625,12.850000381469727,12.999227936187713
2020-01-22,3321.75,12.90999984741211,13.57907467418853
2020-01-23,3325.5400390625,12.979999542236328,18.03397260880288
2020-01-24,3295.469970703125,14.5600004196167,20.572496345787485
2020-01-27,3243.6298828125,18.229999542236328,20.0006670090045
2020-01-28,3276.239990234375,16.280000686645508,24.489199528140183
2020-01-29,3273.39990234375,16.389999389648438,24.483892193854217
2020-01-30,3283.659912109375,15.489999771118164,29.908821250213403
2020-01-31,3225.52001953125,18.84000015258789,30.794621170487858
2020-02-03,3248.919921875,17.969999313354492,34.34017238430276
2020-02-04,3297.590087890625,16.049999237060547,35.56333130272982
2020-02-05,3334.68994140625,15.149999618530273,35.382364936307695
2020-02-06,3345.780029296875,14.960000038146973,43.39113024079618
2020-02-07,3327.7099609375,15.470000267028809,47.767738633319254
2020-02-10,3352.090087890625,15.039999961853027,49.72495838398522
2020-02-11,3357.75,15.180000305175781,58.5112257671212
2020-02-12,3379.449951171875,13.739999771118164,68.34197199678844
2020-02-13,3373.93994140625,14.149999618530273,79.34042230178588
2020-02-14,3380.159912109375,13.680000305175781,83.28843167302873
2020-02-18,3370.2900390625,14.829999923706055,84.27670644360794
2020-02-19,3386.14990234375,14.380000114440918,84.27676933868857
2020-02-20,3373.22998046875,15.5600004196167,84.69389429800559
2020-02-21,3337.75,17.079999923706055,84.73840147124267
2020-02-24,3225.889892578125,25.030000686645508,92.46498617424135
2020-02-25,3128.2099609375,27.850000381469727,92.60917087703659
2020-02-26,3116.389892578125,27.559999465942383,95.87656610282434
2020-02-27,2978.760009765625,39.15999984741211,95.41852799049121
2020-02-28,2954.219970703125,40.11000061035156,96.44362473393699
2020-03-02,3090.22998046875,33.41999816894531,94.71139811508571
2020-03-03,3003.3701171875,36.81999969482422,95.32739559727216
2020-03-04,3130.1201171875,31.989999771118164,94.28746873980828
2020-03-05,3023.93994140625,39.619998931884766,93.89687201930667
2020-03-06,2972.3701171875,41.939998626708984,97.55517434471837
2020-03-09,2746.56005859375,54.459999084472656,93.7905364541902
2020-03-10,2882.22998046875,47.29999923706055,92.94120930528173
2020-03-11,2741.3798828125,53.900001525878906,91.42885034097552
2020-03-12,2480.639892578125,75.47000122070312,83.94269248050873
2020-03-13,2711.02001953125,57.83000183105469,78.87837045616179
2020-03-16,2386.1298828125,82.69000244140625,64.05507233205961
2020-03-17,2529.18994140625,75.91000366210938,61.322888322902756
2020-03-18,2398.10009765625,76.44999694824219,57.93542155931634
2020-03-19,2409.389892578125,72.0,58.66089703088863
2020-03-20,2304.919921875,66.04000091552734,57.35614056631982
2020-03-23,2237.39990234375,61.59000015258789,55.84524041319082
2020-03-24,2447.330078125,61.66999816894531,47.948311267848474
2020-03-25,2475.56005859375,63.95000076293945,47.98673516983115
2020-03-26,2630.070068359375,61.0,43.93361119758636
2020-03-27,2541.469970703125,65.54000091552734,41.82359300940956
2020-03-30,2626.64990234375,57.08000183105469,41.33243742173529
2020-03-31,2584.590087890625,53.540000915527344,40.9480871885277
2020-04-01,2470.5,57.060001373291016,38.68344180727525
2020-04-02,2526.89990234375,50.90999984741211,38.24133037559329
2020-04-03,2488.64990234375,46.79999923706055,37.489806895043394
2020-04-06,2663.679931640625,45.2400016784668,30.39143366415284
2020-04-07,2659.409912109375,46.70000076293945,30.467781002905426
2020-04-08,2749.97998046875,43.349998474121094,28.925158918680477
2020-04-09,2789.820068359375,41.66999816894531,28.63935636015093
2020-04-13,2761.6298828125,41.16999816894531,29.441913220438504
2020-04-14,2846.06005859375,37.7599983215332,28.28541478515973
2020-04-15,2783.360107421875,40.84000015258789,27.403956333818417
2020-04-16,2799.550048828125,40.11000061035156,27.371626561021845
2020-04-17,2874.56005859375,38.150001525878906,27.945521068276324
2020-04-20,2823.159912109375,43.83000183105469,27.406950667204832
2020-04-21,2736.56005859375,45.40999984741211,25.09381224564426
2020-04-22,2799.31005859375,41.97999954223633,24.437121362623472
2020-04-23,2797.800048828125,41.380001068115234,24.412728950799554
2020-04-24,2836.739990234375,35.93000030517578,24.325889809243137
2020-04-27,2878.47998046875,33.290000915527344,24.332897063668344
2020-04-28,2863.389892578125,33.56999969482422,24.230094631855017
2020-04-29,2939.510009765625,31.229999542236328,22.694397714823975
2020-04-30,2912.429931640625,34.150001525878906,22.350183583775195
2020-05-01,2830.7099609375,37.189998626708984,19.409472117536485
2020-05-04,2842.739990234375,35.970001220703125,19.68838386188102
2020-05-05,2868.43994140625,33.61000061035156,19.796424955173386
2020-05-06,2848.419921875,34.119998931884766,20.769845803157434
2020-05-07,2881.18994140625,31.440000534057617,20.78992530627843
2020-05-08,2929.800048828125,27.979999542236328,20.855579432013624
2020-05-11,2930.18994140625,27.56999969482422,21.07788079485897
2020-05-12,2870.1201171875,33.040000915527344,29.773977142250512
2020-05-13,2820.0,35.279998779296875,29.094332807571515
2020-05-14,2852.5,32.61000061035156,29.006770389874237
2020-05-15,2863.699951171875,31.889999389648438,29.490389968711668
2020-05-18,2953.909912109375,29.299999237060547,27.91359818951803
2020-05-19,2922.93994140625,30.530000686645508,27.521685806632433
2020-05-20,2971.610107421875,27.989999771118164,27.22390776329697
2020-05-21,2948.510009765625,29.530000686645508,27.025972812887005
2020-05-22,2955.449951171875,28.15999984741211,27.031590039704195
2020-05-26,2991.77001953125,28.010000228881836,28.568438434801774
2020-05-27,3036.1298828125,27.6200008392334,28.36600641961252
2020-05-28,3029.72998046875,28.59000015258789,29.682129564410648
2020-05-29,3044.31005859375,27.510000228881836,30.0854672596743
2020-06-01,3055.72998046875,28.229999542236328,30.522593645138173
2020-06-02,3080.820068359375,26.84000015258789,30.444301334756023
2020-06-03,3122.8701171875,25.65999984741211,30.116800152365737
2020-06-04,3112.35009765625,25.809999465942383,30.56386774785336
2020-06-05,3193.929931640625,24.520000457763672,29.42866154939124
2020-06-08,3232.389892578125,25.809999465942383,29.236642868164868
2020-06-09,3207.179931640625,27.56999969482422,29.181716362734527
2020-06-10,3190.139892578125,27.56999969482422,29.38442349537765
2020-06-11,3002.10009765625,40.790000915527344,19.867275514424147
2020-06-12,3041.31005859375,36.09000015258789,19.890554181695357
2020-06-15,3066.590087890625,34.400001525878906,19.920777321215795
2020-06-16,3124.739990234375,33.66999816894531,19.090071496589236
2020-06-17,3113.489990234375,33.470001220703125,19.009030943688792
2020-06-18,3115.340087890625,32.939998626708984,19.143937488778125
2020-06-19,3097.739990234375,35.119998931884766,18.93933349089868
2020-06-22,3117.860107421875,31.770000457763672,18.920883586834822
2020-06-23,3131.2900390625,31.3700008392334,19.577418282600025
2020-06-24,3050.330078125,33.84000015258789,17.070842439681353
2020-06-25,3083.760009765625,32.220001220703125,16.89514717728826
2020-06-26,3009.050048828125,34.72999954223633,14.225617303192603
2020-06-29,3053.239990234375,31.780000686645508,14.020668386737805
2020-06-30,3100.2900390625,30.43000030517578,13.475303448523077
2020-07-01,3115.860107421875,28.6200008392334,13.575146170874675
2020-07-02,3130.010009765625,27.68000030517578,13.659290806594543
2020-07-06,3179.719970703125,27.940000534057617,12.78742270352205
2020-07-07,3145.320068359375,29.43000030517578,11.995073180459487
2020-07-08,3169.93994140625,28.079999923706055,11.92992744459504
2020-07-09,3152.050048828125,29.260000228881836,11.57356446848663
2020-07-10,3185.0400390625,27.290000915527344,11.248262606157802
2020-07-13,3155.219970703125,32.189998626708984,11.06906652773064
2020-07-14,3197.52001953125,29.520000457763672,11.141559610823194
2020-07-15,3226.56005859375,27.760000228881836,11.001188902195281
2020-07-16,3215.570068359375,28.0,10.85216177846432
2020-07-17,3224.72998046875,25.68000030517578,10.851350845047355
2020-07-20,3251.840087890625,24.459999084472656,10.622408529597868
2020-07-21,3257.300048828125,24.84000015258789,10.851278367808298
2020-07-22,3276.02001953125,24.31999969482422,10.766707698917688
2020-07-23,3235.659912109375,26.079999923706055,9.502472311478098
2020-07-24,3215.6298828125,25.84000015258789,9.32612420046417
2020-07-27,3239.409912109375,24.739999771118164,9.19877524680873
2020-07-28,3218.43994140625,25.440000534057617,8.854481271821811
2020-07-29,3258.43994140625,24.100000381469727,8.295381511032145
2020-07-30,3246.219970703125,24.760000228881836,7.976412764626656
2020-07-31,3271.1201171875,24.459999084472656,8.090149993595439
2020-08-03,3294.610107421875,24.280000686645508,8.111889513469684
2020-08-04,3306.510009765625,23.760000228881836,9.118168032678094
2020-08-05,3327.77001953125,22.989999771118164,16.393039043674857
2020-08-06,3349.159912109375,22.649999618530273,16.650893321000304
2020-08-07,3351.280029296875,22.209999084472656,19.49358162797971
2020-08-10,3360.469970703125,22.1299991607666,20.702697062289275
2020-08-11,3333.68994140625,24.030000686645508,21.46988983710424
2020-08-12,3380.35009765625,22.280000686645508,20.876821095248587
2020-08-13,3373.429931640625,22.1299991607666,21.360750424907486
2020-08-14,3372.85009765625,22.049999237060547,21.431890542561217
2020-08-17,3381.989990234375,21.350000381469727,21.48296446153281
2020-08-18,3389.780029296875,21.510000228881836,21.662948831369366
2020-08-19,3374.85009765625,22.540000915527344,21.947352379770354
2020-08-20,3385.510009765625,22.719999313354492,22.209249683531418
2020-08-21,3397.159912109375,22.540000915527344,22.53673049497209
2020-08-24,3431.280029296875,22.3700008392334,23.475209773095727
2020-08-25,3443.6201171875,22.030000686645508,23.45540403267664
2020-08-26,3478.72998046875,23.270000457763672,23.930846961119563
2020-08-27,3484.550048828125,24.469999313354492,24.747255870871204
2020-08-28,3508.010009765625,22.959999084472656,24.566308835197418
2020-08-31,3500.31005859375,26.40999984741211,24.84073422026395
2020-09-01,3526.64990234375,26.1200008392334,24.746661699641344
2020-09-02,3580.840087890625,26.56999969482422,24.050978372087968
2020-09-03,3455.06005859375,33.599998474121094,21.982898663999855
2020-09-04,3426.9599609375,30.75,22.329964492690014
2020-09-08,3331.840087890625,31.459999084472656,20.844622367906666
2020-09-09,3398.9599609375,28.809999465942383,19.881245631423283
2020-09-10,3339.18994140625,29.709999084472656,18.883966794769098
2020-09-11,3340.969970703125,26.8700008392334,19.514980461040714
2020-09-14,3383.5400390625,25.850000381469727,19.39919352195217
2020-09-15,3401.199951171875,25.59000015258789,19.568642581823816
2020-09-16,3385.489990234375,26.040000915527344,19.481354529557628
2020-09-17,3357.010009765625,26.459999084472656,19.16132851322792
2020-09-18,3319.469970703125,25.829999923706055,19.685971947390367
2020-09-21,3281.06005859375,27.780000686645508,19.11584644438351
2020-09-22,3315.570068359375,26.860000610351562,18.93657012263476
2020-09-23,3236.919921875,28.579999923706055,16.48650350193741
2020-09-24,3246.590087890625,28.510000228881836,16.486910555471685
2020-09-25,3298.4599609375,26.3799991607666,17.447909335178196
2020-09-28,3351.60009765625,26.190000534057617,16.679805673940486
2020-09-29,3335.469970703125,26.270000457763672,20.89084608240748
2020-09-30,3363.0,26.3700008392334,21.129659390217086
2020-10-01,3380.800048828125,26.700000762939453,21.367194592277883
2020-10-02,3348.419921875,27.6299991607666,21.671442097500858
2020-10-05,3408.60009765625,27.959999084472656,21.653329069163266
2020-10-06,3360.969970703125,29.479999542236328,22.38580331065016
2020-10-07,3419.43994140625,28.059999465942383,22.579491419066205
2020-10-08,3446.830078125,26.360000610351562,22.450373762253854
2020-10-09,3477.139892578125,25.0,22.599517934232367
2020-10-12,3534.219970703125,25.06999969482422,21.91196953287644
2020-10-13,3511.929931640625,26.06999969482422,21.92509181845471
2020-10-14,3488.669921875,26.399999618530273,22.100801461124032
2020-10-15,3483.340087890625,26.969999313354492,22.52407856111826
2020-10-16,3483.81005859375,27.40999984741211,22.792261961095207
2020-10-19,3426.919921875,29.18000030517578,21.94968754911053
2020-10-20,3443.1201171875,29.350000381469727,22.46359198939292
2020-10-21,3435.56005859375,28.649999618530273,22.430193181696787
2020-10-22,3453.489990234375,28.110000610351562,22.598712206904537
2020-10-23,3465.389892578125,27.549999237060547,22.63593463257394
2020-10-26,3400.969970703125,32.459999084472656,21.905181001001026
2020-10-27,3390.679931640625,33.349998474121094,21.859294699041236
2020-10-28,3271.030029296875,40.279998779296875,16.60728520957861
2020-10-29,3310.110107421875,37.59000015258789,16.736866205284684
2020-10-30,3269.9599609375,38.02000045776367,15.767956703063927
2020-11-02,3310.239990234375,37.130001068115234,15.611197507431795
2020-11-03,3369.159912109375,35.54999923706055,15.003113217957154
2020-11-04,3443.43994140625,29.56999969482422,13.679225111458301
2020-11-05,3510.449951171875,27.579999923706055,12.50285679168818
2020-11-06,3509.43994140625,24.860000610351562,12.46485591056238
2020-11-09,3550.5,25.75,12.515188744681872
2020-11-10,3545.530029296875,24.799999237060547,12.511767101126955
2020-11-11,3572.659912109375,23.450000762939453,12.352159879705168
2020-11-12,3537.010009765625,25.350000381469727,11.849541245739518
2020-11-13,3585.14990234375,23.100000381469727,11.764411289240604
2020-11-16,3626.909912109375,22.450000762939453,11.17414676328572
2020-11-17,3609.530029296875,22.709999084472656,11.084929626239918
2020-11-18,3567.7900390625,23.84000015258789,10.197715660468717
2020-11-19,3581.8701171875,23.110000610351562,10.35697958691057
2020-11-20,3557.5400390625,23.700000762939453,10.002695976586251
2020-11-23,3577.590087890625,22.65999984741211,9.904370717959358
2020-11-24,3635.409912109375,21.639999389648438,8.425192431158234
2020-11-25,3629.64990234375,21.25,8.790066838496223
2020-11-27,3638.35009765625,20.84000015258789,8.867594808943416
2020-11-30,3621.6298828125,20.56999969482422,8.61722461368533
2020-12-01,3662.449951171875,20.770000457763672,8.0750843134375
2020-12-02,3669.010009765625,21.170000076293945,9.799225387745777
2020-12-03,3666.719970703125,21.280000686645508,10.055155935996442
2020-12-04,3699.1201171875,20.790000915527344,9.797297693524884
2020-12-07,3691.9599609375,21.299999237060547,10.889464206576767
2020-12-08,3702.25,20.68000030517578,10.971588952447519
2020-12-09,3672.820068359375,22.270000457763672,10.82770203883024
2020-12-10,3668.10009765625,22.520000457763672,10.786202260499545
2020-12-11,3663.4599609375,23.309999465942383,10.733249258127465
2020-12-14,3647.489990234375,24.719999313354492,10.690715021065618
2020-12-15,3694.6201171875,22.889999389648438,10.355966579712849
2020-12-16,3701.169921875,22.5,10.648222544197957
2020-12-17,3722.47998046875,21.93000030517578,11.420937638554726
2020-12-18,3709.409912109375,21.56999969482422,11.279702203966222
2020-12-21,3694.919921875,25.15999984741211,11.226412242391042
2020-12-22,3687.260009765625,24.229999542236328,11.14827062432879
2020-12-23,3690.010009765625,23.309999465942383,11.209796746185784
2020-12-24,3703.06005859375,21.530000686645508,14.802968536911685
2020-12-28,3735.360107421875,21.700000762939453,14.877766809354148
2020-12-29,3727.0400390625,23.079999923706055,16.42289345651628
2020-12-30,3732.0400390625,22.770000457763672,17.342503600018677
2020-12-31,3756.070068359375,22.75,17.839890681475904
2021-01-04,3700.64990234375,26.969999313354492,16.89697840942182
2021-01-05,3726.860107421875,25.34000015258789,17.09642840390226
2021-01-06,3748.139892578125,25.06999969482422,17.056254526315804
2021-01-07,3803.7900390625,22.3700008392334,16.53119987870915
2021-01-08,3824.679931640625,21.559999465942383,16.482961013155474
2021-01-11,3799.610107421875,24.079999923706055,16.25876998375082
2021-01-12,3801.18994140625,23.329999923706055,16.25535735653036
2021-01-13,3809.840087890625,22.209999084472656,16.293071203047592
2021-01-14,3795.5400390625,23.25,16.19956755962959
2021-01-15,3768.25,24.34000015258789,15.895206276916221
2021-01-19,3798.909912109375,23.239999771118164,15.88330846335281
2021-01-20,3851.85009765625,21.579999923706055,15.255260533897843
2021-01-21,3853.070068359375,21.31999969482422,15.533282735539872
2021-01-22,3841.469970703125,21.90999984741211,15.489218436519442
2021-01-25,3855.360107421875,23.190000534057617,15.90667997548949
2021-01-26,3849.6201171875,23.020000457763672,18.218483318314135
2021-01-27,3750.77001953125,37.209999084472656,15.75257937079049
2021-01-28,3787.3798828125,30.209999084472656,17.38173348937101
2021-01-29,3714.239990234375,33.09000015258789,16.051808730860717
2021-02-01,3773.860107421875,30.239999771118164,16.024738741588926
2021-02-02,3826.31005859375,25.559999465942383,15.976926900760738
2021-02-03,3830.169921875,22.90999984741211,17.41964581604036
2021-02-04,3871.739990234375,21.770000457763672,17.071221709884043
2021-02-05,3886.830078125,20.8700008392334,17.759220273072433
2021-02-08,3915.590087890625,21.239999771118164,17.692867032679267
2021-02-09,3911.22998046875,21.6299991607666,18.05990634392831
2021-02-10,3909.8798828125,21.989999771118164,18.05954024349178
2021-02-11,3916.3798828125,21.25,18.178137715692344
2021-02-12,3934.830078125,19.969999313354492,18.131176780284637
2021-02-16,3932.590087890625,21.459999084472656,18.14875520562754
2021-02-17,3931.330078125,21.5,18.915368774039614
2021-02-18,3913.969970703125,22.489999771118164,18.85383264195691
2021-02-19,3906.7099609375,22.049999237060547,18.99369865207969
2021-02-22,3876.5,23.450000762939453,18.98815824537636
2021-02-23,3881.3701171875,23.110000610351562,19.09378635348085
2021-02-24,3925.429931640625,21.34000015258789,18.758620192499496
2021-02-25,3829.340087890625,28.889999389648438,17.3367635393692
2021-02-26,3811.14990234375,27.950000762939453,17.203839100581277
2021-03-01,3901.820068359375,23.350000381469727,15.377476622496692
2021-03-02,3870.2900390625,24.100000381469727,15.065264028253061
2021-03-03,3819.719970703125,26.670000076293945,14.527091446308868
2021-03-04,3768.469970703125,28.56999969482422,13.86441328043922
2021-03-05,3841.93994140625,24.65999984741211,12.732084182099854
2021-03-08,3821.35009765625,25.469999313354492,12.39523923570717
2021-03-09,3875.43994140625,24.030000686645508,11.753241320464692
2021-03-10,3898.81005859375,22.559999465942383,11.827876106804634
2021-03-11,3939.340087890625,21.90999984741211,11.53294881085116
2021-03-12,3943.340087890625,20.690000534057617,11.529726651784605
2021-03-15,3968.93994140625,20.030000686645508,11.632825222983781
2021-03-16,3962.7099609375,19.790000915527344,11.982307137691917
2021-03-17,3974.1201171875,19.229999542236328,11.988335566595518
2021-03-18,3915.4599609375,21.579999923706055,10.627285257016931
2021-03-19,3913.10009765625,20.950000762939453,11.095651546823621
2021-03-22,3940.590087890625,18.8799991607666,11.234853408756551
2021-03-23,3910.52001953125,20.299999237060547,11.432388914864728
2021-03-24,3889.139892578125,21.200000762939453,11.368501451419833
2021-03-25,3909.52001953125,19.809999465942383,11.362797820486287
2021-03-26,3974.5400390625,18.860000610351562,10.341289443581395
2021-03-29,3971.090087890625,20.739999771118164,10.340375654350636
2021-03-30,3958.550048828125,19.610000610351562,10.22816628754649
2021-03-31,3972.889892578125,19.399999618530273,10.811414990501286
2021-04-01,4019.8701171875,17.329999923706055,10.269411845133378
2021-04-05,4077.909912109375,17.90999984741211,9.653749930099012
2021-04-06,4073.93994140625,18.1200008392334,9.627934125030231
2021-04-07,4079.949951171875,17.15999984741211,9.933497651994006
2021-04-08,4097.169921875,16.950000762939453,10.103216182975736
2021-04-09,4128.7998046875,16.690000534057617,10.658387157133543
2021-04-12,4127.990234375,16.90999984741211,11.144024769154926
2021-04-13,4141.58984375,16.649999618530273,13.418934187126549
2021-04-14,4124.66015625,16.989999771118164,14.090704945888339
2021-04-15,4170.419921875,16.56999969482422,14.52192747542088
2021-04-16,4185.47021484375,16.25,14.487738346393447
2021-04-19,4163.259765625,17.290000915527344,14.67234535559542
2021-04-20,4134.93994140625,18.68000030517578,14.519294572206732
2021-04-21,4173.419921875,17.5,14.626987163764149
2021-04-22,4134.97998046875,18.709999084472656,14.253281854059843
2021-04-23,4180.169921875,17.329999923706055,14.162646062741576
2021-04-26,4187.6201171875,17.639999389648438,14.172110106868747
2021-04-27,4186.72021484375,17.559999465942383,14.186494283071344
2021-04-28,4183.18017578125,17.280000686645508,14.18660464419662
2021-04-29,4211.47021484375,17.610000610351562,13.989240132656425
2021-04-30,4181.169921875,18.610000610351562,13.748801155105339
2021-05-03,4192.66015625,18.309999465942383,13.726305693811847
2021-05-04,4164.66015625,19.479999542236328,13.573041425509283
2021-05-05,4167.58984375,19.149999618530273,13.887555821850784
2021-05-06,4201.6201171875,18.389999389648438,13.628017894601935
2021-05-07,4232.60009765625,16.690000534057617,13.383821615996712
2021-05-10,4188.43017578125,19.65999984741211,12.859278716401626
2021-05-11,4152.10009765625,21.84000015258789,12.500270317911918
2021-05-12,4063.0400390625,27.59000015258789,9.394720838760193
2021-05-13,4112.5,23.1299991607666,8.664431071676896
2021-05-14,4173.85009765625,18.809999465942383,7.289759875761546
2021-05-17,4163.2900390625,19.719999313354492,7.5205340250956905
2021-05-18,4127.830078125,21.34000015258789,6.75015178633048
2021-05-19,4115.68017578125,22.18000030517578,8.282741151401426
2021-05-20,4159.1201171875,20.670000076293945,8.860344432400092
2021-05-21,4155.85986328125,20.149999618530273,8.966787668156403
2021-05-24,4197.0498046875,18.399999618530273,8.390991944506842
2021-05-25,4188.1298828125,18.84000015258789,8.525446868453248
2021-05-26,4195.990234375,17.360000610351562,8.561433640907287
2021-05-27,4200.8798828125,16.739999771118164,8.574249860378488
2021-05-28,4204.10986328125,16.760000228881836,8.577655257375815
2021-06-01,4202.0400390625,17.899999618530273,8.561362323774297
2021-06-02,4208.1201171875,17.479999542236328,8.680555697864175
2021-06-03,4192.85009765625,18.040000915527344,8.745624868837314
2021-06-04,4229.89013671875,16.420000076293945,8.44983193720282
2021-06-07,4226.52001953125,16.420000076293945,8.44467936550259
2021-06-08,4227.259765625,17.06999969482422,9.131784490274097
2021-06-09,4219.5498046875,17.889999389648438,9.714471890374263
2021-06-10,4239.18017578125,16.100000381469727,9.677032152854121
2021-06-11,4247.43994140625,15.649999618530273,9.836976497630518
2021-06-14,4255.14990234375,16.389999389648438,9.835659226726504
2021-06-15,4246.58984375,17.020000457763672,9.898517654801928
2021-06-16,4223.7001953125,18.149999618530273,10.108001185283154
2021-06-17,4221.85986328125,17.75,11.72419746337919
2021-06-18,4166.4501953125,20.700000762939453,11.67382071874453
2021-06-21,4224.7900390625,17.889999389648438,11.078460459580041
2021-06-22,4246.43994140625,16.65999984741211,11.002441487294142
2021-06-23,4241.83984375,16.31999969482422,11.36771014183262
2021-06-24,4266.490234375,15.970000267028809,11.280405767632077
2021-06-25,4280.7001953125,15.619999885559082,11.477867854501307
2021-06-28,4290.60986328125,15.760000228881836,11.4834139961942
2021-06-29,4291.7998046875,16.020000457763672,11.523697704230875
2021-06-30,4297.5,15.829999923706055,11.763105771399424
2021-07-01,4319.93994140625,15.479999542236328,11.704141521866237
2021-07-02,4352.33984375,15.069999694824219,11.757130744574996
2021-07-06,4343.5400390625,16.440000534057617,11.869983364080008
2021-07-07,4358.1298828125,16.200000762939453,11.98030763115994
2021-07-08,4320.81982421875,19.0,11.486613866489268
2021-07-09,4369.5498046875,16.18000030517578,10.916699961967925
2021-07-12,4384.6298828125,16.170000076293945,10.87137329539992
2021-07-13,4369.2099609375,17.1200008392334,10.770757522973748
2021-07-14,4374.2998046875,16.329999923706055,10.832811968676282
2021-07-15,4360.02978515625,17.010000228881836,10.725735288297649
2021-07-16,4327.16015625,18.450000762939453,10.250709310854608
2021-07-19,4258.490234375,22.5,8.659034890450956
2021-07-20,4323.06005859375,19.729999542236328,8.4060886075858
2021-07-21,4358.68994140625,17.90999984741211,7.972392422137976
2021-07-22,4367.47998046875,17.690000534057617,8.385887413558821
2021-07-23,4411.7900390625,17.200000762939453,8.177447097385214
2021-07-26,4422.2998046875,17.579999923706055,8.160628413192347
2021-07-27,4401.4599609375,19.360000610351562,7.93218637630215
2021-07-28,4400.64013671875,18.309999465942383,8.274578596272727
2021-07-29,4419.14990234375,17.700000762939453,8.657624781109876
2021-07-30,4395.259765625,18.239999771118164,8.40567852893194
2021-08-02,4387.16015625,19.459999084472656,8.38315842359703
2021-08-03,4423.14990234375,18.040000915527344,8.023567318601483
2021-08-04,4402.66015625,17.969999313354492,7.76625881411801
2021-08-05,4429.10009765625,17.280000686645508,7.606023819501228
2021-08-06,4436.52001953125,16.149999618530273,7.761866033969644
2021-08-09,4432.35009765625,16.719999313354492,7.774218443856183
2021-08-10,4436.75,16.790000915527344,8.002516672964958
2021-08-11,4442.41015625,16.170000076293945,8.502405148780527
2021-08-12,4460.830078125,15.59000015258789,8.416977439367434
2021-08-13,4468.0,15.449999809265137,8.63343485765892
2021-08-16,4479.7099609375,16.1200008392334,9.101244242472731
2021-08-17,4448.080078125,17.90999984741211,8.752811731281449
2021-08-18,4400.27001953125,21.56999969482422,8.50420083909118
2021-08-19,4405.7998046875,21.670000076293945,10.424637220540973
2021-08-20,4441.669921875,18.559999465942383,9.940817616801713
2021-08-23,4479.52978515625,17.149999618530273,10.06395669393861
2021-08-24,4486.22998046875,17.219999313354492,11.002727438753936
2021-08-25,4496.18994140625,16.790000915527344,10.983152816706852
2021-08-26,4470.0,18.84000015258789,10.84349346445602
2021-08-27,4509.3701171875,16.389999389648438,12.407161049332979
2021-08-30,4528.7900390625,16.190000534057617,12.276692745307779
2021-08-31,4522.68017578125,16.479999542236328,12.768523548220426
2021-09-01,4524.08984375,16.110000610351562,13.609982861602395
2021-09-02,4536.9501953125,16.40999984741211,14.037160654043918
2021-09-03,4535.43017578125,16.40999984741211,14.733604272528833
2021-09-07,4520.02978515625,18.139999389648438,14.874135815272005
2021-09-08,4514.06982421875,17.959999084472656,15.268477632578605
2021-09-09,4493.27978515625,18.799999237060547,15.22140616677334
2021-09-10,4458.580078125,20.950000762939453,15.176695159677772
2021-09-13,4468.72998046875,19.3700008392334,15.134140297115692
2021-09-14,4443.0498046875,19.459999084472656,15.111715077875617
2021-09-15,4480.7001953125,18.18000030517578,16.026875498878752
2021-09-16,4473.75,18.690000534057617,16.24990406943037
2021-09-17,4432.990234375,20.809999465942383,15.93968853513652
2021-09-20,4357.72998046875,25.709999084472656,14.725676158525092
2021-09-21,4354.18994140625,24.360000610351562,14.709557654510874
2021-09-22,4395.64013671875,20.8700008392334,14.461030780684514
2021-09-23,4448.97998046875,18.6299991607666,13.976150123571266
2021-09-24,4455.47998046875,17.75,14.035250154493184
2021-09-27,4443.10986328125,18.760000228881836,13.962308534478215
2021-09-28,4352.6298828125,23.25,11.745738236490087
2021-09-29,4359.4599609375,22.559999465942383,12.037254247906015
2021-09-30,4307.5400390625,23.139999389648438,10.829370461523522
2021-10-01,4357.0400390625,21.100000381469727,10.411589385725769
2021-10-04,4300.4599609375,22.959999084472656,8.682892794425959
2021-10-05,4345.72021484375,21.299999237060547,8.383753357431791
2021-10-06,4363.5498046875,21.0,8.384702388936532
2021-10-07,4399.759765625,19.540000915527344,8.193725965754311
2021-10-08,4391.33984375,18.770000457763672,8.032696372866917
2021-10-11,4361.18994140625,20.0,7.566323598765366
2021-10-12,4350.64990234375,19.850000381469727,8.362193878126742
2021-10-13,4363.7998046875,18.639999389648438,8.410080972757653
2021-10-14,4438.259765625,16.860000610351562,6.9291156281138955
2021-10-15,4471.3701171875,16.299999237060547,6.746198416547503
2021-10-18,4486.4599609375,16.309999465942383,6.758980479027264
2021-10-19,4519.6298828125,15.699999809265137,6.6852221335323465
2021-10-20,4536.18994140625,15.489999771118164,6.675899456517291
2021-10-21,4549.77978515625,15.010000228881836,6.744732855527033
2021-10-22,4544.89990234375,15.430000305175781,6.886946533712619
2021-10-25,4566.47998046875,15.239999771118164,6.782146117338314
2021-10-26,4574.7900390625,15.979999542236328,6.788869556816154
2021-10-27,4551.68017578125,16.979999542236328,10.648128107576987
2021-10-28,4596.419921875,16.530000686645508,11.07041938971019
2021-10-29,4605.3798828125,16.260000228881836,12.992395860554245
2021-11-01,4613.669921875,16.40999984741211,13.553473003630431
2021-11-02,4630.64990234375,16.030000686645508,14.461444260371659
2021-11-03,4660.56982421875,15.100000381469727,14.476097221442277
2021-11-04,4680.06005859375,15.4399995803833,15.051618019875097
2021-11-05,4697.52978515625,16.479999542236328,16.729630579615893
2021-11-08,4701.7001953125,17.219999313354492,16.763311842031978
2021-11-09,4685.25,17.780000686645508,16.909123290850804
2021-11-10,4646.7099609375,18.729999542236328,16.959384583525726
2021-11-11,4649.27001953125,17.65999984741211,17.29907866002879
2021-11-12,4682.85009765625,16.290000915527344,17.299343035413543
2021-11-15,4682.7998046875,16.489999771118164,18.24443589654805
2021-11-16,4700.89990234375,16.3700008392334,18.45580089248932
2021-11-17,4688.669921875,17.110000610351562,18.767996456827383
2021-11-18,4704.5400390625,17.59000015258789,19.063218067590373
2021-11-19,4697.9599609375,17.90999984741211,20.17019129494894
2021-11-22,4682.93994140625,19.170000076293945,20.471266042611706
2021-11-23,4690.7001953125,19.3799991607666,20.574133516713935
2021-11-24,4701.4599609375,18.579999923706055,21.086097133514112
2021-11-26,4594.6201171875,28.6200008392334,19.242919637319908
2021-11-29,4655.27001953125,22.959999084472656,18.809351503228093
2021-11-30,4567.0,27.190000534057617,17.36458464185434
2021-12-01,4513.0400390625,31.1200008392334,16.70487911269615
2021-12-02,4577.10009765625,27.950000762939453,16.24249341726813
2021-12-03,4538.43017578125,30.670000076293945,15.811826567759478
2021-12-06,4591.669921875,27.18000030517578,17.20013997230787
2021-12-07,4686.75,21.889999389648438,15.694164609405414
2021-12-08,4701.2099609375,19.899999618530273,15.717839216164961
2021-12-09,4667.4501953125,21.579999923706055,15.5217684877868
2021-12-10,4712.02001953125,18.690000534057617,15.492666994937263
2021-12-13,4668.97021484375,20.309999465942383,15.149632519945289
2021-12-14,4634.08984375,21.889999389648438,15.782284321366136
2021-12-15,4709.85009765625,19.290000915527344,14.683344590476308
2021-12-16,4668.669921875,20.56999969482422,15.73316793636082
2021-12-17,4620.64013671875,21.56999969482422,15.689026254514433
2021-12-20,4568.02001953125,22.8700008392334,15.659461445822986
2021-12-21,4649.22998046875,21.010000228881836,15.350750568160185
2021-12-22,4696.56005859375,18.6299991607666,14.780095085134596
2021-12-23,4725.7900390625,17.959999084472656,14.714719522096525
2021-12-27,4791.18994140625,17.68000030517578,13.293850094860455
2021-12-28,4786.35009765625,17.540000915527344,13.23128830236027
2021-12-29,4793.06005859375,16.950000762939453,16.495905880560894
2021-12-30,4778.72998046875,17.329999923706055,18.23931973117779
2021-12-31,4766.18017578125,17.219999313354492,18.536306184761344
2022-01-03,4796.56005859375,16.600000381469727,18.741600836424357
2022-01-04,4793.5400390625,16.90999984741211,20.29295127111016
2022-01-05,4700.580078125,19.729999542236328,19.58032782993951
2022-01-06,4696.0498046875,19.610000610351562,19.583860829871604
2022-01-07,4677.02978515625,18.760000228881836,19.90573877068925
2022-01-10,4670.2900390625,19.399999618530273,20.665790364832134
2022-01-11,4713.06982421875,18.40999984741211,21.17316153850935
2022-01-12,4726.35009765625,17.6200008392334,21.878535111409445
2022-01-13,4659.02978515625,20.309999465942383,21.504040296921193
2022-01-14,4662.85009765625,19.190000534057617,22.4045590346159
2022-01-18,4577.10986328125,22.790000915527344,21.59149354416422
2022-01-19,4532.759765625,23.850000381469727,22.538391333063924
2022-01-20,4482.72998046875,25.59000015258789,22.371594621340645
2022-01-21,4397.93994140625,28.850000381469727,21.688702143110543
2022-01-24,4410.1298828125,29.899999618530273,22.46612920939142
2022-01-25,4356.4501953125,31.15999984741211,22.871395206873725
2022-01-26,4349.93017578125,31.959999084472656,24.199129376202485
2022-01-27,4326.509765625,30.489999771118164,24.131827787582463
2022-01-28,4431.85009765625,27.65999984741211,23.147929004799327
2022-01-31,4515.5498046875,24.829999923706055,23.121965143757308
2022-02-01,4546.5400390625,21.959999084472656,22.959469227126398
2022-02-02,4589.3798828125,22.09000015258789,22.664777285992507
2022-02-03,4477.43994140625,24.350000381469727,23.3691495210103
2022-02-04,4500.52978515625,23.219999313354492,23.2167853335487
2022-02-07,4483.8701171875,22.860000610351562,25.296136789726614
2022-02-08,4521.5400390625,21.440000534057617,25.00589948699793
2022-02-09,4587.18017578125,19.959999084472656,24.420737795205905
2022-02-10,4504.080078125,23.90999984741211,23.91394470973674
2022-02-11,4418.64013671875,27.360000610351562,24.685581781000685
2022-02-14,4401.669921875,28.329999923706055,26.008231592665126
2022-02-15,4471.06982421875,25.700000762939453,25.77006459101114
2022-02-16,4475.009765625,24.290000915527344,26.114529716782513
2022-02-17,4380.259765625,28.110000610351562,24.946317549828272
2022-02-18,4348.8701171875,27.75,25.01268576349849
2022-02-22,4304.759765625,28.809999465942383,25.153016344133555
2022-02-23,4225.5,31.020000457763672,24.38500589456634
2022-02-24,4288.7001953125,30.31999969482422,24.029585829521984
2022-02-25,4384.64990234375,27.59000015258789,23.046628999911974
2022-02-28,4373.93994140625,30.149999618530273,23.244975366343436
2022-03-01,4306.259765625,33.31999969482422,22.534825101052174
2022-03-02,4386.5400390625,30.739999771118164,22.72641987673146
2022-03-03,4363.490234375,30.479999542236328,22.59741318055041
2022-03-04,4328.8701171875,31.979999542236328,22.39232950648259
2022-03-07,4201.08984375,36.45000076293945,19.86835287864678
2022-03-08,4170.7001953125,35.130001068115234,20.057887725399635
2022-03-09,4277.8798828125,32.45000076293945,18.411753126146646
2022-03-10,4259.52001953125,30.229999542236328,18.344817041395466
2022-03-11,4204.31005859375,30.75,18.814687006450757
2022-03-14,4173.10986328125,31.770000457763672,18.6023129905626
2022-03-15,4262.4501953125,29.829999923706055,17.62918812282747
2022-03-16,4357.85986328125,26.670000076293945,16.679562410194652
2022-03-17,4411.669921875,25.670000076293945,16.10872575720568
2022-03-18,4463.1201171875,23.8700008392334,16.57255481238608
2022-03-21,4461.18017578125,23.530000686645508,16.573271576380495
2022-03-22,4511.60986328125,22.940000534057617,16.80407413273298
2022-03-23,4456.240234375,23.56999969482422,18.87774486043017
2022-03-24,4520.16015625,21.670000076293945,18.168582087135977
2022-03-25,4543.06005859375,20.809999465942383,20.057637575758925
2022-03-28,4575.52001953125,19.6299991607666,19.77963220111611
2022-03-29,4631.60009765625,18.899999618530273,21.4498181814476
2022-03-30,4602.4501953125,19.329999923706055,24.354899605210395
2022-03-31,4530.41015625,20.559999465942383,24.306778175299335
2022-04-01,4545.85986328125,19.6299991607666,24.36707632463787
2022-04-04,4582.64013671875,18.56999969482422,26.715544583543398
2022-04-05,4525.1201171875,21.030000686645508,28.952041330401414
2022-04-06,4481.14990234375,22.100000381469727,28.886937921781385
2022-04-07,4500.2099609375,21.549999237060547,30.34625125148353
2022-04-08,4488.27978515625,21.15999984741211,30.46257896745907
2022-04-11,4412.52978515625,24.3700008392334,30.442805549251677
2022-04-12,4397.4501953125,24.260000228881836,30.469561364576503
2022-04-13,4446.58984375,21.81999969482422,31.60438066840615
2022-04-14,4392.58984375,22.700000762939453,31.487974765395276
2022-04-18,4391.68994140625,22.170000076293945,32.58020471845271
2022-04-19,4462.2099609375,21.3700008392334,34.279805128315225
2022-04-20,4459.4501953125,20.31999969482422,34.22178617729673
2022-04-21,4393.66015625,22.68000030517578,34.1475407561353
2022-04-22,4271.77978515625,28.209999084472656,34.09219862626531
2022-04-25,4296.1201171875,27.020000457763672,33.96221380007362
2022-04-26,4175.2001953125,33.52000045776367,33.05261594001406
2022-04-27,4183.9599609375,31.600000381469727,33.898096501860124
2022-04-28,4287.5,29.989999771118164,33.897660842625335
2022-04-29,4131.93017578125,33.400001525878906,31.425342043485294
2022-05-02,4155.3798828125,32.34000015258789,31.457790745737395
2022-05-03,4175.47998046875,29.25,32.08920535433846
2022-05-04,4300.169921875,25.420000076293945,30.69825504125455
2022-05-05,4146.8701171875,31.200000762939453,28.103840138707227
2022-05-06,4123.33984375,30.190000534057617,28.22773720137441
2022-05-09,3991.239990234375,34.75,25.939880202389226
2022-05-10,4001.050048828125,32.9900016784668,27.400304796647873
2022-05-11,3935.179931640625,32.560001373291016,28.73441839591568
2022-05-12,3930.080078125,31.770000457763672,31.77497386330931
2022-05-13,4023.889892578125,28.8700008392334,30.35464708272226
2022-05-16,4008.010009765625,27.469999313354492,30.98865241498401
2022-05-17,4088.85009765625,26.100000381469727,31.54754439748284
2022-05-18,3923.679931640625,30.959999084472656,28.75924996404206
2022-05-19,3900.7900390625,29.350000381469727,30.243453571516742
2022-05-20,3901.360107421875,29.43000030517578,30.236535515525198
2022-05-23,3973.75,28.479999542236328,29.640863711782572
2022-05-24,3941.47998046875,29.450000762939453,31.569966630338335
2022-05-25,3978.72998046875,28.3700008392334,31.37810774102867
2022-05-26,4057.840087890625,27.5,31.124128420656337
2022-05-27,4158.240234375,25.719999313354492,29.522906887150675
2022-05-31,4132.14990234375,26.190000534057617,29.55955423599166
2022-06-01,4101.22998046875,25.690000534057617,29.959026916451986
2022-06-02,4176.81982421875,24.719999313354492,28.986600216917623
2022-06-03,4108.5400390625,24.790000915527344,28.739382973686517
2022-06-06,4121.43017578125,25.06999969482422,29.343020734600266
2022-06-07,4160.68017578125,24.020000457763672,29.02402401810351
2022-06-08,4115.77001953125,23.959999084472656,29.050152215627417
2022-06-09,4017.820068359375,26.09000015258789,28.142762189191995
2022-06-10,3900.860107421875,27.75,26.38326016443284
2022-06-13,3749.6298828125,34.02000045776367,22.438673493858882
2022-06-14,3735.47998046875,32.689998626708984,23.263590560016247
2022-06-15,3789.989990234375,29.6200008392334,23.01577331090531
2022-06-16,3666.77001953125,32.95000076293945,21.35611187127585
2022-06-17,3674.840087890625,31.1299991607666,21.368451917175495
2022-06-21,3764.7900390625,30.190000534057617,20.166896062389377
2022-06-22,3759.889892578125,28.950000762939453,20.567503450521524
2022-06-23,3795.72998046875,29.049999237060547,20.411379017730365
2022-06-24,3911.739990234375,27.229999542236328,18.194537934150958
2022-06-27,3900.110107421875,26.950000762939453,20.20217593968367
2022-06-28,3821.550048828125,28.360000610351562,18.86414543536146
2022-06-29,3818.830078125,28.15999984741211,19.189697482236806
2022-06-30,3785.3798828125,28.709999084472656,18.806045444486607
2022-07-01,3825.330078125,26.700000762939453,19.00095719679622
2022-07-05,3831.389892578125,27.540000915527344,19.45918831862601
2022-07-06,3845.080078125,26.729999542236328,19.525607068084778
2022-07-07,3902.6201171875,26.079999923706055,19.16607470067656
2022-07-08,3899.3798828125,24.639999389648438,19.176514759538694
2022-07-11,3854.429931640625,26.170000076293945,18.64104946999365
2022-07-12,3818.800048828125,27.290000915527344,19.040149680806756
2022-07-13,3801.780029296875,26.81999969482422,18.857009629534492
2022-07-14,3790.3798828125,26.399999618530273,19.095365226475103
2022-07-15,3863.159912109375,24.229999542236328,18.483232139698398
2022-07-18,3830.85009765625,25.299999237060547,17.872526631716326
2022-07-19,3936.68994140625,24.5,16.54369489234203
2022-07-20,3959.89990234375,23.8799991607666,16.536995112929496
2022-07-21,3998.949951171875,23.110000610351562,17.34838010116232
2022-07-22,3961.6298828125,23.030000686645508,18.872172291991358
2022-07-25,3966.840087890625,23.360000610351562,18.930285802458936
2022-07-26,3921.050048828125,24.690000534057617,18.281226337153505
2022-07-27,4023.610107421875,23.239999771118164,16.786095819576875
2022-07-28,4072.429931640625,22.329999923706055,20.54922399756975
2022-07-29,4130.2900390625,21.329999923706055,19.983199027290695
2022-08-01,4118.6298828125,22.84000015258789,20.27274778747163
2022-08-02,4091.18994140625,23.93000030517578,20.313777556139105
2022-08-03,4155.169921875,21.950000762939453,19.426979108545442
2022-08-04,4151.93994140625,21.440000534057617,19.64270807719676
2022-08-05,4145.18994140625,21.149999618530273,19.644625180545034
2022-08-08,4140.06005859375,21.290000915527344,20.947387876436398
2022-08-09,4122.47021484375,21.770000457763672,21.128404566056325
2022-08-10,4210.240234375,19.739999771118164,20.42525242688272
2022-08-11,4207.27001953125,20.200000762939453,20.85648114382173
2022-08-12,4280.14990234375,19.530000686645508,24.580993047350148
2022-08-15,4297.14013671875,19.950000762939453,24.55802399977351
2022-08-16,4305.2001953125,19.690000534057617,24.583806412901836
2022-08-17,4274.0400390625,19.899999618530273,24.583074547105163
2022-08-18,4283.740234375,19.559999465942383,24.795843157710635
2022-08-19,4228.47998046875,20.600000381469727,24.731041899233244
2022-08-22,4137.990234375,23.799999237060547,24.39134685579444
2022-08-23,4128.72998046875,24.110000610351562,24.42410526276748
2022-08-24,4140.77001953125,22.81999969482422,24.660828319227743
2022-08-25,4199.1201171875,21.780000686645508,23.66549369864642
2022-08-26,4057.659912109375,25.559999465942383,21.44730316933363
2022-08-29,4030.610107421875,26.209999084472656,23.055213043950708
2022-08-30,3986.159912109375,26.209999084472656,23.726695858267107
2022-08-31,3955.0,25.8700008392334,23.998537933755042
2022-09-01,3966.85009765625,25.559999465942383,26.087877419693296
2022-09-02,3924.260009765625,25.469999313354492,28.41241245593618
2022-09-06,3908.18994140625,26.90999984741211,28.398870399575564
2022-09-07,3979.8701171875,24.639999389648438,27.609311272952024
2022-09-08,4006.179931640625,23.610000610351562,28.731705375660148
2022-09-09,4067.360107421875,22.790000915527344,27.829839283466395
2022-09-12,4110.41015625,23.8700008392334,27.200672710138146
2022-09-13,3932.68994140625,27.270000457763672,23.48747048099057
2022-09-14,3946.010009765625,26.15999984741211,25.59997212095925
2022-09-15,3901.35009765625,26.270000457763672,26.44629776422499
2022-09-16,3873.330078125,26.299999237060547,28.39554980823072
2022-09-19,3899.889892578125,25.760000228881836,28.624836580462777
2022-09-20,3855.929931640625,27.15999984741211,28.483987527645855
2022-09-21,3789.929931640625,27.989999771118164,28.036346311755207
2022-09-22,3757.989990234375,27.350000381469727,29.20497145512617
2022-09-23,3693.22998046875,29.920000076293945,28.77172998186114
2022-09-26,3655.0400390625,32.2599983215332,28.87787127220795
2022-09-27,3647.2900390625,32.599998474121094,29.044348961016446
2022-09-28,3719.0400390625,30.18000030517578,28.48811414214523
2022-09-29,3640.469970703125,31.84000015258789,28.34289862480222
2022-09-30,3585.6201171875,31.6200008392334,27.831482580722856
2022-10-03,3678.429931640625,30.100000381469727,26.767666201239294
2022-10-04,3790.929931640625,29.06999969482422,26.379455924888262
2022-10-05,3783.280029296875,28.549999237060547,26.614473596810683
2022-10-06,3744.52001953125,30.520000457763672,26.822532945106886
2022-10-07,3639.659912109375,31.360000610351562,24.85007912303306
2022-10-10,3612.389892578125,32.45000076293945,24.621868516680752
2022-10-11,3588.840087890625,33.630001068115234,25.791534799927636
2022-10-12,3577.030029296875,33.56999969482422,31.321316929186004
2022-10-13,3669.909912109375,31.940000534057617,30.449105379633878
2022-10-14,3583.070068359375,32.02000045776367,29.129759232566105
2022-10-17,3677.949951171875,31.3700008392334,28.123693816947615
2022-10-18,3719.97998046875,30.5,28.28979967522044
2022-10-19,3695.159912109375,30.760000228881836,28.162142945076184
2022-10-20,3665.780029296875,29.979999542236328,27.872742239464994
2022-10-21,3752.75,29.690000534057617,27.03347057197316
2022-10-24,3797.340087890625,29.850000381469727,27.112843470272153
2022-10-25,3859.110107421875,28.459999084472656,26.693660533310165
2022-10-26,3830.60009765625,27.280000686645508,26.489209785132005
2022-10-27,3807.300048828125,27.389999389648438,27.06711386507618
2022-10-28,3901.06005859375,25.75,25.824109175591232
2022-10-31,3871.97998046875,25.8799991607666,27.59843085196192
2022-11-01,3856.10009765625,25.809999465942383,27.52345355472483
2022-11-02,3759.68994140625,25.860000610351562,25.63893436799387
2022-11-03,3719.889892578125,25.299999237060547,26.28548146662768
2022-11-04,3770.550048828125,24.549999237060547,26.72051457161696
2022-11-07,3806.800048828125,24.350000381469727,26.61163439460686
2022-11-08,3828.110107421875,25.540000915527344,26.656197163779876
2022-11-09,3748.570068359375,26.09000015258789,25.5942618501765
2022-11-10,3956.3701171875,23.530000686645508,18.089334571409555
2022-11-11,3992.929931640625,22.520000457763672,17.98298347257396
2022-11-14,3957.25,23.729999542236328,17.821258102223922
2022-11-15,3991.72998046875,24.540000915527344,19.63067138811372
2022-11-16,3958.7900390625,24.110000610351562,19.789287505226984
2022-11-17,3946.56005859375,23.93000030517578,19.964108337614412
2022-11-18,3965.340087890625,23.1200008392334,19.856995290894464
2022-11-21,3949.93994140625,22.360000610351562,20.640061449013032
2022-11-22,4003.580078125,21.290000915527344,20.467555791588538
2022-11-23,4027.260009765625,20.350000381469727,20.46525179045702
2022-11-25,4026.1201171875,20.5,20.462299970980027
2022-11-28,3963.93994140625,22.209999084472656,20.214469369728235
2022-11-29,3957.6298828125,21.889999389648438,21.31907708755294
2022-11-30,4080.110107421875,20.579999923706055,17.90887891562268
2022-12-01,4076.570068359375,19.84000015258789,17.897145369866188
2022-12-02,4071.699951171875,19.059999465942383,18.26085634642121
2022-12-05,3998.840087890625,20.75,17.709586771251722
2022-12-06,3941.260009765625,22.170000076293945,19.101990354982938
2022-12-07,3933.919921875,22.68000030517578,19.096343386361344
2022-12-08,3963.510009765625,22.290000915527344,19.068744150783676
2022-12-09,3934.3798828125,22.829999923706055,19.43141203913194
2022-12-12,3990.56005859375,25.0,18.81946116234787
2022-12-13,4019.64990234375,22.549999237060547,18.69204968526514
2022-12-14,3995.320068359375,21.139999389648438,18.585471532191658
2022-12-15,3895.75,22.829999923706055,17.197156786788057
2022-12-16,3852.360107421875,22.6200008392334,16.938429496082506
2022-12-19,3817.659912109375,22.420000076293945,17.669691651775796
2022-12-20,3821.6201171875,21.479999542236328,17.994995541551322
2022-12-21,3878.43994140625,20.06999969482422,17.44675430313475
2022-12-22,3822.389892578125,21.969999313354492,16.443831605279875
2022-12-23,3844.820068359375,20.8700008392334,16.673522060155165
2022-12-27,3829.25,21.649999618530273,16.497521853762237
2022-12-28,3783.219970703125,22.139999389648438,16.610504938949955
2022-12-29,3849.280029296875,21.440000534057617,16.33195218419444
2022-12-30,3839.5,21.670000076293945,16.420242734938135
2023-01-03,3824.139892578125,22.899999618530273,16.633034442332182
2023-01-04,3852.969970703125,22.010000228881836,17.3319020764184
2023-01-05,3808.10009765625,22.459999084472656,16.821664306249026
2023-01-06,3895.080078125,21.1299991607666,15.739722672055173
2023-01-09,3892.090087890625,21.969999313354492,16.461291390323236
2023-01-10,3919.25,20.579999923706055,16.852194513466447
2023-01-11,3969.610107421875,21.09000015258789,16.387174672073467
2023-01-12,3983.169921875,18.829999923706055,16.737716721201178
2023-01-13,3999.090087890625,18.350000381469727,16.73295599754588
2023-01-17,3990.969970703125,19.360000610351562,16.68405608430649
2023-01-18,3928.860107421875,20.34000015258789,16.455978115437052
2023-01-19,3898.85009765625,20.520000457763672,16.181699733488585
2023-01-20,3972.610107421875,19.850000381469727,16.770632279683873
2023-01-23,4019.81005859375,19.809999465942383,16.245319755882885
2023-01-24,4016.949951171875,19.200000762939453,16.361776092563375
2023-01-25,4016.219970703125,19.079999923706055,16.764514646419286
2023-01-26,4060.429931640625,18.729999542236328,16.299317867531542
2023-01-27,4070.56005859375,18.510000228881836,16.26578795548252
2023-01-30,4017.77001953125,19.940000534057617,15.748347973926691
2023-01-31,4076.60009765625,19.399999618530273,15.0627617928657
2023-02-01,4119.2099609375,17.8700008392334,15.716247989458898
2023-02-02,4179.759765625,18.729999542236328,14.699061076323403
2023-02-03,4136.47998046875,18.329999923706055,15.178571327657814
2023-02-06,4111.080078125,19.43000030517578,15.128641339951695
2023-02-07,4164.0,18.65999984741211,15.32961051803969
2023-02-08,4117.85986328125,19.6299991607666,15.606727809545983
2023-02-09,4081.5,20.709999084472656,15.469168176603814
2023-02-10,4090.4599609375,20.530000686645508,16.757087992091556
2023-02-13,4137.2900390625,20.34000015258789,16.099500418977264
2023-02-14,4136.1298828125,18.90999984741211,17.563430143852848
2023-02-15,4147.60009765625,18.229999542236328,17.737149080002116
2023-02-16,4090.409912109375,20.170000076293945,17.68589017306382
2023-02-17,4079.090087890625,20.020000457763672,18.379511394397053
2023-02-21,3997.340087890625,22.8700008392334,17.934102005033605
2023-02-22,3991.050048828125,22.290000915527344,17.97625741508768
2023-02-23,4012.320068359375,21.139999389648438,17.989169814932072
2023-02-24,3970.0400390625,21.670000076293945,17.619122359190385
2023-02-27,3982.239990234375,20.950000762939453,17.5936212000115
2023-02-28,3970.14990234375,20.700000762939453,18.230470325623653
2023-03-01,3951.389892578125,20.579999923706055,18.19770970989487
2023-03-02,3981.35009765625,19.59000015258789,18.642843098043382
2023-03-03,4045.639892578125,18.489999771118164,17.90835354527471
2023-03-06,4048.419921875,18.610000610351562,18.059932485104575
2023-03-07,3986.3701171875,19.59000015258789,17.14322208408282
2023-03-08,3992.010009765625,19.110000610351562,17.162496872394517
2023-03-09,3918.320068359375,22.610000610351562,15.55793392060632
2023-03-10,3861.590087890625,24.799999237060547,14.34170548665445
2023-03-13,3855.760009765625,26.520000457763672,14.47341817917565
2023-03-14,3919.2900390625,23.729999542236328,14.138621408189527
2023-03-15,3891.929931640625,26.139999389648438,13.812286871624563
2023-03-16,3960.280029296875,22.989999771118164,12.772348601906835
2023-03-17,3916.639892578125,25.510000228881836,11.838595477635055
2023-03-20,3951.570068359375,24.149999618530273,11.665720993497523
2023-03-21,4002.8701171875,21.3799991607666,11.349942738872842
2023-03-22,3936.969970703125,22.260000228881836,9.263254519486393
2023-03-23,3948.719970703125,22.610000610351562,9.273487107597523
2023-03-24,3970.989990234375,21.739999771118164,11.103171193367292
2023-03-27,3977.530029296875,20.600000381469727,11.237190271287695
2023-03-28,3971.27001953125,19.969999313354492,12.87347939935588
2023-03-29,4027.81005859375,19.1200008392334,12.31756039772283
2023-03-30,4050.830078125,19.020000457763672,12.245442954560414
2023-03-31,4109.31005859375,18.700000762939453,12.083369363660697
2023-04-03,4124.509765625,18.549999237060547,12.25303505199116
2023-04-04,4100.60009765625,19.0,12.342533442868419
2023-04-05,4090.3798828125,19.079999923706055,13.913684471084133
2023-04-06,4105.02001953125,18.399999618530273,13.869650109421967
2023-04-10,4109.10986328125,18.969999313354492,13.973112174743163
2023-04-11,4108.93994140625,19.100000381469727,14.053998193994108
2023-04-12,4091.949951171875,19.09000015258789,13.98123189189028
2023-04-13,4146.22021484375,17.799999237060547,13.20140842987476
2023-04-14,4137.64013671875,17.06999969482422,13.229028218421302
2023-04-17,4151.31982421875,16.950000762939453,13.348771416933044
2023-04-18,4154.8701171875,16.829999923706055,14.010762799941398
2023-04-19,4154.52001953125,16.459999084472656,14.380162630188199
2023-04-20,4129.7900390625,17.170000076293945,14.208203923555615
2023-04-21,4133.52001953125,16.770000457763672,14.20929827828763
2023-04-24,4137.0400390625,16.889999389648438,14.800154641478326
2023-04-25,4071.6298828125,18.760000228881836,13.899078082983193
2023-04-26,4055.989990234375,18.84000015258789,14.083438745174428
2023-04-27,4135.35009765625,17.030000686645508,13.181501228952477
2023-04-28,4169.47998046875,15.779999732971191,12.903125927020664
2023-05-01,4167.8701171875,16.079999923706055,13.099528862576504
2023-05-02,4119.580078125,17.780000686645508,12.771076988304692
2023-05-03,4090.75,18.34000015258789,13.194622938245331
2023-05-04,4061.219970703125,20.09000015258789,12.843225518704488
2023-05-05,4136.25,17.190000534057617,11.474355776103646
2023-05-08,4138.1201171875,16.979999542236328,11.625865776157603
2023-05-09,4119.169921875,17.709999084472656,11.516599816833567
2023-05-10,4137.64013671875,16.940000534057617,11.48338656092798
2023-05-11,4130.6201171875,16.93000030517578,11.687326042488909
2023-05-12,4124.080078125,17.030000686645508,11.698026510813659
2023-05-15,4136.27978515625,17.1200008392334,11.71663686453207
2023-05-16,4109.89990234375,17.989999771118164,11.670191998934381
2023-05-17,4158.77001953125,16.8700008392334,11.51632167307205
2023-05-18,4198.0498046875,16.049999237060547,11.535601100540353
2023-05-19,4191.97998046875,16.809999465942383,11.7573737546444
2023-05-22,4192.6298828125,17.209999084472656,11.75400737020829
2023-05-23,4145.580078125,18.530000686645508,11.294840563452576
2023-05-24,4115.240234375,20.030000686645508,11.029144530276195
2023-05-25,4151.27978515625,19.139999389648438,11.258152360659995
2023-05-26,4205.4501953125,17.950000762939453,10.631686782133368
2023-05-30,4205.52001953125,17.459999084472656,10.643897047711347
2023-05-31,4179.830078125,17.940000534057617,10.748168143221921
2023-06-01,4221.02001953125,15.649999618530273,10.47050842415122
2023-06-02,4282.3701171875,14.600000381469727,9.639229689770072
2023-06-05,4273.7900390625,14.729999542236328,10.141849837541782
2023-06-06,4283.85009765625,13.960000038146973,10.248040628295302
2023-06-07,4267.52001953125,13.9399995803833,10.084629284877952
2023-06-08,4293.93017578125,13.649999618530273,10.118058815891422
2023-06-09,4298.85986328125,13.829999923706055,10.312838935998647
2023-06-12,4338.93017578125,15.010000228881836,10.240504534090602
2023-06-13,4369.009765625,14.609999656677246,10.11390747747539
2023-06-14,4372.58984375,13.880000114440918,10.143951226997077
2023-06-15,4425.83984375,14.5,9.625815627955474
2023-06-16,4409.58984375,13.539999961853027,9.452490961343802
2023-06-20,4388.7099609375,13.880000114440918,9.650234875235208
2023-06-21,4365.68994140625,13.199999809265137,9.342024118924806
2023-06-22,4381.89013671875,12.90999984741211,9.350845191690475
2023-06-23,4348.330078125,13.4399995803833,8.68636963516438
2023-06-26,4328.81982421875,14.25,8.38054529200338
2023-06-27,4378.41015625,13.739999771118164,8.286320821326608
2023-06-28,4376.85986328125,13.430000305175781,8.708601619986894
2023-06-29,4396.43994140625,13.539999961853027,8.671530866429624
2023-06-30,4450.3798828125,13.59000015258789,7.97965439737344
2023-07-03,4455.58984375,13.569999694824219,9.574940273469009
2023-07-05,4446.81982421875,14.180000305175781,9.596785663216792
2023-07-06,4411.58984375,15.4399995803833,9.340942753853518
2023-07-07,4398.9501953125,14.829999923706055,9.665182697350923
2023-07-10,4409.52978515625,15.069999694824219,9.839136471487567
2023-07-11,4439.259765625,14.84000015258789,9.980108471564911
2023-07-12,4472.16015625,13.539999961853027,9.642729834558764
2023-07-13,4510.0400390625,13.609999656677246,9.139795483624438
2023-07-14,4505.419921875,13.34000015258789,9.386343909562248
2023-07-17,4522.7900390625,13.479999542236328,10.057949936996838
2023-07-18,4554.97998046875,13.300000190734863,9.871235719278747
2023-07-19,4565.72021484375,13.760000228881836,9.980428819851882
2023-07-20,4534.8701171875,13.989999771118164,9.850685606667053
2023-07-21,4536.33984375,13.600000381469727,10.276021708834193
2023-07-24,4554.64013671875,13.90999984741211,10.087313310066842
2023-07-25,4567.4599609375,13.859999656677246,10.919072376730313
2023-07-26,4566.75,13.1899995803833,11.686953645662877
2023-07-27,4537.41015625,14.40999984741211,11.944868293719619
2023-07-28,4582.22998046875,13.329999923706055,11.579133048701094
2023-07-31,4588.9599609375,13.630000114440918,12.809054134128917
2023-08-01,4576.72998046875,13.930000305175781,12.896993592280435
2023-08-02,4513.39013671875,16.09000015258789,11.970141788385284
2023-08-03,4501.89013671875,15.920000076293945,11.950904929886445
2023-08-04,4478.02978515625,17.100000381469727,11.892989415605983
2023-08-07,4518.43994140625,15.770000457763672,11.692414853558986
2023-08-08,4499.3798828125,15.989999771118164,11.657677243576044
2023-08-09,4467.7099609375,15.960000038146973,11.425256025748435
2023-08-10,4468.830078125,15.850000381469727,11.66678738675625
2023-08-11,4464.0498046875,14.84000015258789,11.839902357064162
2023-08-14,4489.72021484375,14.819999694824219,11.665653063449968
2023-08-15,4437.85986328125,16.459999084472656,11.25835729013202
2023-08-16,4404.330078125,16.780000686645508,11.792864541692497
2023-08-17,4370.35986328125,17.889999389648438,11.406070737672158
2023-08-18,4369.7099609375,17.299999237060547,11.45029577745215
2023-08-21,4399.77001953125,17.1299991607666,11.752226714186484
2023-08-22,4387.5498046875,16.969999313354492,13.059599950723902
2023-08-23,4436.009765625,15.979999542236328,12.363373886999646
2023-08-24,4376.31005859375,17.200000762939453,11.639755755180502
2023-08-25,4405.7099609375,15.680000305175781,12.349477936028904
2023-08-28,4433.31005859375,15.079999923706055,12.049314486781585
2023-08-29,4497.6298828125,14.449999809265137,10.919008117448186
2023-08-30,4514.8701171875,13.880000114440918,10.701399220197597
2023-08-31,4507.66015625,13.569999694824219,10.734041628779181
2023-09-01,4515.77001953125,13.09000015258789,11.319052365726229
2023-09-05,4496.830078125,14.010000228881836,11.952534209270057
2023-09-06,4465.47998046875,14.449999809265137,11.846988914706106
2023-09-07,4451.14013671875,14.399999618530273,12.79146731970336
2023-09-08,4457.490234375,13.84000015258789,13.042182270874376
2023-09-11,4487.4599609375,13.800000190734863,12.93545480437969
2023-09-12,4461.89990234375,14.229999542236328,12.978146396978744
2023-09-13,4467.43994140625,13.479999542236328,13.081119647302877
2023-09-14,4505.10009765625,12.819999694824219,12.65062813263669
2023-09-15,4450.31982421875,13.789999961853027,12.768523120129464
2023-09-18,4453.52978515625,14.0,12.759152477627897
2023-09-19,4443.9501953125,14.109999656677246,13.486851165058145
2023-09-20,4402.2001953125,15.140000343322754,13.421405965083538
2023-09-21,4330.0,17.540000915527344,12.92779331004593
2023-09-22,4320.06005859375,17.200000762939453,12.922855200149193
2023-09-25,4337.43994140625,16.899999618530273,13.131805942093916
2023-09-26,4273.52978515625,18.940000534057617,13.079186881568216
2023-09-27,4274.509765625,18.219999313354492,13.602990030744625
2023-09-28,4299.7001953125,17.34000015258789,13.369238656081597
2023-09-29,4288.0498046875,17.520000457763672,14.216109636982244
2023-10-02,4288.39013671875,17.610000610351562,14.467050680424547
2023-10-03,4229.4501953125,19.780000686645508,14.208686426140247
2023-10-04,4263.75,18.579999923706055,15.385693155232596
2023-10-05,4258.18994140625,18.489999771118164,15.659783376391148
2023-10-06,4308.5,17.450000762939453,15.179627142339683
2023-10-09,4335.66015625,17.700000762939453,15.064391402154953
2023-10-10,4358.240234375,17.030000686645508,14.968328373368822
2023-10-11,4376.9501953125,16.09000015258789,15.164183523131522
2023-10-12,4349.60986328125,16.690000534057617,15.943363107045908
2023-10-13,4327.77978515625,19.31999969482422,15.818646053871408
2023-10-16,4373.6298828125,17.209999084472656,16.699715837864098
2023-10-17,4373.2001953125,17.8799991607666,16.692013998257398
2023-10-18,4314.60009765625,19.219999313354492,15.793351320310272
2023-10-19,4278.0,21.399999618530273,15.321656446952133
2023-10-20,4224.16015625,21.709999084472656,14.354773909861965
2023-10-23,4217.0400390625,20.3700008392334,14.370566533302084
2023-10-24,4247.68017578125,18.969999313354492,14.308206091475054
2023-10-25,4186.77001953125,20.190000534057617,12.824036007762107
2023-10-26,4137.22998046875,20.68000030517578,11.675472322297864
2023-10-27,4117.3701171875,21.270000457763672,11.256246876760319
2023-10-30,4166.81982421875,19.75,11.111985069515178
2023-10-31,4193.7998046875,18.139999389648438,11.082075948884269
2023-11-01,4237.85986328125,16.8700008392334,10.86069619293454
2023-11-02,4317.77978515625,15.65999984741211,9.878016916663109
2023-11-03,4358.33984375,14.90999984741211,9.631323677552091
2023-11-06,4365.97998046875,14.890000343322754,9.863841205032879
2023-11-07,4378.3798828125,14.8100004196167,10.076930241973832
2023-11-08,4382.77978515625,14.449999809265137,10.087350358818123
2023-11-09,4347.35009765625,15.289999961853027,9.348559385543908
2023-11-10,4415.240234375,14.170000076293945,8.192104089162983
2023-11-13,4411.5498046875,14.760000228881836,8.956972136585415
2023-11-14,4495.7001953125,14.15999984741211,6.868966215199972
2023-11-15,4502.8798828125,14.180000305175781,6.9152553374395
2023-11-16,4508.240234375,14.319999694824219,6.947950097153926
2023-11-17,4514.02001953125,13.800000190734863,7.035516259735431
2023-11-20,4547.3798828125,13.40999984741211,9.048191916117226
2023-11-21,4538.18994140625,13.350000381469727,9.427390019435416
2023-11-22,4556.6201171875,12.850000381469727,9.402615968113176
2023-11-24,4559.33984375,12.460000038146973,9.417074734385574
2023-11-27,4550.43017578125,12.6899995803833,9.301205642620683
2023-11-28,4554.89013671875,12.6899995803833,9.31498567263139
2023-11-29,4550.580078125,12.979999542236328,9.42074855021491
2023-11-30,4567.7998046875,12.920000076293945,9.788530204480619
2023-12-01,4594.6298828125,12.630000114440918,10.235732255529427
2023-12-04,4569.77978515625,13.079999923706055,10.097583326272701
2023-12-05,4567.18017578125,12.850000381469727,10.078076228320294
2023-12-06,4549.33984375,12.970000267028809,10.78978679265179
2023-12-07,4585.58984375,13.0600004196167,10.650112946909879
2023-12-08,4604.3701171875,12.350000381469727,10.707072092140066
2023-12-11,4622.43994140625,12.630000114440918,10.711658056848812
2023-12-12,4643.7001953125,12.069999694824219,10.659037991973026
2023-12-13,4707.08984375,12.1899995803833,9.827982208884777
2023-12-14,4719.5498046875,12.479999542236328,10.0264758055425
2023-12-15,4719.18994140625,12.279999732971191,10.454805046336539
2023-12-18,4740.56005859375,12.5600004196167,11.137356020726605
2023-12-19,4768.3701171875,12.529999732971191,11.007462341524517
2023-12-20,4698.35009765625,13.670000076293945,9.442180422531232
2023-12-21,4746.75,13.649999618530273,8.911039556671097
2023-12-22,4754.6298828125,13.029999732971191,9.019991700823146
2023-12-26,4774.75,12.989999771118164,8.984230539275105
2023-12-27,4781.580078125,12.430000305175781,9.252939605925954
2023-12-28,4783.35009765625,12.470000267028809,9.273118298486748
2023-12-29,4769.830078125,12.449999809265137,11.036975821371417
2024-01-02,4742.830078125,13.199999809265137,11.480028181494543
2024-01-03,4704.81005859375,14.039999961853027,11.321577698606179
2024-01-04,4688.68017578125,14.130000114440918,11.305835648025509
2024-01-05,4697.240234375,13.350000381469727,11.303360368831465
2024-01-08,4763.5400390625,13.079999923706055,10.724365360060368
2024-01-09,4756.5,12.760000228881836,10.657628850565619
2024-01-10,4783.4501953125,12.6899995803833,10.660616742626763
2024-01-11,4780.240234375,12.4399995803833,10.671015148772575
2024-01-12,4783.830078125,12.699999809265137,12.042079841594866
2024-01-16,4765.97998046875,13.84000015258789,12.169918772905753
2024-01-17,4739.2099609375,14.789999961853027,11.873230056709216
2024-01-18,4780.93994140625,14.130000114440918,11.949937063816575
2024-01-19,4839.81005859375,13.300000190734863,11.6859484604207
2024-01-22,4850.43017578125,13.1899995803833,11.681612789791515
2024-01-23,4864.60009765625,12.550000190734863,13.5178560902672
2024-01-24,4868.5498046875,13.140000343322754,13.524503153714878
2024-01-25,4894.16015625,13.449999809265137,13.622303802905186
2024-01-26,4890.97021484375,13.260000228881836,13.595984881157749
2024-01-29,4927.93017578125,13.600000381469727,13.479299573859294
2024-01-30,4924.97021484375,13.3100004196167,13.523682597519443
2024-01-31,4845.64990234375,14.350000381469727,12.009817782503434
2024-02-01,4906.18994140625,13.880000114440918,11.550665035993548
2024-02-02,4958.60986328125,13.850000381469727,11.87509229974645
2024-02-05,4942.81005859375,13.670000076293945,11.842486193042634
2024-02-06,4954.22998046875,13.0600004196167,12.221421615881898
2024-02-07,4995.06005859375,12.829999923706055,12.332475645994167
2024-02-08,4997.91015625,12.789999961853027,12.357477517973722
2024-02-09,5026.60986328125,12.930000305175781,12.747306497762917
2024-02-12,5021.83984375,13.930000305175781,12.774341533709183
2024-02-13,4953.169921875,15.850000381469727,11.659536680198292
2024-02-14,5000.6201171875,14.380000114440918,11.653151267206672
2024-02-15,5029.72998046875,14.010000228881836,11.679514612829802
2024-02-16,5005.56982421875,14.239999771118164,11.570850150934403
2024-02-20,4975.509765625,15.420000076293945,11.481132618110317
2024-02-21,4981.7998046875,15.34000015258789,11.478413404085014
2024-02-22,5087.02978515625,14.539999961853027,9.357730787875031
2024-02-23,5088.7998046875,13.75,9.477751744447382
2024-02-26,5069.52978515625,13.739999771118164,9.41808720986143
2024-02-27,5078.18017578125,13.430000305175781,9.756897326602118
2024-02-28,5069.759765625,13.84000015258789,9.68824381593452
2024-02-29,5096.27001953125,13.399999618530273,9.681743051150084
2024-03-01,5137.080078125,13.109999656677246,9.807964572681097
2024-03-04,5130.9501953125,13.489999771118164,9.786252236161477
2024-03-05,5078.64990234375,14.460000038146973,10.115809220676256
2024-03-06,5104.759765625,14.5,10.639897030594316
2024-03-07,5157.35986328125,14.4399995803833,10.08809228339969
2024-03-08,5123.68994140625,14.739999771118164,9.767777259205559
2024-03-11,5117.93994140625,15.220000267028809,10.386700003659804
2024-03-12,5175.27001953125,13.84000015258789,9.973377629857033
2024-03-13,5165.31005859375,13.75,11.216029131961193
2024-03-14,5150.47998046875,14.399999618530273,11.90700053174414
2024-03-15,5117.08984375,14.40999984741211,11.738324026654348
2024-03-18,5149.419921875,14.329999923706055,11.587584410288395
2024-03-19,5178.509765625,13.819999694824219,11.321032960991873
2024-03-20,5224.6201171875,13.039999961853027,10.916942368308376
2024-03-21,5241.52978515625,12.920000076293945,11.424477098020427
2024-03-22,5234.18017578125,13.0600004196167,12.418647150219861
2024-03-25,5218.18994140625,13.1899995803833,12.419018403446916
2024-03-26,5203.580078125,13.239999771118164,12.460493471658733
2024-03-27,5248.490234375,12.779999732971191,12.629802852391988
2024-03-28,5254.35009765625,13.010000228881836,12.700682114724597
2024-04-01,5243.77001953125,13.649999618530273,13.671003053193994
2024-04-02,5205.81005859375,14.609999656677246,13.546505178935783
2024-04-03,5211.490234375,14.329999923706055,14.032000094666177
2024-04-04,5147.2099609375,16.350000381469727,14.211077938595542
2024-04-05,5204.33984375,16.030000686645508,14.13727957301259
2024-04-08,5202.39013671875,15.1899995803833,14.147368872225597
2024-04-09,5209.91015625,14.979999542236328,14.13588795314073
2024-04-10,5160.64013671875,15.800000190734863,13.82639450585414
2024-04-11,5199.06005859375,14.90999984741211,13.604888985663713
2024-04-12,5123.41015625,17.309999465942383,12.489946144103873
2024-04-15,5061.81982421875,19.229999542236328,11.616292382349355
2024-04-16,5051.41015625,18.399999618530273,12.01965097500587
2024-04-17,5022.2099609375,18.209999084472656,11.768278488411482
2024-04-18,5011.1201171875,18.0,11.654228032751753
2024-04-19,4967.22998046875,18.709999084472656,10.908940788503138
2024-04-22,5010.60009765625,16.940000534057617,10.722558541522666
2024-04-23,5070.5498046875,15.6899995803833,10.360587795669288
2024-04-24,5071.6298828125,15.970000267028809,10.866046226012852
2024-04-25,5048.419921875,15.369999885559082,10.746316504658571
2024-04-26,5099.9599609375,15.029999732971191,10.382225605805676
2024-04-29,5116.169921875,14.670000076293945,10.851924944012469
2024-04-30,5035.68994140625,15.649999618530273,9.305495318970523
2024-05-01,5018.39013671875,15.390000343322754,9.329029730086097
2024-05-02,5064.2001953125,14.680000305175781,9.01209887908984
2024-05-03,5127.7900390625,13.489999771118164,8.169495278894374
2024-05-06,5180.740234375,13.489999771118164,8.386967811960384
2024-05-07,5187.7001953125,13.229999542236328,8.409152268683574
2024-05-08,5187.669921875,13.0,8.442809652665582
2024-05-09,5214.080078125,12.6899995803833,8.350999387833426
2024-05-10,5222.68017578125,12.550000190734863,8.364259556940613
2024-05-13,5221.419921875,13.600000381469727,8.690355789498508
2024-05-14,5246.68017578125,13.420000076293945,8.62322149422817
2024-05-15,5308.14990234375,12.449999809265137,7.840727690448198
2024-05-16,5297.10009765625,12.420000076293945,8.063935359592742
2024-05-17,5303.27001953125,11.989999771118164,8.06925032669107
2024-05-20,5308.1298828125,12.149999618530273,8.194513740353866
2024-05-21,5321.41015625,11.859999656677246,8.250138835891217
2024-05-22,5307.009765625,12.289999961853027,8.27290721856693
2024-05-23,5267.83984375,12.770000457763672,7.689883827887536
2024-05-24,5304.72021484375,11.930000305175781,7.45463526709112
2024-05-28,5306.0400390625,12.920000076293945,7.443864102150437
2024-05-29,5266.9501953125,14.279999732971191,7.0190613100671335
2024-05-30,5235.47998046875,14.470000267028809,6.437300622934722
2024-05-31,5277.509765625,12.920000076293945,6.256745415978301
2024-06-03,5283.39990234375,13.109999656677246,6.332372826208056
2024-06-04,5291.33984375,13.15999984741211,6.421067327388487
2024-06-05,5354.02978515625,12.630000114440918,5.454286791979682
2024-06-06,5352.9599609375,12.579999923706055,5.418108653076812
2024-06-07,5346.990234375,12.220000267028809,5.9906632726578835
2024-06-10,5360.7900390625,12.739999771118164,7.153502100900696
2024-06-11,5375.31982421875,12.850000381469727,7.255696861729886
2024-06-12,5421.02978515625,12.039999961853027,6.883497740620159
2024-06-13,5433.740234375,11.9399995803833,7.061658434823766
2024-06-14,5431.60009765625,12.65999984741211,8.966588920268611
2024-06-17,5473.22998046875,12.75,9.20097925497908
2024-06-18,5487.02978515625,12.300000190734863,9.553625819281702
2024-06-20,5473.169921875,13.279999732971191,10.168975310180626
2024-06-21,5464.6201171875,13.199999809265137,10.168857910943476
2024-06-24,5447.8701171875,13.329999923706055,13.148751217192714
2024-06-25,5469.2998046875,12.84000015258789,13.16763495664635
2024-06-26,5477.89990234375,12.550000190734863,13.759729655701081
2024-06-27,5482.8701171875,12.239999771118164,13.758847226107745
2024-06-28,5460.47998046875,12.4399995803833,13.793823093106186
2024-07-01,5475.08984375,12.220000267028809,14.831843463131216
2024-07-02,5509.009765625,12.029999732971191,15.453053200159284
2024-07-03,5537.02001953125,12.09000015258789,16.50309322961685
2024-07-05,5567.18994140625,12.479999542236328,19.039536047660864
2024-07-08,5572.85009765625,12.369999885559082,19.57349051647034
2024-07-09,5576.97998046875,12.510000228881836,19.594126369068103
2024-07-10,5633.91015625,12.850000381469727,21.118373997329865
2024-07-11,5584.5400390625,12.920000076293945,21.14608581559349
2024-07-12,5615.35009765625,12.460000038146973,20.98290236600078
2024-07-15,5631.22021484375,13.119999885559082,21.943857705469576
2024-07-16,5667.2001953125,13.1899995803833,21.843265376311795
2024-07-17,5588.27001953125,14.479999542236328,22.202344375538274
2024-07-18,5544.58984375,15.930000305175781,22.046726632731968
2024-07-19,5505.0,16.520000457763672,22.120796339845093
2024-07-22,5564.41015625,14.90999984741211,21.844320186189297
2024-07-23,5555.740234375,14.720000267028809,21.874982058637897
2024-07-24,5427.1298828125,18.040000915527344,20.402673325223848
2024-07-25,5399.22021484375,18.459999084472656,20.554978603313064
2024-07-26,5459.10009765625,16.389999389648438,20.35913278708848
2024-07-29,5463.5400390625,16.600000381469727,20.358303486919144
2024-07-30,5436.43994140625,17.690000534057617,20.401575574599317
2024-07-31,5522.2998046875,16.360000610351562,19.726357624932007
2024-08-01,5446.68017578125,18.59000015258789,19.258508398227196
2024-08-02,5346.56005859375,23.389999389648438,19.65423037657462
2024-08-05,5186.330078125,38.56999969482422,15.917779404042307
2024-08-06,5240.02978515625,27.709999084472656,15.81338249946257
2024-08-07,5199.5,27.850000381469727,16.905046289560772
2024-08-08,5319.31005859375,23.790000915527344,15.545309397278038
2024-08-09,5344.16015625,20.3700008392334,15.54012694132558
2024-08-12,5344.39013671875,20.709999084472656,15.857640536831871
2024-08-13,5434.43017578125,18.1200008392334,15.069042777746303
2024-08-14,5455.2099609375,16.190000534057617,15.110832089770923
2024-08-15,5543.22021484375,15.229999542236328,14.156741833391862
2024-08-16,5554.25,14.800000190734863,14.150584557662633
2024-08-19,5608.25,14.649999618530273,13.810218026075821
2024-08-20,5597.1201171875,15.880000114440918,14.946726463664914
2024-08-21,5620.85009765625,16.270000457763672,14.930597707716364
2024-08-22,5570.64013671875,17.549999237060547,14.522316179544328
2024-08-23,5634.60986328125,15.859999656677246,14.056656697009394
2024-08-26,5616.83984375,16.149999618530273,14.017514013248519
2024-08-27,5625.7998046875,15.430000305175781,14.058384349037997
2024-08-28,5592.18017578125,17.110000610351562,13.855630502289081
2024-08-29,5591.9599609375,15.649999618530273,13.885295511660459
2024-08-30,5648.39990234375,15.0,13.995983884147902
2024-09-03,5528.93017578125,20.719999313354492,11.52319506253517
2024-09-04,5520.06982421875,21.31999969482422,11.525934874425314
2024-09-05,5503.41015625,19.899999618530273,11.674245982475382
2024-09-06,5408.419921875,22.3799991607666,10.262101680797354
2024-09-09,5471.0498046875,19.450000762939453,10.073009596167424
2024-09-10,5495.52001953125,19.079999923706055,10.18196561200202
2024-09-11,5554.1298828125,17.690000534057617,9.852167035428106
2024-09-12,5595.759765625,17.06999969482422,9.762164700356205
2024-09-13,5626.02001953125,16.559999465942383,9.898379121722984
2024-09-16,5633.08984375,17.139999389648438,10.440435169143315
2024-09-17,5634.580078125,17.610000610351562,10.48529696197799
2024-09-18,5618.259765625,18.229999542236328,10.375625147987533
2024-09-19,5713.64013671875,16.329999923706055,8.885312217206916
2024-09-20,5702.5498046875,16.149999618530273,8.880053715026285
2024-09-23,5718.56982421875,15.890000343322754,8.88027390666549
2024-09-24,5732.93017578125,15.390000343322754,9.550564779839418
2024-09-25,5722.259765625,15.40999984741211,9.524745043923318
2024-09-26,5745.3701171875,15.369999885559082,9.4531522458872
2024-09-27,5738.169921875,16.959999084472656,9.457665230675113
2024-09-30,5762.47998046875,16.729999542236328,9.377925264383146
2024-10-01,5708.75,19.260000228881836,8.784115434485198
2024-10-02,5709.5400390625,18.899999618530273,11.118990726041318
2024-10-03,5699.93994140625,20.489999771118164,11.19048249042224
2024-10-04,5751.06982421875,19.209999084472656,10.7731931057058
2024-10-07,5695.93994140625,22.639999389648438,11.045071330626618
2024-10-08,5751.1298828125,21.420000076293945,13.59095226322326
2024-10-09,5792.0400390625,20.860000610351562,13.607871824572431
2024-10-10,5780.0498046875,20.93000030517578,13.566534339872083
2024-10-11,5815.02978515625,20.459999084472656,13.477868905848966
2024-10-14,5859.85009765625,19.700000762939453,13.364633427564113
2024-10-15,5815.259765625,20.639999389648438,12.996796657384547
2024-10-16,5842.47021484375,19.579999923706055,13.184602279285482
2024-10-17,5841.47021484375,19.110000610351562,14.067907950291476
2024-10-18,5864.669921875,18.030000686645508,14.066133429918354
2024-10-21,5853.97998046875,18.3700008392334,14.101997608591265
2024-10-22,5851.2001953125,18.200000762939453,14.098675840469927
2024-10-23,5797.419921875,19.239999771118164,13.72497233373626
2024-10-24,5809.85986328125,19.079999923706055,13.743655588504874
2024-10-25,5808.1201171875,20.329999923706055,13.743344357619335
2024-10-28,5823.52001953125,19.799999237060547,13.817618685162564
2024-10-29,5832.919921875,19.34000015258789,13.94368580166447
2024-10-30,5813.669921875,20.350000381469727,13.911206327564438
2024-10-31,5705.4501953125,23.15999984741211,11.73337540213181
2024-11-01,5728.7998046875,21.8799991607666,11.749574281160424
2024-11-04,5712.68994140625,21.979999542236328,11.635245053147486
2024-11-05,5782.759765625,20.489999771118164,11.251805827553452
2024-11-06,5929.0400390625,16.270000457763672,7.683019165810746
2024-11-07,5973.10009765625,15.199999809265137,7.757044462743198
2024-11-08,5995.5400390625,14.9399995803833,7.765864382865005
2024-11-11,6001.35009765625,14.970000267028809,8.225169834646298
2024-11-12,5983.990234375,14.710000038146973,8.407584454409243
2024-11-13,5985.3798828125,14.020000457763672,8.409224931076524
2024-11-14,5949.169921875,14.3100004196167,8.124787029369386
2024-11-15,5870.6201171875,16.139999389648438,6.539115072638942
2024-11-18,5893.6201171875,15.579999923706055,12.615308951380216
2024-11-19,5916.97998046875,16.350000381469727,12.526701344830633
2024-11-20,5917.10986328125,17.15999984741211,13.116456689205943
2024-11-21,5948.7099609375,16.8700008392334,13.230017286172178
2024-11-22,5969.33984375,15.239999771118164,13.711192236307193
2024-11-25,5987.3701171875,14.600000381469727,13.685198869752666
2024-11-26,6021.6298828125,14.100000381469727,14.097650835306927
2024-11-27,5998.740234375,14.100000381469727,14.50885306358801
2024-11-29,6032.3798828125,13.510000228881836,14.36919939938953
2024-12-02,6047.14990234375,13.34000015258789,14.310666090611997
2024-12-03,6049.8798828125,13.300000190734863,15.098972613533675
2024-12-04,6086.490234375,13.449999809265137,15.07065032595378
2024-12-05,6075.10986328125,13.539999961853027,15.486111136626013
2024-12-06,6090.27001953125,12.770000457763672,15.460518193706053
2024-12-09,6052.85009765625,14.1899995803833,16.152061485502152
2024-12-10,6034.91015625,14.180000305175781,16.187644931904753
2024-12-11,6084.18994140625,13.579999923706055,15.835776572207063
2024-12-12,6051.25,13.920000076293945,17.223980582240827
2024-12-13,6051.08984375,13.8100004196167,17.227291659205708
2024-12-16,6074.080078125,14.6899995803833,17.566845976835
2024-12-17,6050.60986328125,15.869999885559082,17.812787828663165
2024-12-18,5872.16015625,27.6200008392334,14.191222263547033
2024-12-19,5867.080078125,24.09000015258789,14.211133801507147
2024-12-20,5930.85009765625,18.360000610351562,13.929415867002309
2024-12-23,5974.06982421875,16.780000686645508,14.803337985650932
2024-12-24,6040.0400390625,14.270000457763672,14.651583809158828
2024-12-26,6037.58984375,14.729999542236328,14.749382891004858
2024-12-27,5970.83984375,15.949999809265137,14.275642543725938
2024-12-30,5906.93994140625,17.399999618530273,13.823807988069897
2024-12-31,5881.6298828125,17.350000381469727,14.034058220355336
2025-01-02,5868.5498046875,17.93000030517578,14.148351613775063
2025-01-03,5942.47021484375,16.1299991607666,13.59583842267418
2025-01-06,5975.3798828125,16.040000915527344,13.531380347762736
2025-01-07,5909.02978515625,17.81999969482422,13.357042111010529
2025-01-08,5918.25,17.700000762939453,13.504775438168915
2025-01-10,5827.0400390625,19.540000915527344,12.073805383874207
2025-01-13,5836.22021484375,19.190000534057617,12.181414291672441
2025-01-14,5842.91015625,18.709999084472656,12.539824028662716
2025-01-15,5949.91015625,16.1200008392334,11.122754742577747
2025-01-16,5937.33984375,16.600000381469727,11.058281325401206
2025-01-17,5996.66015625,15.970000267028809,10.634512284546688
2025-01-21,6049.240234375,15.0600004196167,10.423705056133192
2025-01-22,6086.3701171875,15.100000381469727,11.880125125339532
2025-01-23,6118.7099609375,15.020000457763672,11.77275512806155
2025-01-24,6101.240234375,14.850000381469727,11.824884629468777
2025-01-27,6012.27978515625,17.899999618530273,10.753457817261811
2025-01-28,6067.7001953125,16.40999984741211,11.428631758911827
2025-01-29,6039.31005859375,16.559999465942383,12.844654172555057
2025-01-30,6071.169921875,15.84000015258789,13.93291287077395
2025-01-31,6040.52978515625,16.43000030517578,14.368246718855762
2025-02-03,5994.56982421875,18.6200008392334,14.916154847177701
2025-02-04,6037.8798828125,17.209999084472656,15.656723701520987
2025-02-05,6061.47998046875,15.770000457763672,15.747955985055984
2025-02-06,6083.56982421875,15.5,17.789582669348913
2025-02-07,6025.990234375,16.540000915527344,17.724713301258173
2025-02-10,6066.43994140625,15.8100004196167,17.600989265576004
2025-02-11,6068.5,16.020000457763672,17.872502615342466
2025-02-12,6051.97021484375,15.890000343322754,19.94582289075177
2025-02-13,6115.06982421875,15.100000381469727,19.646016484591193
2025-02-14,6114.6298828125,14.770000457763672,19.75370148751883
2025-02-18,6129.580078125,15.350000381469727,20.299614458074906
2025-02-19,6144.14990234375,15.270000457763672,20.189776971332446
2025-02-20,6117.52001953125,15.65999984741211,20.254223111554907
2025-02-21,6013.1298828125,18.209999084472656,20.88182047397774
2025-02-24,5983.25,18.979999542236328,20.886771372709788
2025-02-25,5955.25,19.43000030517578,21.12668712331095
2025-02-26,5956.06005859375,19.100000381469727,21.116851496516322
2025-02-27,5861.56982421875,21.1299991607666,21.48352057279465
2025-02-28,5954.5,19.6299991607666,20.677908388352325
2025-03-03,5849.72021484375,22.780000686645508,20.05460840352681
2025-03-04,5778.14990234375,23.510000228881836,19.879655902334555
2025-03-05,5842.6298828125,21.93000030517578,25.573211516088417
2025-03-06,5738.52001953125,24.8700008392334,32.22587961755864
2025-03-07,5770.2001953125,23.3700008392334,31.991084029918255
2025-03-10,5614.56005859375,27.860000610351562,31.274179030394954
2025-03-11,5572.06982421875,26.920000076293945,45.767761793747304
2025-03-12,5599.2998046875,24.229999542236328,47.20487724242351
2025-03-13,5521.52001953125,24.65999984741211,47.55416708362837
2025-03-14,5638.93994140625,21.770000457763672,46.9881096096523
2025-03-17,5675.1201171875,20.510000228881836,46.88918358167396
2025-03-18,5614.66015625,21.700000762939453,47.336912792915484
2025-03-19,5675.2900390625,19.899999618530273,47.105229229524475
2025-03-20,5662.89013671875,19.799999237060547,47.62897821030047
2025-03-21,5667.56005859375,19.280000686645508,48.67633751866524
2025-03-24,5767.56982421875,17.479999542236328,48.62534649365542
2025-03-25,5776.64990234375,17.149999618530273,49.27827462785056
2025-03-26,5712.2001953125,18.329999923706055,49.282554849999485
2025-03-27,5693.31005859375,18.690000534057617,49.28411938964755
2025-03-28,5580.93994140625,21.649999618530273,48.86874773674156
2025-03-31,5611.85009765625,22.280000686645508,48.829427326419136
2025-04-01,5633.06982421875,21.770000457763672,48.863881322289046
2025-04-02,5670.97021484375,21.510000228881836,49.082127290339386
2025-04-03,5396.52001953125,30.020000457763672,45.733277584988485
2025-04-04,5074.080078125,45.310001373291016,39.66920294046069
2025-04-07,5062.25,46.97999954223633,39.586214189996575
2025-04-08,4982.77001953125,52.33000183105469,38.84976634419002
2025-04-09,5456.89990234375,33.619998931884766,23.640549786281095
2025-04-10,5268.0498046875,40.720001220703125,21.801245297503115
2025-04-11,5363.35986328125,37.560001373291016,21.307419061862248
2025-04-14,5405.97021484375,30.889999389648438,21.29925784453275
2025-04-15,5396.6298828125,30.1200008392334,21.193514232583077
2025-04-16,5275.7001953125,32.63999938964844,18.77694710824624
2025-04-17,5282.7001953125,29.649999618530273,18.791090244680966
2025-04-21,5158.2001953125,33.81999969482422,15.871602217990203
2025-04-22,5287.759765625,30.56999969482422,16.345703393321976
2025-04-23,5375.85986328125,28.450000762939453,15.857635680055266
2025-04-24,5484.77001953125,26.469999313354492,15.129852417033144
2025-04-25,5525.2099609375,24.84000015258789,16.25005054223268
2025-04-28,5528.75,25.149999618530273,16.51936181833343
2025-04-29,5560.830078125,24.170000076293945,16.493039263240565
2025-04-30,5569.06005859375,24.700000762939453,16.519017706738
2025-05-01,5604.14013671875,24.600000381469727,16.479033935678835
2025-05-02,5686.669921875,22.68000030517578,15.952261186690638
2025-05-05,5650.3798828125,23.639999389648438,15.661298373168217
2025-05-06,5606.91015625,24.760000228881836,15.480434492518045
2025-05-07,5631.27978515625,23.549999237060547,15.689992183273338
2025-05-08,5663.93994140625,22.479999542236328,15.672638083261695
2025-05-09,5659.91015625,21.899999618530273,15.644772065729384
2025-05-12,5844.18994140625,18.389999389648438,11.668458758620124
2025-05-13,5886.5498046875,18.219999313354492,11.514003579801862
2025-05-14,5892.580078125,18.6200008392334,12.318112321010277
2025-05-15,5916.93017578125,17.829999923706055,12.631319197340263
2025-05-16,5958.3798828125,17.239999771118164,12.823512219381106
2025-05-19,5963.60009765625,18.139999389648438,12.822146289466897
2025-05-20,5940.4599609375,18.09000015258789,12.768149346732613
2025-05-21,5844.60986328125,20.8700008392334,11.652249567553987
2025-05-22,5842.009765625,20.280000686645508,12.090026068877133
2025-05-23,5802.81982421875,22.290000915527344,11.696306178435062
2025-05-27,5921.5400390625,18.959999084472656,9.971027799625118
2025-05-28,5888.5498046875,19.309999465942383,9.669055351628268
2025-05-29,5912.169921875,19.18000030517578,9.703443512787898
2025-05-30,5911.68994140625,18.56999969482422,9.742144205787156
2025-06-02,5935.93994140625,18.360000610351562,9.759900120286277
2025-06-03,5970.3701171875,17.690000534057617,9.91171645945524
2025-06-04,5970.81005859375,17.610000610351562,10.513564351024703
2025-06-05,5939.2998046875,18.479999542236328,10.228069932968085
2025-06-06,6000.35986328125,16.770000457763672,9.914258104199211
2025-06-09,6005.8798828125,17.15999984741211,9.908362849241131
2025-06-10,6038.81005859375,16.950000762939453,10.001329652301651
2025-06-11,6022.240234375,17.260000228881836,9.870653259838438
2025-06-12,6045.259765625,18.020000457763672,10.047634571436184
2025-06-13,5976.97021484375,20.81999969482422,8.89174108339531
2025-06-16,6033.10986328125,19.110000610351562,8.591705916010953
2025-06-17,5982.72021484375,21.600000381469727,7.763622512268956
2025-06-18,5980.8701171875,20.139999389648438,7.709881310931592
2025-06-20,5967.83984375,20.6200008392334,7.553692218258652
2025-06-23,6025.169921875,19.829999923706055,7.371610881036866
2025-06-24,6092.18017578125,17.479999542236328,6.711769288250524
2025-06-25,6092.16015625,16.760000228881836,6.6978415530126085
2025-06-26,6141.02001953125,16.59000015258789,6.396328862165062
2025-06-27,6173.06982421875,16.31999969482422,6.488285993612848
2025-06-30,6204.9501953125,16.729999542236328,6.413132381585224
2025-07-01,6198.009765625,16.829999923706055,6.590593037640573
2025-07-02,6227.419921875,16.639999389648438,8.740392913718093
2025-07-03,6279.35009765625,16.3799991607666,9.710983512448077
2025-07-07,6229.97998046875,17.790000915527344,9.438998705847485
2025-07-08,6225.52001953125,16.809999465942383,9.706951887741564
2025-07-09,6263.259765625,15.9399995803833,9.53851605225185
2025-07-10,6280.4599609375,15.779999732971191,9.83642772098062
2025-07-11,6259.75,16.399999618530273,9.798199008039509
2025-07-14,6268.56005859375,17.200000762939453,10.443836460112484
2025-07-15,6243.759765625,17.3799991607666,10.280524523221219
2025-07-16,6263.7001953125,17.15999984741211,10.275403934455971
2025-07-17,6297.35986328125,16.520000457763672,10.28620094285385
2025-07-18,6296.7900390625,16.40999984741211,10.28635634714968
2025-07-21,6305.60009765625,16.649999618530273,10.567952246118384
2025-07-22,6309.6201171875,16.5,10.627035719340796
2025-07-23,6358.91015625,15.369999885559082,10.412376056304163
2025-07-24,6363.35009765625,15.390000343322754,11.637663049795703
2025-07-25,6388.64013671875,14.930000305175781,11.702359690727627
2025-07-28,6389.77001953125,15.029999732971191,11.773605755093596
2025-07-29,6370.85986328125,15.979999542236328,11.71736549078646
2025-07-30,6362.89990234375,15.479999542236328,11.718634568827357
2025-07-31,6339.39013671875,16.719999313354492,11.893327461273808
2025-08-01,6238.009765625,20.3799991607666,10.59240871003238
2025-08-04,6329.93994140625,17.520000457763672,9.54776459041453
2025-08-05,6299.18994140625,17.850000381469727,9.638716962622414
2025-08-06,6345.06005859375,16.770000457763672,9.531636613073772
2025-08-07,6340.0,16.56999969482422,9.515159301335
2025-08-08,6389.4501953125,15.149999618530273,9.228245128859633
2025-08-11,6373.4501953125,16.25,9.167829102851423
2025-08-12,6445.759765625,14.729999542236328,8.820234290711369
2025-08-13,6466.580078125,14.489999771118164,8.797763142986897
2025-08-14,6468.5400390625,14.829999923706055,8.893849229069813
2025-08-15,6449.7998046875,15.09000015258789,8.820403166256197
2025-08-18,6449.14990234375,14.989999771118164,8.841005982654641
2025-08-19,6411.3701171875,15.569999694824219,8.546730414339683
2025-08-20,6395.77978515625,15.6899995803833,8.485597023593577
2025-08-21,6370.169921875,16.600000381469727,8.23647217125057
2025-08-22,6466.91015625,14.220000267028809,7.262898702594208
2025-08-25,6439.31982421875,14.789999961853027,7.138839148835029
2025-08-26,6465.93994140625,14.619999885559082,7.404655207726772
2025-08-27,6481.39990234375,14.850000381469727,7.583469483139398
2025-08-28,6501.85986328125,14.430000305175781,7.568547180222597
2025-08-29,6460.259765625,15.359999656677246,7.104847533969686
2025-09-02,6415.5400390625,17.170000076293945,6.3954355436658314
2025-09-03,6448.259765625,16.350000381469727,6.323397711936525
2025-09-04,6502.080078125,15.300000190734863,5.906703601299583
2025-09-05,6481.5,15.180000305175781,5.689566858464075
2025-09-08,6495.14990234375,15.109999656677246,6.018535883890077
2025-09-09,6512.60986328125,15.039999961853027,6.185786272812418
2025-09-10,6532.0400390625,15.350000381469727,6.356954496774901
2025-09-11,6587.47021484375,14.710000038146973,11.491649652688633
2025-09-12,6584.2900390625,14.760000228881836,12.716364923956402
2025-09-15,6615.27978515625,15.6899995803833,12.641236280793585
2025-09-16,6606.759765625,16.360000610351562,12.695584967773232
2025-09-17,6600.35009765625,15.720000267028809,12.904748915098477
2025-09-18,6631.9599609375,15.699999809265137,12.927183053940293
2025-09-19,6664.35986328125,15.449999809265137,13.33374535744043
2025-09-22,6693.75,16.100000381469727,13.258519111180068
2025-09-23,6656.919921875,16.639999389648438,13.249497369390689
2025-09-24,6637.97021484375,16.18000030517578,13.329216317539736
2025-09-25,6604.72021484375,16.739999771118164,13.378186182162533
2025-09-26,6643.7001953125,15.289999961853027,13.822160997148822
2025-09-29,6661.2099609375,16.1200008392334,13.819517610169967
2025-09-30,6688.4599609375,16.280000686645508,13.800564654885692
2025-10-01,6711.2001953125,16.290000915527344,14.324413996445209
2025-10-02,6715.35009765625,16.6299991607666,14.338221400566814
2025-10-03,6715.7900390625,16.649999618530273,14.337869796625865
2025-10-06,6740.27978515625,16.3700008392334,14.958521443061661
2025-10-07,6714.58984375,17.239999771118164,14.928050759541222
2025-10-08,6753.72021484375,16.299999237060547,15.337673188742501
2025-10-09,6735.10986328125,16.43000030517578,15.317552374761428
2025-10-10,6552.509765625,21.65999984741211,12.584711292688183
2025-10-13,6654.72021484375,19.030000686645508,11.592276223564134
2025-10-14,6644.31005859375,20.809999465942383,11.547480946392835
2025-10-15,6671.06005859375,20.639999389648438,13.094593950928376
2025-10-16,6629.06982421875,25.309999465942383,12.867892498668358
2025-10-17,6664.009765625,20.780000686645508,13.200346807040026
2025-10-20,6735.1298828125,18.229999542236328,12.917103967966714
2025-10-21,6735.35009765625,17.8700008392334,13.012456815900672
2025-10-22,6699.39990234375,18.600000381469727,13.941398716062894
2025-10-23,6738.43994140625,17.299999237060547,14.25512638311799
2025-10-24,6791.68994140625,16.3700008392334,15.052318782450802
2025-10-27,6875.16015625,15.789999961853027,14.746944131896534
2025-10-28,6890.89013671875,16.420000076293945,14.95127905565391
2025-10-29,6890.58984375,16.920000076293945,15.089677031343541
2025-10-30,6822.33984375,16.90999984741211,14.798985727017882
2025-10-31,6840.2001953125,17.440000534057617,14.79542905563721
2025-11-03,6851.97021484375,17.170000076293945,14.8210040550492
2025-11-04,6771.5498046875,19.0,14.188048433098984
2025-11-05,6796.2900390625,18.010000228881836,14.154045674877864
2025-11-06,6720.31982421875,19.5,13.585776805168273
2025-11-07,6728.7998046875,19.079999923706055,13.598515806042396
2025-11-10,6832.43017578125,17.600000381469727,12.745210301255353
2025-11-11,6846.60986328125,17.280000686645508,12.745277333026642
2025-11-12,6850.919921875,17.510000228881836,13.310865693491571
2025-11-13,6737.490234375,20.0,11.901049817695968
2025-11-14,6734.10986328125,19.829999923706055,11.939993785899192
2025-11-17,6672.41015625,22.3799991607666,12.217618896245805
2025-11-18,6617.31982421875,24.690000534057617,12.06164188611331
2025-11-19,6642.16015625,23.65999984741211,12.32291374652953
2025-11-20,6538.759765625,26.420000076293945,10.747995323613914
2025-11-21,6602.990234375,23.43000030517578,10.444828182535487
2025-11-24,6705.1201171875,20.520000457763672,9.29747383602511
2025-11-25,6765.8798828125,18.559999465942383,8.910898726152375
2025-11-26,6812.60986328125,17.190000534057617,8.792880207684968
2025-11-28,6849.08984375,16.350000381469727,8.647752069898305
2025-12-01,6812.6298828125,17.239999771118164,8.84358064234844
2025-12-02,6829.3701171875,16.59000015258789,8.827910231544333
2025-12-03,6849.72021484375,16.079999923706055,9.035075992602328
2025-12-04,6857.1201171875,15.779999732971191,9.25595443643212
2025-12-05,6870.39990234375,15.40999984741211,9.34580084263229
2025-12-08,6846.509765625,16.65999984741211,9.242664263087294
2025-12-09,6840.509765625,16.93000030517578,9.449817353469076
2025-12-10,6886.68017578125,15.770000457763672,9.212894410944655
2025-12-11,6901.0,14.850000381469727,9.23805952678432
2025-12-12,6827.41015625,15.739999771118164,8.585220248586255
2025-12-15,6816.509765625,16.5,8.567014183471693
2025-12-16,6800.259765625,16.479999542236328,8.504142354601663
2025-12-17,6721.43017578125,17.6200008392334,10.567001146361466
2025-12-18,6774.759765625,16.8700008392334,10.952335366218009
2025-12-19,6834.5,14.90999984741211,10.702154969609067
2025-12-22,6878.490234375,14.079999923706055,10.487073181276072
2025-12-23,6909.7900390625,14.0,10.51156386930642
2025-12-24,6932.0498046875,13.470000267028809,10.545898292528161
2025-12-26,6929.93994140625,13.600000381469727,10.544522490358549
2025-12-29,6905.740234375,14.199999809265137,10.471091524947498
2025-12-30,6896.240234375,14.329999923706055,10.583777372815016
2025-12-31,6845.5,14.949999809265137,10.337455756105257
2026-01-02,6858.47021484375,14.510000228881836,10.821024688086915
2026-01-05,6902.0498046875,14.899999618530273,10.75620606083509
2026-01-06,6944.81982421875,14.75,11.285194211194941
2026-01-07,6920.93017578125,15.380000114440918,13.285351293062106
2026-01-08,6921.4599609375,15.449999809265137,13.380651214276412
2026-01-09,6966.27978515625,14.489999771118164,13.241295677767976
2026-01-12,6977.27001953125,15.119999885559082,13.226285235229742
2026-01-13,6963.740234375,15.979999542236328,14.277609045777007
2026-01-14,6926.60009765625,16.75,14.191734744788173
2026-01-15,6944.47021484375,15.84000015258789,14.157846081381944
2026-01-16,6940.009765625,15.859999656677246,14.322569303670694
2026-01-20,6796.85986328125,20.09000015258789,12.300234971386024
2026-01-21,6875.6201171875,16.899999618530273,11.874186088305304
2026-01-22,6913.35009765625,15.640000343322754,12.262770202442235
2026-01-23,6915.60986328125,16.09000015258789,12.58277604540414
2026-01-26,6950.22998046875,16.149999618530273,12.788206984048948
2026-01-27,6978.60009765625,16.350000381469727,12.82541392909042
2026-01-28,6978.02978515625,16.350000381469727,12.893788486464853
2026-01-29,6969.009765625,16.8799991607666,12.896988513534572
2026-01-30,6939.02978515625,17.440000534057617,13.205699419475184
2026-02-02,6976.43994140625,16.34000015258789,13.3692853885813
2026-02-03,6917.81005859375,18.0,13.201221422952763
2026-02-04,6882.72021484375,18.639999389648438,13.851079170760283
2026-02-05,6798.39990234375,21.770000457763672,13.563083679328539
2026-02-06,6932.2998046875,20.3700008392334,11.562774787578734
2026-02-09,6964.81982421875,17.360000610351562,11.374848345287637
2026-02-10,6941.81005859375,17.790000915527344,12.362555574729766
2026-02-11,6941.47021484375,17.649999618530273,12.42607170208631
2026-02-12,6832.759765625,20.81999969482422,12.08086780389432
2026-02-13,6836.169921875,20.600000381469727,12.130350289406756
2026-02-17,6843.22021484375,20.290000915527344,12.892979566835756
2026-02-18,6881.31005859375,19.6200008392334,12.63543902293991
2026-02-19,6861.89013671875,20.229999542236328,13.452177658075515
2026-02-20,6909.509765625,19.09000015258789,13.928744093435883
2026-02-23,6837.75,21.010000228881836,13.626832445556936
2026-02-24,6890.06982421875,19.549999237060547,13.449980804238615
2026-02-25,6946.1298828125,17.93000030517578,13.924902380353455
2026-02-26,6908.85986328125,18.6299991607666,14.685458077992147
2026-02-27,6878.8798828125,19.860000610351562,14.68449131474343
2026-03-02,6881.6201171875,21.440000534057617,18.499094662973338
2026-03-03,6816.6298828125,23.56999969482422,18.605196054160007
2026-03-04,6869.5,21.149999618530273,18.32133269681428
2026-03-05,6830.7099609375,23.75,18.40212164176037
2026-03-06,6740.02001953125,29.489999771118164,17.903207563857663
2026-03-09,6795.990234375,25.5,19.77994810550217
2026-03-10,6781.47998046875,24.93000030517578,19.880113110103153
2026-03-11,6775.7998046875,24.229999542236328,19.882563566513138
2026-03-12,6672.6201171875,27.290000915527344,19.30849597032763
2026-03-13,6632.18994140625,27.190000534057617,19.4120139443856
2026-03-16,6699.3798828125,23.510000228881836,19.318699599203956
2026-03-17,6716.08984375,22.3700008392334,19.31892540050232
2026-03-18,6624.7001953125,25.09000015258789,18.68418872261527
2026-03-19,6606.490234375,24.059999465942383,18.668872542196752
2026-03-20,6506.47998046875,26.780000686645508,17.777136055138794
2026-03-23,6581.0,26.149999618530273,17.728292899558912
2026-03-24,6556.3701171875,26.950000762939453,17.750013939464754
2026-03-25,6591.89990234375,25.329999923706055,17.79972083110292
2026-03-26,6477.16015625,27.440000534057617,16.0390597675282
2026-03-27,6368.85009765625,31.049999237060547,14.454634194412167
2026-03-30,6343.72021484375,30.610000610351562,14.21420535652325
2026-03-31,6528.52001953125,25.25,11.633148099722442
2026-04-01,6575.31982421875,24.540000915527344,11.614285506127567
2026-04-02,6582.68994140625,23.8700008392334,11.940380881245307
2026-04-06,6611.830078125,24.170000076293945,12.013407724026223
2026-04-07,6616.85009765625,25.780000686645508,12.416308161137488
2026-04-08,6782.81005859375,21.040000915527344,10.512771401133678
2026-04-09,6824.66015625,19.489999771118164,10.60567548238861
2026-04-10,6816.89013671875,19.229999542236328,10.477657991823598
2026-04-13,6886.240234375,19.1200008392334,10.400209784068416
2026-04-14,6967.3798828125,18.360000610351562,10.002052131621614
2026-04-15,7022.9501953125,18.170000076293945,9.983463492727864
2026-04-16,7041.27978515625,17.940000534057617,11.35128090952157
2026-04-17,7126.06005859375,17.479999542236328,10.846788621415353
2026-04-20,7109.14013671875,18.8700008392334,11.156363460862515
2026-04-21,7064.009765625,19.5,11.188318011267038
2026-04-22,7137.89990234375,18.920000076293945,10.805662950238403
2026-04-23,7108.39990234375,19.309999465942383,10.582585575801309
2026-04-24,7165.080078125,18.709999084472656,10.478967952907915
2026-04-27,7173.91015625,18.020000457763672,10.499125264584347
2026-04-28,7138.7998046875,17.829999923706055,10.22950134992288
2026-04-29,7135.9501953125,18.809999465942383,10.168289445755915
2026-04-30,7209.009765625,16.889999389648438,9.814469126214222
2026-05-01,7230.1201171875,16.989999771118164,9.822186426474863
2026-05-04,7200.75,18.290000915527344,10.161897642560767
2026-05-05,7259.22021484375,17.3799991607666,9.965381819925957
2026-05-06,7365.1201171875,17.389999389648438,13.22361845273949
2026-05-07,7337.10986328125,17.079999923706055,13.178286669102896
2026-05-08,7398.93017578125,17.190000534057617,12.889487624217455
2026-05-11,7412.83984375,18.3799991607666,14.033910352585899
2026-05-12,7400.9599609375,17.989999771118164,15.394640287219946
2026-05-13,7444.25,17.8700008392334,15.357816851908296
2026-05-14,7501.240234375,17.260000228881836,16.18996618228369
2026-05-15,7408.5,18.43000030517578,15.680134526683473
2026-05-18,7403.0498046875,17.81999969482422,16.301250511532317
2026-05-19,7353.60986328125,18.059999465942383,16.505121145905814
2026-05-20,7432.97021484375,17.440000534057617,16.180708808210735
2026-05-21,7445.72021484375,16.760000228881836,16.94941143273403
2026-05-22,7473.47021484375,16.700000762939453,16.87946324818297
2026-05-26,7519.1201171875,17.010000228881836,16.699128404689404
2026-05-27,7520.35986328125,16.290000915527344,16.694821517665748
2026-05-28,7563.6298828125,15.739999771118164,17.12153498778932
2026-05-29,7580.06005859375,15.319999694824219,17.358752327526545
2026-06-01,7599.9599609375,16.049999237060547,17.328998019669207
2026-06-02,7609.77978515625,15.770000457763672,17.315730415803777
2026-06-03,7553.68017578125,16.059999465942383,17.353819417417508
2026-06-04,7584.31005859375,15.399999618530273,17.347881525036886
2026-06-05,7383.740234375,21.510000228881836,14.528023010244617
2026-06-08,7405.72998046875,18.920000076293945,14.739649109902755
2026-06-09,7386.64990234375,19.8700008392334,14.726319866971508
2026-06-10,7266.990234375,22.219999313354492,13.721532637130847
2026-06-11,7394.2998046875,19.440000534057617,12.50712481975294
2026-06-12,7431.4599609375,17.68000030517578,12.464835418563263
2026-06-15,7554.2900390625,16.200000762939453,11.264113881381876
2026-06-16,7511.35009765625,16.40999984741211,11.640551996352766
2026-06-17,7420.10009765625,18.440000534057617,10.835138153736338
2026-06-18,7500.580078125,16.399999618530273,10.610522922594457
2026-06-22,7472.7900390625,17.280000686645508,10.53642902316482
2026-06-23,7365.4599609375,19.489999771118164,10.156695732598761
2026-06-24,7358.22021484375,18.6299991607666,10.14650408729096
2026-06-25,7357.490234375,18.889999389648438,10.145461485820377
2026-06-26,7354.02001953125,18.40999984741211,10.158073806529204
2026-06-29,7440.43017578125,17.649999618530273,10.691693495678862
2026-06-30,7499.35986328125,16.450000762939453,11.913592020599795
2026-07-01,7483.22998046875,16.59000015258789,12.161097984398154
2026-07-02,7483.240234375,16.149999618530273,13.176085780241209
2026-07-06,7537.43017578125,15.569999694824219,14.28515823841757
2026-07-07,7503.85009765625,16.1299991607666,14.177089793061626
2026-07-08,7482.7099609375,16.899999618530273,14.142274461245208
2026-07-09,7543.64013671875,15.84000015258789,14.042139186334865
2026-07-10,7575.39013671875,15.029999732971191,14.016798250430455
2026-07-13,7515.33984375,17.15999984741211,13.723727113117675
2026-07-14,7543.58984375,16.5,13.704185393455258
2026-07-15,7572.39990234375,15.670000076293945,13.79793645808259
2026-07-16,7533.77001953125,16.729999542236328,13.644469337896926
2026-07-17,7457.68994140625,18.770000457763672,13.212480575853721
2026-07-20,7443.27978515625,18.649999618530273,13.49867790356141
2026-07-21,7509.2001953125,17.049999237060547,13.242041154651632
2026-07-22,7498.9599609375,16.639999389648438,13.661887540153641
2026-07-23,7408.2998046875,18.700000762939453,12.84610906816004
2026-07-24,7411.97998046875,18.579999923706055,12.935121385931343
2026-07-27,7413.18017578125,18.670000076293945,12.93744677154811
2026-07-28,7428.77978515625,18.209999084472656,12.952358862047165
2026-07-29,7316.14990234375,20.65999984741211,11.533008280870941
2026-07-30,7437.6298828125,17.09000015258789,10.48866270430182
2026-07-31,7489.72021484375,15.989999771118164,10.44553128965658
2026-08-03,7600.5,15.859999656677246,9.606671101225869
2026-08-04,7736.52001953125,16.5,7.40989790574475
2026-08-05,7723.5498046875,15.8100004196167,8.3031993320254
2026-08-06,7709.9599609375,15.149999618530273,8.389800589235376
2026-08-07,7757.64013671875,14.899999618530273,8.319679204916513
2026-08-10,7753.10986328125,15.460000038146973,8.454300371671314
2026-08-11,7728.2001953125,15.279999732971191,8.601229141568274
2026-08-12,7748.5,14.550000190734863,9.132873951989525
2026-08-13,7798.990234375,14.630000114440918,8.86918028360273
2026-08-14,7785.759765625,14.25,8.94576660846116
2026-08-17,7745.06005859375,15.1899995803833,8.90673733773731
2026-08-18,7691.759765625,15.84000015258789,9.643229012360823
2026-08-19,7707.97998046875,14.890000343322754,9.630388392189717
2026-08-20,7641.16015625,16.010000228881836,10.471265206802496
2026-08-21,7674.3701171875,15.130000114440918,10.392330876010293
2026-08-24,7652.85986328125,15.850000381469727,10.713287449694022
2026-08-25,7677.27978515625,15.449999809265137,10.663855212055992
2026-08-26,7675.7001953125,15.210000038146973,10.7972974827877
2026-08-27,7730.990234375,14.510000228881836,10.857270087078486
2026-08-28,7711.759765625,14.430000305175781,10.840106077821991
2026-08-31,7686.14013671875,14.920000076293945,10.814802865431348
2026-09-01,7631.47021484375,16.34000015258789,10.536314664218024
2026-09-02,7666.60009765625,15.199999809265137,10.719185112359677
2026-09-03,7747.7099609375,14.319999694824219,10.300136116556551
2026-09-04,7718.60009765625,14.529999732971191,
2026-09-08,7673.52001953125,15.720000267028809,
2026-09-09,7636.35986328125,16.459999084472656,
2026-09-10,7591.7001953125,17.84000015258789,
2026-09-11,7656.97998046875,15.84000015258789,
2026-09-14,7619.97998046875,17.100000381469727,
2026-09-15,7585.72998046875,17.200000762939453,
2026-09-16,7551.81005859375,17.709999084472656,
2026-09-17,7637.759765625,15.4399995803833,
2026-09-18,7650.5,14.8100004196167,
2026-09-21,7764.7001953125,14.869999885559082,
2026-09-22,7764.64013671875,14.210000038146973,
2026-09-23,7706.02978515625,15.180000305175781,
2026-09-24,7704.1298828125,15.670000076293945,
2026-09-25,7743.41015625,14.869999885559082,
2026-09-28,7683.68994140625,16.06999969482422,
2026-09-29,7670.83984375,16.040000915527344,
2026-09-30,7651.5400390625,16.34000015258789,
2026-10-01,7666.4501953125,16.389999389648438,
2026-10-02,7722.72021484375,15.3100004196167,
2026-10-05,7770.93994140625,15.489999771118164,
